text,label,islenmis_text
allahım çıldıracağım yemin ederim çıldıracağım sinirimden yerden çıkaramıyorum cam çerçeve indireceğim varsa ,kizgin,allah çıldır yem ed çıldır sinir yer çıkar cam çerçeve indir var
site çalıştıda ürün stokları bitti diyor mal mısınız oğlum kandırıyorsunuz ,kizgin,sit çalıştıda ürün stok bit di mal mı oğl kandır
sebebi neydi bağıracağım kaldı ,kizgin,sebeb ne bağır kal
black friday amk çıkardınız bokuda mal mısınız nesiniz ,kizgin,black friday amk çıkar bokuda mal mı ne
kısa kısa cevaplar vericeksen yazıyorsun gerizekalı ,kizgin,kısa kısa cevapla vericeksen yaz gerizekalı
cinnet geçiriyorum iyice çıldırttılar ,kizgin,cinnet geçir iyi çıldır
allahım etraf beyinsiz kaynıyor çıldıracağım ,kizgin,allah etraf beyinsiz kayn çıldır
bok geçti sınavım çıldıracağım ,kizgin,bok geç sınav çıldır
allah kahretsin öfkeliyim diyecek söz bulamıyorum ,kizgin,allah kahret öfke di söz bul
gerçek gerizekalı deli kitle altına sıçmalı bokuyla oynamalı ,kizgin,gerçek gerizekalı deli kitle alt sıç bok oyna
allah belamı versin günün saati keyfim yerindeyse geri kalan saat sinir küpü oluyorum ,kizgin,allah bela ver gü saat keyf yerinde geri kal saat sinir küp ol
gün yaptığım stres sonucu olmamış davranan ailem tavırları delirtecek ,kizgin,gün yap stres sonuc ol davran aile tavır delir
erkekleri anlayamıyorum çıldıracağım ,kizgin,erkek anla çıldır
annemden babamdan nefret ediyorum ,kizgin,anne baba nefret ed
tek kelimeyle herşeyin düzeleceğini sanan aptallar nefret ediyorum ,kizgin,tek kelime herşey düzel san aptal nefret ed
kitaba tl verdiğim gerizekalı diyen kişilerin ruja tl vermesi kaçıncı level ,kizgin,kitab tl ver gerizekalı di kişi ruj tl ver kaçıncı level
lan olum lan gerizekalısınız lan sinirlendim ,kizgin,lan o lan gerizekalı lan sinirlen
lan çikolatalı sütüm bak sinirlendim ,kizgin,lan çikolata süt bak sinirlen
zerre umursamayan insanlar deli üzülüyorsunuz mal mısınız ,kizgin,zerr umursa insan deli üzül mal mı
kendimi karşıma alıp konuşmak istiyorum bak gerizekalı iş olmaz ,kizgin,kendi karşı al konuş ist bak gerizekalı iş olmaz
yarın uyumadığım dakika kendime küfür edeceğim ,kizgin,yarın uyu dakika kendi küfür ed
takip atıyorum gt atmıyorsunuz sövüyorum ,kizgin,takip at gt at söv
allah belanı versin tudor cehennemde yan nerden geldin başımıza kardeşim ,kizgin,allah bela ver tudor cehennem yan ner gel baş kardeş
lan padişah bağırıyor gerizekalılar ,kizgin,lan padişah bağır gerizekalı
susmasam sesimde delireceğim ,kizgin,sus ses delir
admin bey acayip sövüyorlar bilmediğim küfürler öğrendim ,kizgin,admin bey acayip söv bil küfür öğren
türkiye küfürler inliyor an şerefsizler hain sürüsü ,kizgin,türki küfür inl an şeref hain sürü
hayat cinnet geçir ısrarla olay çıkartıyor karşıma ,kizgin,hayat cinnet geçir ısrar olay çıkart karşı
tbmm kürsüsünden sert sözler demirören ekibi türk futbolundan defolup gitsin ,kizgin,tbmm kürsü sert söz demirören ekib türk futbol defol git
sosyal medya dedikoduları baymaya başladı ağız dolusu küfür edeceğim yeter ,kizgin,sosyal medya dedikodu bay başla ağız dolusu küfür ed yeter
soruyorum mal mısınız amk ,kizgin,sor mal mı amk
terörden beslenen övünen geçinen destek veren destek yanında duran göz yuman varsa allah belasını versin ,kizgin,terör beslenen övün geçin destek ver destek yanında dur göz yum var allah bela ver
tl yiyin devletin malı yiyin yemeyen keriz anlayamıyorum insanlar sinirden öldürücek ,kizgin,tl yi devlet mal yi ye keriz anla insan sinir öldürücek
kızlar salak mısınız gidin okuyun mal evleniyorsunuz ,kizgin,kız salak mı gid oku mal evlen
allah kimseyi gerizekalı insanlarla sınamasın ,kizgin,allah kimse gerizekalı insan sın
birşeye sinirlendim lan ,kizgin,birşey sinirlen lan
öğrencilerime test çözdürürken hata yaptıklarında aynur hocam deliriyorum ,kizgin,öğrenci test çöz hata yap aynur hoca delir
nefretimiz elektriğe dönüştürülebilseydi dünyayı aydınlatmaya yeterdi ,kizgin,nefret elektriğ dönüş dünya aydınlat yet
bomboş saçma bugün öfkeliyim ,kizgin,bomboş saçma bugün öfke
bayern madrid çıkamazmış davranıyor delireceğim ,kizgin,bayern madrid çık davran delir
insanlar doğarken sonradan gerizekalı bilemiyorum iyice araştırmak lazım ,kizgin,insan doğ sonradan gerizekalı bil iyi araştır lazım
fake değilim bas bas bağıracağım ,kizgin,fake değil bas bas bağır
derse gidemedim delireceğim ,kizgin,der gid delir
yaşadığım sürece negredoya küfür edeceğim ,kizgin,yaşa süre negredo küfür ed
susarak asil illa küfür edeceğim ,kizgin,sus asil illa küfür ed
konserden hepinize küfür edeceğim nefret yorumları yapanlar şuan jong dinlemem lazım ,kizgin,konser hep küfür ed nefret yorum yap şua jong dinle lazım
hay sikeyim yorumcuyu para veriyorlar sinir oluyorum lan ,kizgin,hay sik yorum par ver sinir ol lan
ıslıklayanları küfür edenleri görevliler yaka paça dışarı atsın ,kizgin,ıslıkla küfür ed görev yak paça dışarı at
hocam insan bilmese haddini bilmelidir bilmeyenler sinirlendiriyor ,kizgin,hoca insan bil hadd bil bil sinirlen
okula makyaj yapıp geliyosunuz kardeşim mal mısınız ,kizgin,okul makyaj yap geliyosunuz kardeş mal mı
birisinden nefret ediyorum ,kizgin,biri nefret ed
eğitim sistemi cidden berbat saçma sapan gerizekalı sistem ,kizgin,eğitim sistem cidden berbat saçma sap gerizekalı sistem
bağıracağım olsan bari ,kizgin,bağır ol bari
tespihimi kaybettim bulamıyorum saattir delireceğim ,kizgin,tespih kaybet bul saat delir
saattir uyumaya çalışıyorum tık yok imdat bağıracağım ,kizgin,saat uyu çalış tık yok imdat bağır
lan kadın jungkooka yürümemiş koşmuş uçmuş bak sinirlendim ,kizgin,lan kadın jungkooka yürü koş uç bak sinirlen
özelden arıyorsunuz konuşmuyorsunuz amk mal mısınız ,kizgin,özel ar konuş amk mal mı
uykumu getirsin küfür edeceğim ,kizgin,uyku getir küfür ed
gerizekalının tekisin anlatsam anlayamazsın ,kizgin,gerizekalı tek anlat anla
insanlara kuş beyinli dediğim kuşlara hakaret ettiğimi düşünüyorum ,kizgin,insan kuş beyin de kuş hakaret et düşün
allahım yediğimiz gole bak çıldıracağım yeter ,kizgin,allah ye gol bak çıldır yeter
kadına şiddet zavallılık cahilliktir gerizekalılar ,kizgin,kadı şiddet zavallı cahil gerizekalı
kendimi karşıma alıp konuşmak istiyorum bak gerizekalı iş olmaz ,kizgin,kendi karşı al konuş ist bak gerizekalı iş olmaz
oğuzhan ağır küfür edeceğim kaldı ,kizgin,oğuzhan ağır küfür ed kal
mutsuz korkağım kendime kızıyorum ,kizgin,mutsuz korkağ kendi kız
kuzenime ödev yaptırıyorum birazdan çıldıracağım sanırım ,kizgin,kuzen ödev yap birazdan çıldır san
koysana tolgayı yeter çıldıracağım kafayı yiyorum ,kizgin,koy tolga yeter çıldır kafa yi
insanın yaşam enerjisini anda alıp götüren sinir ediyor ,kizgin,insa yaşam enerji an al götür sinir ed
kendimden nefret etmek sebep buldum üzgün olduğumda yapacağım belli olmuyor ,kizgin,kendi nefret et sebep bul üzgün ol yap belli ol
anlasın yeter çıldıracağım ,kizgin,anla yeter çıldır
yeter karadenizliyle evlendirip dağlara salın çıldıracağım yeter ,kizgin,yeter karadeniz evlen dağ sal çıldır yeter
durduk yere gözüm kanlandı çıldıracağım nazar değdirmeyin yeter ,kizgin,dur yer göz kanlan çıldır nazar değdir yeter
büyük küfür edeceğim zor tutuyorum kendimi ,kizgin,büyük küfür ed zor tut kendi
saat su yok çıldıracağım ,kizgin,saat su yok çıldır
gizem yokken yapasım gelmiyor çıldıracağım ,kizgin,gizem yok yap gel çıldır
telefonumun ekranı tuzla buz oldu anlık kalp krizleri sinir krizlerini atlattım onlaynım ,kizgin,telefon ekran tuzla buz ol anlık kalp kriz sinir kriz atlat onlaynım
bak küfür edeceğim kaldı mal beyinliler ,kizgin,bak küfür ed kal mal beyin
haksızlığı yapanların cehennemde yanacağına şüphem yok ,kizgin,hak yap cehennem yan şüphe yok
vurun ölmedim bağıracağım ,kizgin,vur öl bağır
abi yavaş tutkusuzuz çıldıracağım ,kizgin,abi yavaş tutku çıldır
çantamda esneyen terliğimle dışarı çıkıp doğru durmayan varsa ağzına ağzına vurmak istiyorum ,kizgin,çanta esne terliğ dışarı çık doğru dur var ağz ağz vur ist
hoca bitir özeti bitir fazla bekleyemiyorum çıldıracağım ,kizgin,ho bitir özet bitir fazla bekle çıldır
iddaa lira kaybedip yattı sövenlere sövüyorum ,kizgin,iddaa lira kaybed yat söven söv
gezme kelimesini alışveriş algılayan kızlara hayli sövüyorum ,kizgin,gez kelime alışveriş algıla kız hayli söv
yağmasın saçımın fönü bozuluyor diyenlerin cidden ağzına vurmak istiyorum ,kizgin,yağ saç fön bozul di cidden ağz vur ist
trabzona yenildik düşündükçe sövüyorum sövdükçe sövüyorum yok arkadaş ,kizgin,trabzon ye düşün söv söv söv yok arkadaş
ülke gerizekalı dolu hal olunca zekasızlar buluyor isyanda edemez olduk ,kizgin,ülke gerizekalı dolu hal ol zeka bul isyan ed ol
gerizekalı insan sitede kötü atlara binip defolup gitse keşke ,kizgin,gerizekalı insan site kötü at bin defol git keşke
mal insanlar dünyada ,kizgin,mal insan dünyada
kış mevsimi sevenleri kınıyorum içerliyorum kış mevsimi sevenlere sövüyorum ,kizgin,kış mevsim seven kın içerl kış mevsim seven söv
kıza soru atıyorum yapamadım diyorki attın indiricem kızım mal ,kizgin,kız soru at yap diyorki at indiricem kız mal
çaresizliğin anasına bacısına sövüyorum bok kafalı çaresizlik ,kizgin,çare ana bacı söv bok kafa çare
kendimi karşıma alıp konuşmak istiyorum bak gerizekalı iş olmaz ,kizgin,kendi karşı al konuş ist bak gerizekalı iş olmaz
gerizekalı prim anlamayacağımızı sanıyor ,kizgin,gerizekalı prim anla san
annemden boşuna yemek yapmayı öğrendim gerizekalı ,kizgin,anne boşuna yemek yap öğren gerizekalı
sinirden delireceğim ,kizgin,sinir delir
devamsızlığımı girersin amk mal ,kizgin,devam gir amk mal
,kizgin,nan
mal lan sinirimi bozuyorsun ,kizgin,mal lan sinir boz
gün gerizekalı edebiyat ödevi uğraştığıma inanamıyorum nefret ediyorum dersten nefret ,kizgin,gün gerizekalı edebiyat ödev uğraş inan nefret ed ders nefret
ıslatan araba sahibine sövüyorum ,kizgin,ısla araba sahib söv
elektrikler yok delireceğim şarjım olmuş ,kizgin,elektrikle yok delir şarj ol
bok olduğunda gelip hemen burdan laf sokacağınıza git doğru düzgün söyle mal ,kizgin,bok ol gel hemen bur laf sok git doğru düzgün söyle mal
telefonumun mikrofonu bozuldu delireceğim kulaklık girişi bozuk ,kizgin,telefon mikrofon bozul delir kulak giriş bozuk
tweetine adını yazmayan gerizekalı gelsin alsın ,kizgin,tweet ad yaz gerizekalı gel al
beyin hücresini taneyle verdiler lan olmaz lan nefret ediyorum ,kizgin,bey hücre tane ver lan olmaz lan nefret ed
görgüsüz insanları duvardan duvara vurmak istiyorum nefret olamaz ,kizgin,görgü insan duvar duvar vur ist nefret olamaz
lan yıldan fazla oldu gün konuştuk gidiyorsun lan delireceğim taktik verseydin giderken ,kizgin,lan yıl fazla ol gün konuş gid lan delir taktik ver gid
nefretimiz elektriğe dönüştürülebilseydi dünyayı aydınlatmaya yeterdi ,kizgin,nefret elektriğ dönüş dünya aydınlat yet
sütyenim sıkıyor kafayı yiyeceğim ,kizgin,sütyen sık kafa yi
kalktığımdan arıyorum yok kafayı yiyeceğim heryeri alt üst ettim prize bakmamışım meğer ,kizgin,kalk ar yok kafa yi heryer alt üst et priz bak meğer
evde çocuk kafayı yiyeceğim kafalarını duvara vuruyolar ,kizgin,ev çocuk kafa yi kafa duvar vuruyolar
bankanın müşteri temsilcisinin allah belasını versin kudurdum sinirden bak ,kizgin,banka müşteri temsilci allah bela ver kudur sinir bak
aynen kudurdum sinirden yazmam aramam sormam basıp git hadi ,kizgin,aynen kudur sinir yaz ara sor bas git hadi
elektrikler gitti sıçıcam işe resmen izlemiyim amk kudurdum sinirden ,kizgin,elektrikle git sıçıcam işe resmen izlem amk kudur sinir
burda bi küfür edeceğim kişi takipten çıkacak doluyum ,kizgin,bur bi küfür ed kişi takip çık dolu
aşırı agresifim gelmeyin üstüme dedikce geliyorsunuz manyak mısınız ,kizgin,aşırı agresif gel üst dedikce gel manyak mı
radyo dinlerken sinir küpü oldum ,kizgin,radyo dinle sinir küp ol
saçlarımızla sinirlerimizle oynadığınız ortalarda sinir küpü geziyoruz ,kizgin,saç sinir oyna orta sinir küp gez
yemekteyiz inci patlıcanı kesemiyorsun yalandan sinir oldum ,kizgin,ye inci patlıcan kes yalandan sinir ol
atom sokaklarda pervasızca bağırmak istiyorum anda ,kizgin,atom sokak perva bağır ist an
öfkeliyim yaptıklarına yapamadıklarına diyorum bitti blanık fotoğrafını silemiyorum ,kizgin,öfke yap yap di bit blanık fotoğraf sil
hadiseye karşi öfkem nedeni olmadan öfkelendiğim tek insan emin değilim öfkeliyim ,kizgin,hadise karşi öfke neden ol öfkelen tek insan emin değil öfke
an içimden bağırmak geldi yeminle ,kizgin,an iç bağır gel yem
ödemesini yapmayan müşterileri arayıp where is my money bağırmak istiyorum ,kizgin,öde yap müşteri ara where is my money bağır ist
soğukta sümerparkta oturan çiftler gerizekalı yemin ederim ,kizgin,soğuk sümerpark otur çiftle gerizekalı yem ed
eşinin yanında bakıyorsun hadsiz bağırmak istemek ,kizgin,eşin yanında bak had bağır iste
meclise bak esenler arka mahallesi yöneten kitleye bak yumruklar küfürler kavgalar yazıklar hepinize ,kizgin,meclis bak esenle arka mahalle yönet kitle bak yumrukla küfür kavga yazık hep
iptal edin ligleri birlik bağıran ağızlardan beddualar küfürler çocuğundan çıksın liginiz batsın ,kizgin,iptal ed lig birlik bağır ağız beddua küfür çocuğ çık lig bat
satır satır orul orul küfürler yazmak istiyorum an buraya ,kizgin,satır satır orul orul küfür yaz ist an bura
kavgalar gürültüler sinir krizleri geçirilen nöbetler kırılan eşyalar küfürler hakaretler saymakla bitmez ,kizgin,kavga gürültü sinir kriz geçir nöbet kır eşya küfür hakaret say bit
aklıma geldiğinde küfürler ettiklerim napıyolar yaşıyorlar ,kizgin,akl gel küfür et napıyolar yaş
ziraat bankası nefret ediyorum eminim şekerbank güzel bankadır ,kizgin,ziraat banka nefret ed emin şekerbank güzel bank
kızdığımı açıklamaya çalışırken sinirleniyorum ,kizgin,kız açıkla çalış sinirlen
sırf inat egonuz yüzünden küfürler ,kizgin,sırf inat ego yüzünden küfür
beyin bedava iken gerizekalı ciddi yetenek işidir ,kizgin,bey bedava iken gerizekalı ciddi yetenek iş
güzel küfürler biliyorum kadına yakışmıyor diyorlar ,kizgin,güzel küfür bil kadı yakış di
aniden kötü hislerin bastırmasından nefret ederim ,kizgin,aniden kötü his bastır nefret ed
soruyorum adımı çaldın gerizekalı ,kizgin,sor ad çal gerizekalı
sinirliyken yaratıcı küfürler edebiliyorum müthiş olay ,kizgin,sinirli yarat küfür ed müthiş olay
yumurtanın sperme gittiği görülmüş gerizekalı yazıcam ,kizgin,yumurta sperm git gör gerizekalı yazıcam
özür dilenince sinirleniyorum değiştirmiyor anlasanıza özür dilenecek yapmayın basiti ,kizgin,özür dilen sinirlen değiş anla özür dilen yap basit
yeter bağıracağım ,kizgin,yeter bağır
abi mor montum çıldıracağım ,kizgin,abi mor mont çıldır
saçma sapan ağa dizileri mafya dizileri uyduruk polisiyeleri alın turşusunu kurun dizimizi harcadınız ,kizgin,saçma sap ağa dizi mafya dizi uyduruk polisiye al turşu kur diz harca
dünya üzerinde nefes sinir oluyorum an hayvanlar hariç ,kizgin,dünya üzerinde nefes sinir ol an hayvan hariç
kendime konuşurken başkası araya girince sinirleniyorum ,kizgin,kendi konuş başka ara gir sinirlen
lütfen hayatımda herşey net belirsizlikten nefret ediyorum düşünmekten kafayı yiyeceğim ,kizgin,lütfen hayat herşey net belirsiz nefret ed düşün kafa yi
yemek yedikten kürdanı ağzına atıp saatlerce kürdanla gezen tiplerden nefret ediyorum ,kizgin,yemek ye kürdan ağz at saatlerce kürdan gez tip nefret ed
abi ısınamıyorum uyuyamıyorum camı açıp bağıracağım ,kizgin,abi ısın uyu cam aç bağır
saçma sapan şeylerle oyalanıyoruz gerçek ,kizgin,saçma sap şey oyala gerçek
annelerin yemek yeme düzensizliğine bağlamalarına sinir oluyorum ,kizgin,anne yemek ye düzen bağlama sinir ol
matematikte mutlak değer konusu zor malım çıldıracağım ,kizgin,matematik mutlak değ konu zor mal çıldır
buraya atılan videonun bozuk olmaması gerekiyor bilen söyleyebilir kafayı yiyeceğim ,kizgin,bura atıl video bozuk ol gerek bil söyle kafa yi
attığım mesaja geç cevap veren insanlardan nefret ediyorum ,kizgin,at mesaj geç cevap ver insan nefret ed
kızdığımı açıklamaya çalışırken sinirleniyorum ,kizgin,kız açıkla çalış sinirlen
benimle yorum yapan saçma sapan insanlara hayatımı açıp baksana neresindesin göstermek istiyorum ,kizgin,ben yorum yap saçma sap insan hayat aç bak nere göster ist
kısa cevap vermeyin sinir oluyorum ,kizgin,kısa cevap ver sinir ol
samimi olmadığım yapıyorsun dediğinde istemsiz sinirleniyorum sanane lan yapıyorum ,kizgin,samimi ol yap de istem sinirlen sanane lan yap
banko şampiyon olacağımız turnuvada sakatlık yedeğimiz yok diskalifiye olduk sinirden kafayı yiyeceğim ,kizgin,banko şampiyon ol turnuva sakat yedeğ yok diskalifiye ol sinir kafa yi
uzun süredir mesaj atmıyorsun çocuk sinirleniyorum ,kizgin,uzun süre mesaj at çocuk sinirlen
odadaki yeni kız sinir ediyor an uyuyor sinir oluyorum ,kizgin,oda yeni kız sinir ed an uy sinir ol
askerliğimi tür tecil ettiremedim kafayı yiyeceğim sonunda gidicem askere ,kizgin,asker tür tecil et kafa yi sonunda gidi asker
okuldan ciddi anlamda nefret ediyorum eskiden arkadaş azından derdim yok ,kizgin,okul ciddi anlam nefret ed eskiden arkadaş az der yok
kendime sinir oluyorum aralar olmaması gereken gereken gidiyorum yapıyorum aptalım ,kizgin,kendi sinir ol arala ol gerek gerek gid yap aptal
nefret ettiğim kişi sayısının fazlalığı korkutmaya başladı resmen sinirlenip sinir oluyorum ,kizgin,nefret et kişi sayı fazla korkut başla resmen sinirlen sinir ol
sevgililerin birbirine şifre verme olayına sinir oluyorum güvenmiyorsun sevgili sıfatın ,kizgin,sevgili birbiri şifre ver olay sinir ol güven sevgili sıfat
bölümü şurdan kesseydi kanal keşke vallahi sinir oluyorum daralıyorum ,kizgin,bölü şur kes kanal keşke vallahi sinir ol daral
söyleyeceğim diyip saat yazanlara sinir oluyorum ,kizgin,söyle di saat yaz sinir ol
oy vurun vurun çektiğim zulüm bağıracağım ,kizgin,oy vur vur çek zulüm bağır
sevdiğim insanlar yanımda sinir oluyorum ,kizgin,sev insan yan sinir ol
sabaha küfür edeceğim okumak istemeyen takipten çıksın ,kizgin,sabaha küfür ed oku iste takip çık
verdiğim değere karşılık alamayınca nankörlük edilince sinir oluyorum ,kizgin,ver değer karşılık al nankör ed sinir ol
handeyi bi salın gerçekten feci sinirleniyorum küfür edeceğim etmiyorum sınamayın ,kizgin,hande bi sal gerçekten feci sinirlen küfür ed et sın
bilim konuşulurken işin içine din sokmalarına sinir oluyorum ,kizgin,bili konuş iş iç din sok sinir ol
yolda yavaş yürüyen insanlara sinir oluyorum özellikle yolun ortasındalarsa ,kizgin,yol yavaş yürü insan sinir ol özellikle yol ortasındalarsa
kardeşim kumandayı saklamış çarşıya gitmişler saattir çizgi filme bakıyoruz kafayı yiyeceğim ,kizgin,kardeş kumanda sakla çarşı git saat çizgi film bak kafa yi
birine sinirlenip tartışırken gözlerim dolup yüzüm kızarıyor tarafa güçsüz göründüğümü düşünüp tekrar sinirleniyorum ,kizgin,biri sinirlen tartış gözle dol yüz kızar taraf güç görün düşün tekrar sinirlen
sürekli şeyleri sorguluyorum kafayı yiyeceğim ,kizgin,sürekli şey sorgul kafa yi
sinirleniyorum neye sinirlendiğimi bilmiyorum karadenizli gerçekten zor ,kizgin,sinirlen ne sinirlen bil karadeniz gerçekten zor
sinirlendim kar yağacak yağda oynayak lan ,kizgin,sinirlen kar yağ yağ oynayak lan
dışarda tanımadığınız insanlarla senli benli konuşmayın kafayı yiyeceğim ayılıklar görmek istemiyorum ,kizgin,dışar tanı insan sen ben konuş kafa yi ayı gör iste
kinci değilim düşene vuranlara düşürüp vurmak istiyorum ,kizgin,kinci değil düş vur düşür vur ist
yanımda oturan kadın konuşuyor yemin ederim kafayı yiyeceğim ,kizgin,yan otur kadın konuş yem ed kafa yi
cidden evde kalmak iyi gelmiyor okulda yoktan sinirimi nefretimi atabiliyorum evde iyice kafayı yiyeceğim ,kizgin,cidden ev kal iyi gel okul yok sinir nefret at ev iyi kafa yi
ayında sivrisinek kafayı yiyeceğim ,kizgin,ay sivrisinek kafa yi
uzun zamandır sinirli anımı yaşıyorum sinirliyim kafayı yiyeceğim an ,kizgin,uzun zaman sinirli an yaş sinirli kafa yi an
gece birilerine salça olmazsam kafayı yiyeceğim habersiz gidenler sinirimi bozuyor ,kizgin,gece biri salça ol kafa yi haber gid sinir boz
seven kalbim an nefret ediyor ,kizgin,sev kalb an nefret ed
güvenmiyor nefret ediyor yeryüzündeki hastalıksın ,kizgin,güven nefret ed yeryüzü hastalık
bence maskelerini çıkartsın birbirinden nefret ediyor soyunun ,kizgin,bence maske çıkart birbiri nefret ed soyun
karakter varya herkeste sanırım dolaylı anlatımlardan nefret ediyor kale almıyorum ,kizgin,karakter vary herkes san dolay anlatım nefret ed kale al
birbirlerinden nefret ediyor birbirleriyle samimi ,kizgin,birbir nefret ed birbir samimi
yok şehirden nefret ediyorum insanlar saygısız ,kizgin,yok şehir nefret ed insan saygı
gördüğümde inanmışlığım aklıma geldikçe kendimden nefret ediyorum ,kizgin,gör inan akl gel kendi nefret ed
sebepsiz yere arıyorum çalarken açarsa diyiyeceğim düşünüyorum açmayınca sinirleniyorum ,kizgin,sebep yer ar çal aç diyiyeceğim düşün aç sinirlen
herşeye kolay sinirleniyorum gerçekten insanlar sinir bozucu ,kizgin,herşey kolay sinirlen gerçekten insan sinir boz
saçma sapan konuklarla sıkıcı program yapıyorsunuz ,kizgin,saçma sap konuk sıkıcı program yap
abi saçma sapan cezalar veriliyor ,kizgin,abi saçma sap ceza ver
netimi saçma sapan şeylere harcıyorum ,kizgin,net saçma sap şey harc
evet bırakıp mobile legends oynayıp küfür edeceğim geri gelicem ,kizgin,evet bırak mobil legends oyna küfür ed geri gelicem
kızım özgüven küfür edeceğim sabrımı zorlama ,kizgin,kız özgüven küfür ed sabr zorla
arıyor bulamıyorsam direk sinirleniyorum sizede oluyo bende ,kizgin,ar bul direk sinirlen size oluyo ben
sistemli attığımız goller ofsayt verilmiyor penaltımız verilmiyor yeter defol git ,kizgin,sistem at gol ofsayt ver penaltı ver yeter defol git
aslı an sinirliyim üzüyorsun adamı kendin yapışıp konuşuyorsun ,kizgin,asl an sinirli üz ada kendi yapış konuş
sinirliyim an kırmızı lahananın rengi mor kabul etmiyorum rengi mor mor ,kizgin,sinirli an kırmızı lahana reng mor kabul et reng mor mor
elit semtte oturmasam sokağa çıkıp bağıra bağıra küfür edeceğim sinirim bedenime sığmıyor ,kizgin,elit semt otur sokağ çık bağır bağır küfür ed sinir beden sığ
saatte uyandırıldım sinirliyim ,kizgin,saat uyan sinirli
sinirliyim köpeğe olabilir ,kizgin,sinirli köpeğ ol
biriyle tartıştığımı hayal ettim hayale kendimi fazla kaptırdığım sinirliyim an ,kizgin,biri tartış hayal et hayal kendi fazla kap sinirli an
vize haftasına girdim an dağa taşa havadaki oksijene sinirliyim ,kizgin,vize hafta gir an dağ taş hava oksijen sinirli
yakın arkadaşlarımı başkalarıyla paylaşmaya dayanamamakşam aşırı sinirliyim ,kizgin,yakın arkadaş başka paylaş dayanamamakşam aşırı sinirli
lan günün saati sinirliyim kalan saatte uyuyorum ,kizgin,lan gü saat sinirli kal saat uy
geri ver defolup git gidiyorsan git ,kizgin,geri ver defol git gid git
istediğin insanla mutlu ol yüzün gülsün lütfen defolup git aklımdan ,kizgin,iste insa mutlu ol yüz gül lütfen defol git akl
şeyin rahatsız ediyor nolur defolup git gidiyorsan ,kizgin,şey rahat ed nolur defol git gid
durmak istemiyorsun durmadan defolup git ülkeden ,kizgin,dur iste durmadan defol git ülke
hastalık defol git başımdan ,kizgin,hastalık defol git baş
defol git ders çalış kalacaksın diyebilir ,kizgin,defol git ders çalış kal di
emeğe saygı göstermek zor olmamalı paylaşmayın izle filmini defol git ,kizgin,emeğ saygı göster zor ol paylaş izle film defol git
zihniyetini ayakta alkışlıyorum ego alaka kardeş sinir oluyorum boş insanları takip ediyorum ,kizgin,zihniyet ayakta alkışl ego alak kardeş sinir ol boş insan takip ed
çalışma saatlerimi bilmediğiniz karıştırdığınız acayip sinir oluyorum ,kizgin,çalış saat bil karış acayip sinir ol
anlatırken demiştim diyip duranlara sinir oluyorum aynı tarafa çekinmem söylerim ,kizgin,anlat de di dur sinir ol aynı taraf çekin söyle
sinirleniyorum sinirlendirmek ,kizgin,sinirlen sinirlen
kore dizisi diyen insanlara sinir oluyorum türk dizisi hint dizisi oluyorsa kore dizisi anlamak istemiyorsun ,kizgin,kore dizi di insan sinir ol türk dizi hint dizi ol kore dizi anla iste
not isteyenlere sinir oluyorum yüzlerine söylemesemde ,kizgin,not iste sinir ol yüz söylemesemde
sinir oluyorum kendime kötü herşeyi unuttum ,kizgin,sinir ol kendi kötü herşey unut
yanaklarımı sıkan insanlara sinir oluyorum ,kizgin,yanak sık insan sinir ol
korece müziğe önyargılı sinir oluyorum müzikte önemli dil hissettirdiğidir anlatamadık ,kizgin,korece müziğ önyargı sinir ol müzik önem dil hisset anlat
çıldıracağım kafayı yiyeceğim ,kizgin,çıldır kafa yi
seneye mezun olucam olana gün cübbenin renkler uyumlu gözükür düşünmekten kafayı yiyeceğim ,kizgin,seneye mezun olucam o gün cübbe renkle uyum gözük düşün kafa yi
hakaret ediyormuşum sinirinden geçilmiyor yaptın farkında ,kizgin,hakaret ed sinir geç yap fark
gündür evdeyim kafayı yiyeceğim insanlar çalışmadan gün napıyor ,kizgin,gün ev kafa yi insan çalış gün napıyor
anlaşılmıyor yazdıklarım anlaşılmıyor kafayı yiyeceğim ,kizgin,anlaş yaz anlaş kafa yi
sürekli sinirleniyorum akışına bıraktım neye sinirlendiğimi bilmiyorum ,kizgin,sürekli sinirlen ak bırak ne sinirlen bil
arabanın anahtarı annemde gitmiş allah’ım kafayı yiyeceğim ,kizgin,araba anahtar anne git allah kafa yi
öğrenci kimliğimi kaybetmişim kafayı yiyeceğim ay uğraş ,kizgin,öğrenci kimliğ kaybet kafa yi ay uğraş
boncuk kötü kafayı yiyeceğim ,kizgin,boncuk kötü kafa yi
telefonuma birini isim soyisimle kaydetmem sevmiyor nefret ediyor olmam lazım ,kizgin,telefon biri is soyisimle kaydet sev nefret ed ol lazım
ellerim soyuluyor dedi deri değiştiriyorsun normaldir sizde dedim sanırım nefret ediyor ,kizgin,elle soy de deri değiş normal siz de san nefret ed
vallahi delireceğim düştük amk ,kizgin,vallahi delir düş amk
sakin kalmaya çalıştıkça günden güne artan öfkemden nefret ediyorum ,kizgin,sakin kal çalış gün gün art öfke nefret ed
demiştim demekten nefret ediyorum dedirtiyorsun ,kizgin,de de nefret ed dedir
kız kimle yakın arkadaş duygu besliyor allahım delireceğim yareppim ,kizgin,kız kim yakın arkadaş duygu besl allah delir yareppim
abi koca gursuda kiralık daire yok kafayı yiyeceğim ,kizgin,abi koca gursuda kira daire yok kafa yi
boku bitmiyor çıldıracağım ,kizgin,bok bit çıldır
düşündükçe sinirleniyorum sinirlendikçe düşünüyorum kısır döngü girdabındayım ,kizgin,düşün sinirlen sinirlen düşün kısır döngü girdab
uyurken burnum kanamış heryer kan olmuş uyanırken sinir küpü uyandım ,kizgin,uyu burn kana heryer kan ol uyan sinir küp uyan
kavga edeceğim sinirden çarpıntım tutuyor ,kizgin,kavga ed sinir çarpıntı tut
sinirle fazla yaşamam diyorum yaşadıkça sinirleniyorum ,kizgin,sinirle fazla yaşa di yaşa sinirlen
alışveriş yapıcam yokki yapim sinir bozucu ,kizgin,alışveriş yapıcam yokki yapim sinir boz
sinirlenince gözlerimin dolmasından nefret ediyorum ,kizgin,sinirlen göz dolma nefret ed
aç sinirliyim kurban olayım yok sayın ,kizgin,aç sinirli kurban ol yok sayın
gecenin saat yüksek seale gazap dinliyorsun küfür edeceğim ,kizgin,gece saat yüksek seale gazap dinl küfür ed
of ağzımdaki uyuşukluk geçmedi delireceğim ,kizgin,of ağz uyuşuk geç delir
telefonumun ekranı çizildi kırılmış duruyor sinirliyim ,kizgin,telefon ekran çiz kır dur sinirli
passolig cezayı bozüyük vitraspordan aldım beşiktaş bayern maçına girememek delireceğim ,kizgin,passolig ceza bozüyük vitraspordan al beşiktaş bayern maç gir delir
millet der düşünenlerden nefret ediyorum ,kizgin,millet de düşün nefret ed
siren sesinde içimi sızlatan amblans seslerinden nefret ediyorum ,kizgin,siren se iç sızla amblans ses nefret ed
ekilmekten nefret ediyorum ,kizgin,ek nefret ed
allahım etraf beyinsiz kaynıyor çıldıracağım ,kizgin,allah etraf beyinsiz kayn çıldır
yaş kız evde kaldım diyor yok çıldıracağım acele ,kizgin,yaş kız ev kal di yok çıldır acele
yeter karşıma saçma sapan insanlar çıkmadan bitsin kabak tadı verdi aynı ,kizgin,yeter karşı saçma sap insan çık bit kabak tad ver aynı
salak gerizekalı yemin ediyorum mal matematikten farkın yok ,kizgin,salak gerizekalı yem ed mal matematik fark yok
ela yokken yapasım gelmiyor çıldıracağım ,kizgin,ela yok yap gel çıldır
instastory izleyenler neye sıralanıyor yemin ederim çıldıracağım ,kizgin,instastory izle ne sırala yem ed çıldır
istediğim ekleri bulamıyorum delireceğim ,kizgin,iste ek bul delir
sınavdan sınava giriyorum kafayı yiyeceğim ,kizgin,sınav sınav gir kafa yi
birinin kilosu boyuyla dalga geçildiğini görünce küfür edilmiş sinirleniyorum ,kizgin,biri kilo boy dalga geç gör küfür ed sinirlen
allah aşkına android çevrimdışı müzik programı söyleyin kafayı yiyeceğim ,kizgin,allah aşk android çevrimdış müzik program söyle kafa yi
gerizekali diyorum halt yapıyorsun delireceğim ,kizgin,gerizekali di halt yap delir
paypal’ı ülkemizden kaldırdılar öfkeliyim konuda geri getirin yeter ,kizgin,paypal ülke kaldır öfke konu geri getir yeter
karşımdakine değer verirsem sinirleniyorum yanlışlara ,kizgin,karşı değ ver sinirlen yanlış
sodayı açmaya çalışırken yere döktüm sakar öfkeliyim an ,kizgin,soda aç çalış yer dök sakar öfke an
günlerinden nefret ediyorum ,kizgin,gün nefret ed
sol şeritte lik yolda sürüyor gerizekalı allahım sakin olamıyorum böylelerini görünce ,kizgin,sol şerit lik yol sür gerizekalı allah sakin ol böyle gör
herşeye sinirleniyorum saçımı başımı yolmamak kendimi zor tutuyorum ,kizgin,herşey sinirlen saç baş yol kendi zor tut
alışveriş yapmam lazım sinirleniyorum ,kizgin,alışveriş yap lazım sinirlen
sinirliyken eğlendirmeye çalışanlara sinirleniyorum ,kizgin,sinirli eğlen çalış sinirlen
çıkıp bağıra bağıra küfür edeceğim tutamıyorum kendimi ,kizgin,çık bağır bağır küfür ed tut kendi
sinirleniyorum lanet üniversitede karar mantıklı ,kizgin,sinirlen lanet üniversite kar mantık
herşeye hızlı sinirleniyorum tahammül süremi çoktan aştık birtanem ,kizgin,herşey hızlı sinirlen tahammül süre çok aş birtane
benle alakası olamayan sinirleniyorum benle alakası olanlara sinirleniyordum galiba menapoz ,kizgin,ben alaka ol sinirlen ben alaka ol sinirlen galiba menapoz
param yokken yapmayın indirimleri sinirleniyorum ,kizgin,para yok yap indirim sinirlen
bomboş saçma bugün öfkeliyim ,kizgin,bomboş saçma bugün öfke
domuz eti yersin sinirden küplere bindim uyuyamıyorum ,kizgin,do et ye sinir küp bin uyu
kuş beyinli dicem kuşlara hakaret kuşların beyni yok amk ,kizgin,kuş beyin dicem kuş hakaret kuş beyn yok amk
sürekli sinirleniyorum akışına bıraktım neye sinirlendiğimi bilmiyorum ,kizgin,sürekli sinirlen ak bırak ne sinirlen bil
of anlamsızca öfkeliyim ,kizgin,of anlam öfke
an sinirleniyorum gebze haremi gördükçe akraba olma arabası geçecek ,kizgin,an sinirlen gebze hare gör akraba ol araba geç
anda sinirleniyorum kendime sebebi ,kizgin,an sinirlen kendi sebeb
hayat beklediğim gitmiyor sinirleniyorum doktor hanım ,kizgin,hayat bekle git sinirlen doktor hanım
uykumu almadığım kendimi agresif hissediyorum ,kizgin,uyku al kendi agresif hissed
bugün kendimi türkmenistan hazar denizindeki kıta sahanlığından problem yaşayan rusya agresif hissediyorum ,kizgin,bugün kendi türkmenistan hazar deniz kıta sahan problem yaşa rusya agresif hissed
agresif hissediyorum an bilmiyorum çişim olduğundandır ,kizgin,agresif hissed an bil çiş ol
esra erolu çileden çıkartan şalvarli gelin adayı agresif hissediyorum ,kizgin,esra erol çile çıkart şalvarli gel ada agresif hissed
ay bugün kendimi işe yaramaz uyuz agresif hissediyorum ,kizgin,ay bugün kendi işe yaramaz uyuz agresif hissed
ayran içtim agresif hissediyorum ,kizgin,ayran iç agresif hissed
fragmanın gelmediği an agresif hissediyorum oldu ,kizgin,fragman gel an agresif hissed ol
yandan uzunu izlediğim agresif hissediyorum kendimi birazdan umarsızca koşmaya çıkacağım sinirimi atmak ,kizgin,yan uz izle agresif hissed kendi birazdan umar koş çık sinir at
siteye uğradığım zamanlar gergin agresif hissediyorum ,kizgin,site uğra zamanla gergin agresif hissed
gerizekalı agresif hissediyorum timeline boşken millete sallayayım diyorum iyi biriyim ,kizgin,gerizekalı agresif hissed time boş millet salla di iyi biri
sinirliyim bulaşanı hücrelerine parçalıyabilirim ,kizgin,sinirli bulaş hücre parçalıyabilirim
cidden bugün sinirliyim alnıma sataşmayın yazcam ,kizgin,cidden bugün sinirli aln sataş yazcam
hadsizlik filmde resmen sinirden küplere bindim islamı yerden yere vurdu ,kizgin,had film resmen sinir küp bin islam yer yer vur
sinirliyim an camdan atlayabilirim ,kizgin,sinirli an cam atla
fena iftira atıldı üstüme an sinirliyim ,kizgin,fena iftira atıl üst an sinirli
sarılmayı fiziksel algılayanlara kızgınım ,kizgin,sar fizik algıla kızgın
agresif oldum olmadık herşeye sinirlenir oldum ,kizgin,agresif ol olmadık herşey sinirlen ol
yüzüme söyleyemeyip buradan laf gönderenlere sinir oluyorum kolaysa yüzüme söyle ,kizgin,yüz söyle bura laf gönder sinir ol kolay yüz söyle
seninle muhattap eden hayatın vizyonsuzluğuna baya kızgınım ,kizgin,sen muhattap ed hayat vizyon bay kızgın
sinir oluyorum aralar ,kizgin,sinir ol arala
erzurumlu birine sinirlenince “çor zıkkım davun gatıran” diyorum anlamıyor sinir bozucu ,kizgin,erzurum biri sinirlen çor zıkkım davun gatıran di anla sinir boz
aramamış olman sinir bozucu ,kizgin,ara ol sinir boz
zamanımı boşa harcadığım kendime kızgınım ,kizgin,zaman boşa harca kendi kızgın
bilader kelime sinir bozucu peki ,kizgin,bilader kelim sinir boz peki
sinirliyim çirkin yapıyor ,kizgin,sinirli çirkin yap
yemin ederim kan beynimden sıçrıyor derece sinirliyim ,kizgin,yem ed kan beyn sıçr derece sinirli
genel öğün asabi agresifim ara öğünler sinirli ,kizgin,genel öğün asabi agresif ara öğün sinirli
gördüğüm manzaradan ikinci öğretimlere kızgınım ,kizgin,gör manzara ikinci öğretim kızgın
aralar fazla tahammülsüz sinirliyim hayrolsun ,kizgin,arala fazla tahammül sinirli hayrolsun
googleun soruya cevabı sinir bozucu ,kizgin,googleun soru cevab sinir boz
eskisindende agresif oldum kafamda filler dans ediyor ,kizgin,eskisindende agresif ol kafa fil dans ed
yaratmayanlara kızgınım hakkımdı ,kizgin,yarat kızgın hakk
rehberimde kişi halı sahaya gelicek adam bulamıyorum amk kafayı yiyeceğim ,kizgin,rehber kişi hal saha gelicek ada bul amk kafa yi
karadenizli olmayanların şive yapmaya çalışması sinir bozucu ,kizgin,karadeniz ol şive yap çalış sinir boz
annem beyaz pantolonla cebinde lirayı yıkamış isyan ettim sinirliyim beyazlarla yıkanır ,kizgin,anne beyaz pantolon ceb lira yıka isyan et sinirli beyaz yıka
fena sinirliyim çarşıya iniyorum ortalığı birbirine katacağım ,kizgin,fena sinirli çarşı in ortalığ birbiri kat
müezzinden saat uyandığım hayata kırgın kızgınım ,kizgin,müezzin saat uyan hayat kırgın kızgın
spor hocama bugün sinirliyim dedim çalıştır an sinirli oldum unuttum hocaya sinirliyim ,kizgin,spor hoca bugün sinirli de çalış an sinirli ol unut hoca sinirli
taehyunga sakız meselesine sinirliyim anlatamam ,kizgin,taehyunga sakız mesele sinirli anlat
kızgınım kişilere an sıfırlar ,kizgin,kızgın kişi an sıfırla
bende böyleyim sinirliyim agresifim ,kizgin,ben böyle sinirli agresif
sinirliyim örtmene hastayım diyip gitmeyeceğim derse amk matemetik öğrenmek istemiyorum ,kizgin,sinirli ört hasta di git der amk matemetik öğren iste
zeki insanlar çabuk sinirlenir okudum yerde oldu bilmiyorum anda küplere bindim ,kizgin,zeki insan çabuk sinirlen oku yer ol bil an küp bin
domuz eti yersin sinirden küplere bindim uyuyamıyorum ,kizgin,do et ye sinir küp bin uyu
birine küfür edeceğim hasan ali kaldırım diyecem ,kizgin,biri küfür ed hasa ali kaldırım diyecem
pislik arkadaşlara sahibim yemin ederim düşündükçe kafayı yiyeceğim ,kizgin,pislik arkadaş sahib yem ed düşün kafa yi
kafayı yiyeceğim kediyi öldürür insan ,kizgin,kafa yi kedi öldür insan
dakikada kontenjan doldurulabilir kafayı yiyeceğim bak ,kizgin,dakika kontenjan doldur kafa yi bak
delireceğim kafayı yiyeceğim sus beynim sus ,kizgin,delir kafa yi sus beyn sus
yahu rakamındaki sır kafayı yiyeceğim ,kizgin,yahu rakam sı kafa yi
çemensiz pastırma sinir oldum an yok ha ,kizgin,çemen pastırma sinir ol an yok ha
anlayamadı sinir oldum sağolsun bağıranlar yüzünden ,kizgin,anla sinir ol sağol bağır yüzünden
pasif agresiflikten nefret ederken pasif agresif oldum hayatım baya planladığım gidiyor ,kizgin,pasif agresif nefret ed pasif agresif ol hayat bay planla gid
olmadığım kızgınım hocaya takıma ,kizgin,ol kızgın hoca tak
final haftamda agresifim uçan kusla kavga ediyorum ,kizgin,final hafta agresif uç kusla kavga ed
geceden bugüne bitti turkcelli allah alsın an kızgınım ,kizgin,gece bugün bit turkcell allah al an kızgın
aşırı agresifim selam verse selam veriyosun kavga çıkarsam ,kizgin,aşırı agresif sela ver sela veriyosun kavga çıkar
para yok diyorum agresifim diyorum ,kizgin,par yok di agresif di
güzel çay içemedim agresifim ,kizgin,güzel çay iç agresif
germeyin oğlum sinirliyim agresifim bak ,kizgin,ger oğl sinirli agresif bak
sevgilimi özledim ters yapan başının üstünde yeri agresifim kompleksliyim an ,kizgin,sevgili özle ters yap baş üst yer agresif kompleks an
sinirlenemiyor oluşuma kızgınım ,kizgin,sinirlen oluşum kızgın
inşallah karşıma çıkmazsın nefret ediyorum nefret ,kizgin,inşallah karşı çık nefret ed nefret
modüler aritmetik nefret ediyorum ,kizgin,modüler aritmetik nefret ed
yanımda olmadığın suçlusun kızgınım ,kizgin,yan ol suçlu kızgın
heyecanlanınca yalan söyleyince elimin ayağımın titremesinden nefret ediyorum ,kizgin,heyecanlan yalan söyle el ayağ titre nefret ed
sorlan sorulardan karşıma ikinci çıkan insanlardan nefret ediyorum ,kizgin,sorlan soru karşı ikinci çık insan nefret ed
sinirliyim allahım inşallah topunuzun belasını verir hiçbirinize ayık kafayla dayanamıyorum ,kizgin,sinirli allah inşallah top bela ver hiçbiri ayık kafa dayan
allahım kafayı yiyeceğim kursta uykum geldi dayanamıyorum çıktım ,kizgin,allah kafa yi kurs uyku gel dayan çık
can manay eski sevgilisinin gözüne kezzap dökmüş kafayı yiyeceğim ,kizgin,can manay eski sevgili göz kezzap dök kafa yi
ders çalışıyorum gidiyor merak ediyorum kafayı yiyeceğim ,kizgin,ders çalış gid merak ed kafa yi
tarihlere kızgınım takvim yapraklarıyla anlaşamıyorum ,kizgin,tarih kızgın takvim yaprak anlaş
yürüyemediğim yolların içimde birikmesine kızgınım yalnızca ,kizgin,yürü yol iç birik kızgın yalnızca
soyisimlerinizi kullanarak yerlere gelmenize aşırı kızgınım ,kizgin,soyisimlerinizi kullan yer gel aşırı kızgın
ayrılığı reva görenlere miktar kızgınım ,kizgin,ayrılığ reva gör miktar kızgın
git gide tahammülsüz insan oluyorum sürekli sinirliyim galiba ruh hastası oluyorum yavaştan ,kizgin,git gid tahammül insan ol sürekli sinirli galiba ruh hasta ol yavaş
kafam karışık uykusuz aç agresifim anlamsız karmaşa hiçim ,kizgin,kafa karışık uyku aç agresif anlam karmaşa hiç
kızgınım sinirliyim karşılaşsak kaşık suda boğarım yüzüne tükürürüm evet ,kizgin,kızgın sinirli karşı kaşık su boğ yüz tükür evet
kızgınım kendime defasında kendimden karşımdakine değer verdiğim kendime kızgınım ,kizgin,kızgın kendi defa kendi karşı değ ver kendi kızgın
kızgınım kalsam soğumam ,kizgin,kızgın kal soğu
medenicinin dersindeki ses kaydını dinliyorum adam yavaş konuşuyor vallahi kafayı koyup uyucam kızgınım ,kizgin,medeni ders ses kayd dinl ada yavaş konuş vallahi kafa koy uyucam kızgın
kaderimizde kolayca ekmek kazanmak nasip değilmiş bilmiyorum hayata kızgınım ,kizgin,kader kolay ekmek kazan nasip değil bil hayat kızgın
erken uyandığım kızgınım kendime bok ,kizgin,erken uyan kızgın kendi bok
kızgınım kendime gider diyenlere gidenleri savunduğuma kızgınım ,kizgin,kızgın kendi gid di gid savun kızgın
saatte uyandıran alese miktarda kızgınım ,kizgin,saat uyan ales miktar kızgın
seninle muhattap eden hayatın vizyonsuzluğunada baya kızgınım ,kizgin,sen muhattap ed hayat vizyonsuzluğunada bay kızgın
herşeye kızgınım sebebini bilmiyorum ,kizgin,herşey kızgın sebeb bil
muslera formuyla oldukça kızgınım kötü senedir kötü ,kizgin,muslera form oldukça kızgın kötü se kötü
tersimden kalktım sinirden çıldıracağım bugün ,kizgin,ters kalk sinir çıldır bugün
aykut hoca yeter libero saldır diyoruz yaptığına bak sövdüreceksin illa ,kizgin,aykut ho yeter libero saldır di yap bak söv illa
mesaj bekliyorum ay çıldıracağım ,kizgin,mesaj bekl ay çıldır
bilip bilmeden cengiz han hakkında yorum yapıyor kafayı yiyeceğim ,kizgin,bil bil cengiz han hakkında yorum yap kafa yi
çıldıracam gücü nerden alıyor ,kizgin,çıldıracam güc ner al
zıpırı gördükçe sövüyorum rahat bırak topçuları itici oğlu itici ,kizgin,zıpır gör söv rahat bırak top it oğl it
uzun süre girmeyip tekrar online olunca tuhaf oluyormuş takipten çıkan ana bacı sövüyorum ,kizgin,uzun sür gir tekrar online ol tuhaf ol takip çık ana bacı söv
haluk levent’in yaptıklarını görünce yapması gereken yapmayan kurumlara sövüyorum ,kizgin,haluk levent yap gör yap gerek yap kurum söv
dakikadır aralıksız sövüyorum asalaklar vergimizden maaş alıyor ,kizgin,dakika aralık söv asalak vergi maaş al
yeter sürekli yaptığınız saçma salak mum söndü muhabbetleri hepinizin mumu sönsün ,kizgin,yeter sürekli yap saçma salak mum sön muhabbet hep mum sön
çift liberolar öpsün defol vizyonsuz şebelek yeter ,kizgin,çift libero öp defol vizyon şebelek yeter
allahım uçuğa iyi gelir bilen çıldıracağım ,kizgin,allah uçuğ iyi gel bil çıldır
site toplantısına oğlumu yolladım sinir küpü olmuş geldi ,kizgin,sit toplantı oğl yolla sinir küp ol gel
dakika ders çalışıyorum sinir küpü kalkıyorum neye sinirlendiğimi bende bilmiyorum ,kizgin,dakika ders çalış sinir küp kalk ne sinirlen ben bil
eko an karşımda sinir küpü tansu oyunda geçiyorsun strese sokuyorsun ,kizgin,eko an karşı sinir küp tansu oy geç stres sok
gergin an anasayfada sinir küpü olmuş ,kizgin,gergin an anasayfa sinir küp ol
an öfkeliyim sinirimi yatıştıracak yapmam lazım ,kizgin,an öfke sinir yatış yap lazım
sinirliyim kızgınım öfkeliyim yazıklar alayina haftada galibiyet alamadık ,kizgin,sinirli kızgın öfke yazık alayina hafta galibiyet al
dışarı çıkıp eğlenenlere öfkeliyim havada evde edebiyat çalışmak bitiriyor ,kizgin,dışarı çık eğlen öfke hava ev edebiyat çalış bitir
uyuyamıyorum delireceğim gün ,kizgin,uyu delir gün
öfkeliyim başım ince ince ağrıyor ,kizgin,öfke baş ince ince ağr
sinir bozucu etrafımda dans edersin ha ,kizgin,sinir boz etraf dans ed ha
bts’i etiketlerden sürekli beşiktaş çıkıyor delireceğim ,kizgin,btsi etiket sürekli beşiktaş çık delir
gelin evi saçma gelmiyordur millete zevkimden ay sinir bozucu ,kizgin,gel ev saçma gel millet zevk ay sinir boz
gözlerinin içine derin bakarken aklından geçtiğini anlamazsın sinir bozucu ,kizgin,göz iç derin bak akl geç anla sinir boz
ağız şapırdatmak sinir bozucu yoktur ,kizgin,ağız şapırda sinir boz yok
heryerden okul zili çalınan sinir bozucu müzik sesi geliyor öğrenci olsam teneffüse çıkmak istemem zil sesi ,kizgin,heryer okul zil çal sinir boz müzik se gel öğrenci ol teneffüs çık iste zil se
ucuz parfüm kokusunun baş ağrısı yapması sinir bozucu olamaz ,kizgin,ucuz parfüm koku baş ağrı yap sinir boz olamaz
doğal basit tavırdır bildiğin sinir bozucu tavır ,kizgin,doğal basit tavır bil sinir boz tavır
karanlıkta işe gitmek icin hazırlanmak sinir bozucu uykum ,kizgin,karanlık işe git icin hazır sinir boz uyku
küsür hasta şimdiden söyleyim çıldıracağım haberiniz ,kizgin,küsür hasta şimdiden sö çıldır haber
öfkeliyim kendime ,kizgin,öfke kendi
öfkeliyim dişlerimi gücümle sıkıyorum şakaklarım çürüyor ,kizgin,öfke diş güc sık şakak çür
evet genelde öfkeliyim ayıp ettiler ,kizgin,evet genelde öfke ayıp et
öfkeliyim kelimelerim yetmiyor atmaya içimden ,kizgin,öfke kelime yet at iç
toplumun kesiminden insana öfkeliyim ,kizgin,toplum kesim insa öfke
öfkeliyim ,kizgin,öfke
kafayı yastığa koyduğu uyuyan tiplerden nefret ediyorum ,kizgin,kafa yastığ koy uyu tip nefret ed
misafir gelmesinden nefret ediyorum amk ,kizgin,misafir gel nefret ed amk
sinirlenince cümle kuramamaktan nefret ediyorum ,kizgin,sinirlen cümle kur nefret ed
yıktıktan yapmamış davranan insanlardan nefret ediyorum ,kizgin,yık yap davran insan nefret ed
annesiz bırakan lanet hastalık nefret ediyorum ,kizgin,anne bırak lanet hastalık nefret ed
nefret ediyorum günü çalışmaktan ,kizgin,nefret ed gün çalış
şımarık memnuniyetsiz mıy mıy sosyete kızlarından nefret ediyorum ,kizgin,şımarık memnuniyet mıy mıy sosyete kız nefret ed
geceleri acıkmaktan yavaş yürüyen insanlardan nefret ediyorum ,kizgin,geceleri acık yavaş yürü insan nefret ed
kendime kızgınım büyük hatayı yaptım değer verdim ,kizgin,kendi kızgın büyük hata yap değ ver
evet iş geç kaldım işınlanmayı bulamayan bilim adamlarına kızgınım ,kizgin,evet iş geç kal işınlanmayı bul bili adam kızgın
seninle yaşamak isteyipte yaşayamadığım hayata kızgınım ,kizgin,sen yaşa isteyipte yaşa hayat kızgın
kaptana kızgınım insan çağırır ,kizgin,kaptan kızgın insan çağır
varlığına alıştığım yaranın iyileşmesine kızgınım ,kizgin,varlığ alış yaran iyi kızgın
kızgınım sakinleşemiyorum ,kizgin,kızgın sakin
eskisi kalmayışınıza kızgınım ,kizgin,eski kal kızgın
söz dizisini bunca zamandır izlememiş benliğime miktar kızgınım ,kizgin,söz dizi bunca zaman izle benliğ miktar kızgın
gaza gelip biriyle çıkmak lan mal kızım ,kizgin,gaz gel biri çık lan mal kız
kızıcam mal diyorum evet diyince konu kapanıyor ,kizgin,kızıcam mal di evet diyince konu kapan
yürürken mesaj atamıyorum mal ,kizgin,yürü mesaj at mal
tweetlerini beğeniyorsun kızım mal ,kizgin,tweet beğen kız mal
mal tekrar engelleyeceksin kaldırıp mesaj atıyorsun ,kizgin,mal tekrar engelle kaldır mesaj at
kardeş mal özürlü özürlü hareketler defol git uzakta yaşa ,kizgin,kardeş mal özürlü özürlü hareket defol git uzak yaşa
yapma yapma mal köyün soğanısın davar ,kizgin,yap yap mal köy soğan davar
mal istediğim mal vura vura öğretmek zorunda kaldım ,kizgin,mal iste mal vur vur öğret zor kal
dengesiz herifler derken bugün diyor evladım mal ,kizgin,denge herif derken bugün di evlad mal
bugün agresifim sağa sola çatıyorum virajdan dönemeyen arabaya saydım sövdüm gömdüm ,kizgin,bugün agresif sağ sol çat viraj dön araba say söv göm
bugün üzerimde avrupa yakası huysuzluğu yakada agresifim haliyle ,kizgin,bugün üzer avrupa yak huy yaka agresif haliyle
kardeşim uyandırdı saat uyurdum agresifim ,kizgin,kardeş uyan saat uyu agresif
rüyanın ortasında annem uyandırdı agresifim bugün ,kizgin,rüya orta anne uyan agresif bugün
lik diş çıkarıyorum agresifim yaklaşmayın ,kizgin,lik diş çıkar agresif yaklaş
geri geldim olmadığım agresifim yenilendim ,kizgin,geri gel ol agresif yeni
bugün batak dozumu alamadım agresifim ,kizgin,bugün batak doz al agresif
penaltıdan şut attım gol agresifim miktar ,kizgin,penaltı şut at gol agresif miktar
sinirliyim agresifim yaklaşmayın yanarsınız ,kizgin,sinirli agresif yaklaş yan
engellemiş gerizekalı beyinsiz hacıobalı ,kizgin,engelle gerizekalı beyinsiz hacıobalı
allah boy veriyor tip veriyor zekadan kısıyor nabalım gerizekalı ,kizgin,allah boy ver tip ver zeka kıs nabalım gerizekalı
“bir insan gerizekalı olabilir ki” sorusunun yanıtı sensin ,kizgin,bir insan gerizekalı ol ki soru yanıt sensin
gerizekalı topluluk internetten trabzonu geziyorlar ,kizgin,gerizekalı topluluk internet trabzon gez
rezil feneri kadroyla yenemedin defol git rıza defol ,kizgin,rezil fener kadro yen defol git rıza defol
maçın özeti korkak hoca maçı verdi defol git rıza ,kizgin,maç özet korkak ho maç ver defol git rıza
mayısı bekleme erken seçim yap defol git ,kizgin,mayıs bekle erken seçi yap defol git
aziz yıldırım defol git hayatımızdan küflü peynir ,kizgin,aziz yıldırım defol git hayat küf peynir
antranör değilsin aykut kocaman defol git ,kizgin,antranör değil aykut kocaman defol git
mesajıma cevap vermeyip tweet atan insanlara sinir oluyorum delireceğim gün ,kizgin,mesaj cevap ver tweet at insan sinir ol delir gün
antidepresan kullanmaya başladığımdan agresif oldum bi terslik ,kizgin,antidepresan kullan başla agresif ol bi ters
agresif oldum kimseye katlanamıyorum ,kizgin,agresif ol kimse katlan
allah aşkına bi fırça tl işin sinir bozucu yanı fırçaya eşdeğer fırça bulamamak ,kizgin,allah aşk bi fırça tl iş sinir boz yan fırça eşdeğer fırça bul
küfür eden kızlara itici diyenlere anlam veremiyorum sinirlenince napsınlar örgü örsünler amk ,kizgin,küfür ed kız it di anlam ver sinirlen napsınlar örgü ör amk
hava soğudu kaloriferleri kapattılar yurt delireceğim ,kizgin,hava soğu kalorifer kapat yurt delir
deneme sınavlarından deneme sınavlarından gelen geçti sorusundan nefret ediyorum ,kizgin,deneme sınav deneme sınav gelen geç soru nefret ed
histoloji labından nefret ediyorum ,kizgin,histoloji labından nefret ed
lan site açılmıyor sinir hastası oldum ,kizgin,lan sit aç sinir hasta ol
genç yaşımda sinir kanseri oldum galiba ,kizgin,genç yaş sinir kanser ol galiba
otobüste uyuya kalıp yanlış durakta inmek amk sinirlendim ,kizgin,otobüs uyu kalıp yanlış durak in amk sinirlen
salak salak kişiler bak sinirlendim ,kizgin,salak salak kişi bak sinirlen
an gerçekten sinir küpüyüm ,kizgin,an gerçekten sinir küp
sinir küpüyüm bulaşanın canını fena yakarım ,kizgin,sinir küp bulaş can fena yak
sinir küpüyüm an dersi almam dk sürüyor ,kizgin,sinir küp an ders al dk sür
nefret ettiniz ettim ciğerlerime ,kizgin,nefret et et ciğer
gördükçe sinirlerim zıplıyor saçma sapan insanları ünlü etmeye bayılıyorsunuz ,kizgin,gör sinirle zıpl saçma sap insan ün et bayıl
yağmurlu kapalı havalardan nefret ediyorum ,kizgin,yağmur kapalı hava nefret ed
kızım mal dışarı çıkıp geziyorsun ,kizgin,kız mal dışarı çık gez
internet aldım aksam gitmiş delireceğim saçmalık ,kizgin,internet al ak git delir saçmalık
içim daraldı sinirlendim bak ,kizgin,içim daral sinirlen bak
yayınlamadın hııııaağ sinirlendim hemen mahvedeceğim ,kizgin,yayınla hııııaağ sinirlen hemen mahved
saatlerdir buraya giremedim bak elim ayağım titriyor sinirlendim ,kizgin,saat bura gir bak elim ayağ titr sinirlen
aşırı sinirlendim insanlığınızı kaybetmiş olamazsınız ,kizgin,aşırı sinirlen insan kaybet ol
sinirlendim tiremin anasına sövebilirim başkasına hak vermiyorum ,kizgin,sinirlen tire ana söv başka hak ver
sinirlendim gidip halıyı döveceğim ,kizgin,sinirlen gid halı döv
an sinirliyim gördüğüm insanı öldürebilirim ,kizgin,an sinirli gör insa öldür
abimler şirket kurup adını ms koymuşlar an sinirliyim ,kizgin,abimler şirket kur ad ms koy an sinirli
lan sinirliyim ettiğim küfürler yeterli gelmiyor ,kizgin,lan sinirli et küfür yeterli gel
an sinirliyim rüzgar yüzünden fotoğraf çekilemiyorum ,kizgin,an sinirli rüzgar yüzünden fotoğraf çekil
yazmayın sinirliyim ağzımda ters kelime çıkabilir ,kizgin,yaz sinirli ağz ters kelim çık
uslu kız olayım derken sinir küpü oldum ,kizgin,uslu kız ol derken sinir küp ol
sinir küpü olduğum tek kelimelik mesajdan anlaşılıyor ,kizgin,sinir küp ol tek kelime mesaj anlaş
evet sinir küpü olduğum otobüs yolculuğu ,kizgin,evet sinir küp ol otobüs yolcu
elim ayağim titriyor sinir küpü oldum amk ,kizgin,elim ayağim titr sinir küp ol amk
puzzle hobi olabilir sinir küpü ortaya atılmış ,kizgin,puzzle hobi ol sinir küp orta atıl
ters cevap vermesin aralar yemin ederim sinir küpü gibiyim ,kizgin,ters cevap ver arala yem ed sinir küp gibi
toprağa kızgınım toprağı kıskanırım ,kizgin,toprağ kızgın toprağ kıskan
bayadır ados dinleyemedim kendime kızgınım ,kizgin,ba ados dinle kendi kızgın
kızgınım gelmeyişine bilmeyişine hissetmeyişine ,kizgin,kızgın gel bil hisset
kızgınım kendime herşeyi ayrıntı düşünmeden edemeyen kendime kızgınım ,kizgin,kızgın kendi herşey ayrıntı düşün ed kendi kızgın
an haberin yok kızgınım ,kizgin,an haber yok kızgın
kızgınım bağırmak istiyorum ,kizgin,kızgın bağır ist
kendime kızgınım gidip tatlı çikolata yiyip sakinleşeyim ,kizgin,kendi kızgın gid tatlı çikolata yi sakin
hayatı istediğim yaşayamadığım kızgınım dünya ,kizgin,hayat iste yaşa kızgın dünya
uykumdan uyandırıp ders seçtirmelerine kızgınım ,kizgin,uyku uyan ders seç kızgın
senle muhatap eden hayatın vizyonsuzluğuna baya kızgınım ,kizgin,se muhatap ed hayat vizyon bay kızgın
ana dostoyevski tanıştırmayan kızgınım ,kizgin,ana dostoyevski tanış kızgın
şunlardan trapp’a engeli kaldırdım kızgınım ,kizgin,şu trapp engel kaldır kızgın
ailem uyanmadan kahvaltı etmiş aç öfkeliyim an ,kizgin,aile uyan kahvaltı et aç öfke an
günün yarısında sinirliysem yarısında öfkeliyim ,kizgin,gü yarı sinirli yarı öfke
internetin kotası doldu öfkeliyim ,kizgin,internet kota dol öfke
kadın yazı yazıyorum an öfkeliyim ,kizgin,kadın yaz yaz an öfke
toplumun kesiminden insana öfkeliyim ,kizgin,toplum kesim insa öfke
kişilere kişiliksizliklere öfkeliyim ,kizgin,kişi kişilik öfke
öfkeliyim yaşanmışlıklar hale getirdi ,kizgin,öfke yaşa hal getir
öfkeliyim bıçaklarım an ,kizgin,öfke bıçakla an
bugünlerde aşırı sinirli öfkeliyim metreden fazla yaklaşmayın ,kizgin,bugün aşırı sinirli öfke metre fazla yaklaş
sabahın altısında uyanmak zorunda kaldım öfkeliyim uykulu ,kizgin,sabah altı uyan zor kal öfke uyku
hasta sinirli agresifim ,kizgin,hasta sinirli agresif
saat sinirlerimi yumuşatmasi ilaç içtim sinirlerim yumuşadi an aşırı agresifim ,kizgin,saat sinir yumuşatmasi ilaç iç sinirle yumuşadi an aşırı agresif
sinirli agresifim keşke ağzımdan ateş çıksa rahatlasam ,kizgin,sinirli agresif keşke ağz ateş çık rahatla
aralar agresifim kompleksliyim perdelerimi kaldırdığımda kedi insanım ,kizgin,arala agresif kompleks perde kaldır kedi insan
beklemekten nefret ediyorum yüzden arkadaşlarım bekletiyor delireceğim ,kizgin,bekle nefret ed yüz arkadaş bekle delir
telefonumda dışımda arkadaşlarımın parmak izi telefona şifreyle giriyorum resmen delireceğim ,kizgin,telefon dış arkadaş parmak iz telefon şifre gir resmen delir
sinirimi birilerinden çıkarmam lazım delireceğim ,kizgin,sinir biri çıkar lazım delir
lan delireceğim gördük amk snapchat instagram twitter whatsapp yerde paylaşıyorsun ,kizgin,lan delir gör amk snapchat instagram twitter whatsapp yer paylaş
burun kanamasıyla uyanıyorum delireceğim ,kizgin,bur kana uyan delir
ahlaksız pislik herif ceheneme git defol iğreniyorum ,kizgin,ahlak pislik herif ceheneme git defol iğren
rıza hoca değilsin istifa et defol git ,kizgin,rıza ho değil istifa et defol git
ay yazmıyor geliyor şerefsiz haliyle olmamış kafa karıştırıyor defol git ,kizgin,ay yaz gel şeref haliyle ol kaf karış defol git
defol git gözüm görmesin ,kizgin,defol git göz gör
lan yavşak anlarsın futboldan defol git ,kizgin,lan yavşak anla futbol defol git
lütfen defol git şehirden burası pisliğine fazla temiz ,kizgin,lütfen defol git şehir bur pisliğ fazla temiz
yok salak değilim düpedüz gerizekalı demiyorum ,kizgin,yok salak değil düpedüz gerizekalı de
fotoğraf atmış soğursun yazmış gerizekalı insanın tipi yüzünden hareketler yüzünden soğurum ,kizgin,fotoğraf at soğu yaz gerizekalı insa tip yüzünden hareket yüzünden soğu
gerizekalı düşündüm kendimden nefret ettim ,kizgin,gerizekalı düşün kendi nefret et
gün oldu farkında gerizekalı ,kizgin,gün ol fark gerizekalı
gerizekalı iş yapıyosunuz profesyonellikten bahsediyorsunuz ,kizgin,gerizekalı iş yapıyosunuz profesyonel bahsed
gerizekalı beyinsiz geber ,kizgin,gerizekalı beyinsiz geber
abim öğretmen gerizekalı prim kasmak sorsaydın söylerdim ,kizgin,abi öğretmen gerizekalı prim kas sor söyle
gelinin arkasından dolaşan kadından nefret ettim ,kizgin,gelin arka dolaş kadı nefret et
sivas nefret ettim ,kizgin,sivas nefret et
bugünde evimde oturup herkeslerden nefret ettim ,kizgin,bugün ev otur herkes nefret et
kız alışveriş yapmaktan nefret eder ettim ,kizgin,kız alışveriş yap nefret ed et
siyaset siyasetçilerden nefret ettiğimi fark ettim ,kizgin,siyaset siyaset nefret et fark et
bugün aşırı agresifim sinirliyim çıldırıyorum allahım yaş sendromu help me ,kizgin,bugün aşırı agresif sinirli çıldır allah yaş sendrom help me
gün aşırı agresifim sinirliyim çıldırıyorum allahım yaş sendromu help mee nolur nolur ,kizgin,gün aşırı agresif sinirli çıldır allah yaş sendrom help mee nolur nolur
an sinirliyim lan saçma salak insanlar ,kizgin,an sinirli lan saçma salak insan
kimsiniz lan quaresmaya birşeyler atıyorsunuz oç ,kizgin,kim lan quaresma birşey at oç
askerlik uzadı muhabbetini çıkardı lan ,kizgin,asker uza muhabbet çıkar lan
kardeşim liraya nerf almış olum mal ,kizgin,kardeş lira nerf al o mal
saçını boyattın anladık gökkuşağına dönmek neyin mal kızım ,kizgin,saç boya anla gökkuşağına dön ne mal kız
mal mal konuşma diyip tokat atmak istiyorum yüzünü çevirir lütfen ,kizgin,mal mal konuş di tokat at ist yüz çevir lütfen
gördüğüm mal diyesim ,kizgin,gör mal di
bal mal sormuştum halbuki ,kizgin,bal mal sor halbuki
arda admin bugün sinirliyim taymin enerjisini düşürmek istemedim ,kizgin,ar admin bugün sinirli taymin enerji düşür iste
sanırım miktar sinirliyim evi saat dakikada temizlememin açıklaması olamaz ,kizgin,san miktar sinirli ev saat dakika temizle açıklama olamaz
istediğim iconu bulamıyorum sinirliyim ,kizgin,iste iconu bul sinirli
gösteriyor kafayı yiyeceğim ,kizgin,göster kafa yi
farklı tavla oynamayı öğrenmiş delireceğim ,kizgin,fark tavla oyna öğren delir
pazartesilerden diyetlerden nefret ediyorum garfield olabilir miyim ,kizgin,pazartesi diyet nefret ed garfield ol mi
gerçekten mont giymekten nefret ediyorum taşıyamıyorum abi montu cidden yoruluyorum sinirlendim gerçekten ,kizgin,gerçekten mont giy nefret ed taşı abi mont cidden yor sinirlen gerçekten
dişini fırçalamayan tırnak bakım saç bakımı yapmayan kokan insanlardan nefret ediyorum ,kizgin,diş fırçala tırnak bakı saç bakı yap kok insan nefret ed
attığım tivik gitmemiş delireceğim ,kizgin,at tivik git delir
ara agresif oldum utanmasam uykumda küfredeceğim ,kizgin,ara agresif ol utan uyku küfred
nefret öfkeyle beslenen dünyada insanların sevgisi küfür ,kizgin,nefret öfke beslenen dünyada insan sevgi küfür
sinirimden bağıracağım wikipedia lan internet yana wikipedia yana ,kizgin,sinir bağır wikipedia lan internet yana wikipedia yana
takım gol yediğinde kel kafalı başkan küfür edeceğim ,kizgin,tak gol ye kel kafa başkan küfür ed
eljifi çıkarttı hoca hayır küfür edeceğim küfüre yazık ,kizgin,eljifi çıkart ho hayır küfür ed küfüre yazık
okula gitmek istemiyorum avazım çıktığı bağıracağım ,kizgin,okul git iste avaz çık bağır
lan delireceğim boyum kısalmış çekmişim amk boy atın denizlere ,kizgin,lan delir boy kısal çek amk boy at deniz
sinirden köpürdüm an birini ciddi anlamda tokatlamam gerekiyor muhtemelen yarın okuldanda atılırım mis ,kizgin,sinir köpür an biri ciddi anlam tokatla gerek muhtemelen yarın okuldanda atıl mis
sinirden köpürdüm allah kahretsin ,kizgin,sinir köpür allah kahret
vs kanal salak kanal görmedim gerizekalılar sinirden köpürdüm ,kizgin,vs kanal salak kanal gör gerizekalı sinir köpür
ay yemin ediyorum başıma ağrı girdi sinirden köpürdüm annenin çaresizliğini görünce ,kizgin,ay yem ed baş ağrı gir sinir köpür anne çare gör
sinirden köpürdüm gram tahammülüm kalmadı patlıyacam yakında ,kizgin,sinir köpür gram tahammül kal patlıyacam yakında
penaltı yaptı arkadaşım gerideyiz ağzıma gelirse söylüyorum sinirden köpürdüm resmen oldu ,kizgin,penaltı yap arkadaş geri ağz gel söyl sinir köpür resmen ol
gece gece sinirden köpürdüm ,kizgin,gece gece sinir köpür
evin duvarından tut yerdeki halıya öfkeliyim kapı tokatlıcam birazdan ,kizgin,ev duvar tut yer halı öfke kap tokatlıcam birazdan
aralar aşırı öfkeliyim şanslı pıtırcık dayak yemek istiyor ,kizgin,arala aşırı öfke şans pıtırcık dayak yemek ist
gideceğim yere yürüyen merdivenle gitmek istiyorum üşengeç öfkeliyim ,kizgin,gid yer yürü merdiven git ist üşengeç öfke
unutturan herşeye öfkeliyim ,kizgin,unut herşey öfke
gripli öfkeliyim yüzden hepinizi karantinaya alıyorum ,kizgin,grip öfke yüz hep karantina al
yüm dünyaya öfkeliyim biliyor musunuz ,kizgin,yüm dünya öfke bil mu
yaşındayım baştaki tivit silinmiş sinirliyim ,kizgin,yaş baş tivit silin sinirli
ezip attığımız gs aramızda puan delireceğim ,kizgin,ez at gs ara puan delir
aşırı sinirliyim dayak yemek isteyen anıta gelsin ,kizgin,aşırı sinirli dayak yemek iste anıt gel
küfür etmek istemiyorum amına koyayım ,kizgin,küfür et iste am koy
günaydın agresif uyandım dayak yemek isteyen yazsın konum atacağım ,kizgin,günaydın agresif uyan dayak yemek iste yaz konu at
pis küfredesim edeceğim küfür kaliteli amk ,kizgin,pis küfred ed küfür kalite amk
izin verirsen küfür edeceğim kulaklarını kapatır hatırlamanı istemem ,kizgin,iz ver küfür ed kulak kapat hatırla iste
ağzımı açarmayayım numara küfür edeceğim ,kizgin,ağz açarmayayım numara küfür ed
ses annecim bağıracağım televizyonun sesini kıs anne ,kizgin,ses anne bağır televizyon se kıs anne
hayata öfkeli değilim öfkeliyim bebeğim ,kizgin,hayat öfke değil öfke bebeğ
öfkeliyim delireceğim of lan of ,kizgin,öfke delir of lan of
kimseye hayır diyememe huyumdan nefret ediyorum gelse başıma yüzden geliyor ,kizgin,kimse hayır di huy nefret ed gel baş yüz gel
yüzden tiplerden nefret ediyorum roknnroll baybii ,kizgin,yüz tip nefret ed roknnroll baybii
klasik sınavlardan nefret ediyorum test modern çağın sınavıymış geliyor ,kizgin,klasik sınav nefret ed test modern çağ sınav gel
mal kızım sende hırsızsın ,kizgin,mal kız se hırsız
trabzonspor küme düşer oğlum mal ,kizgin,trabzonspor küm düş oğl mal
betül demir mal klibine gerçek hayattan uyarlanmıştır yazıyorsun ,kizgin,betül demir mal klib gerçek hayat uyarla yaz
ateş uyusana mal ,kizgin,ateş uyu mal
sprite içersen seninde paran gidecek mal ,kizgin,sprite içer seninde para gid mal
annem dediki mal git yurtta kal yol çekiyorsun ,kizgin,anne dediki mal git yurt kal yol çek
derdine mal gerizekalı hayır dedik yalan yanlış konuşuyorsun ,kizgin,derd mal gerizekalı hayır de yalan yanlış konuş
bilgisayardan anlayan varsa dm atsın delireceğim ,kizgin,bilgisayar anla var dm at delir
ayşe banu doğumluydu kız delireceğim ,kizgin,ayşe banu doğum kız delir
kedim kızgınlığa girdi ulusa seslenir miyavlıyo yeter delireceğim ,kizgin,kedi kızgın gir ulu seslen miyavlıyo yeter delir
tivit atmış emile zola sevdiğim kadın yazardır delireceğim abi cahilsin bari çaktırma ,kizgin,tivit at em zola sev kadın yaz delir abi cahil bari çaktır
yok arkadaş uyandıramıyorum delireceğim ,kizgin,yok arkadaş uyan delir
temiz delireceğim fırsat kolluyorum kaldı ,kizgin,temiz delir fırsat koll kal
tivitlerimi görmesi gereken görmüyor delireceğim ,kizgin,tivitlerimi gör gerek gör delir
sinirli uyandım yastığa yumruk atacağım dayak yemek isteyen bulsun ,kizgin,sinirli uyan yastığ yumruk at dayak yemek iste bul
gündür çiğköfte yemiyorum delireceğim yakında ,kizgin,gün çiğköfte ye delir yakında
politikacı elitliğini kafam almıyor delireceğim ,kizgin,politika elit kafa al delir
takımlar ceplerine puan koydu puan delireceğim ,kizgin,takım cep puan koy puan delir
resim paylaşmayın allahın cezaları resim paylaşmayın delireceğim yapmayın ,kizgin,resim paylaş allah ceza resim paylaş delir yap
bugün sinirden delireceğim ,kizgin,bugün sinir delir
oradan baktım torbacıya benziyorum gerizekalı ,kizgin,ora bak torba benz gerizekalı
gerizekalı twitter kasıyorsun ,kizgin,gerizekalı twitter kas
gel desem yolu bulamazsın gerizekalı ,kizgin,gel de yol bul gerizekalı
birine şerefsiz hitap etmek mnet bağıracağım nasılsa aynı ,kizgin,biri şeref hitap et mnet bağır nasılsa aynı
allah boy veriyor tip veriyor zekadan kısıyor nabalım gerizekalı ,kizgin,allah boy ver tip ver zeka kıs nabalım gerizekalı
bakışta gerizekalı sandım cidden gerizekalıymışsın ,kizgin,bakış gerizekalı san cidden gerizekalı
baş ağrısıyla güne başladım sinirliyim ilişmeyin ,kizgin,baş ağrı gün başla sinirli iliş
şehri labirent yapmışlar amına koyum sinirliyim ,kizgin,şehr labirent yap am koy sinirli
sinirliyim neye belli ruh halinden acilen çıkmalıyım ,kizgin,sinirli ne belli ruh hal acilen çık
hava kapalı yarın okul aşırı sinirliyim ,kizgin,hava kapalı yarın okul aşırı sinirli
aykut takımdan gitmediği sürece maç anasına bacısına küfür edeceğim ,kizgin,aykut tak git süre maç ana bacı küfür ed
listemde yan apartmana doğru bağıracağım ,kizgin,liste yan apartman doğru bağır
sinirli olmadığım anlamına gelmiyor sıraya girin dayak atacağım ,kizgin,sinirli ol anlam gel sıra gir dayak at
yerlere çekip gitmek istiyor amk tutan lan bağıracağım sonunda ,kizgin,yer çek git ist amk tut lan bağır sonunda
yazıklar bağıracağım ,kizgin,yazık bağır
derste aniden kalkıp allahu ekber bağıracağım vallahi yeter ,kizgin,ders aniden kalk allahu ekber bağır vallahi yeter
üsküdarda onlaynım birazdan üsküdardan yan lo yurdu bağıracağım ,kizgin,üsküdar onlaynım birazdan üsküdar yan lo yu bağır
şeysiniz bağıracağım ,kizgin,şey bağır
gün oldu yetmez ceza bağıracağım suratına suratına olcak ,kizgin,gün ol yet ceza bağır surat surat olcak
millet mal bağıracağım ,kizgin,millet mal bağır
arap görürsem haydi yallah arabistana bağıracağım ,kizgin,arap gör haydi yallah arabistan bağır
an sinirimden pcyi alıp camdan aşağı atmamak kendimi zor tutuyorum ,kizgin,an sinir pc al cam aşağı at kendi zor tut
havaya küfür edicem kış yaz aq karar ver ,kizgin,hava küfür edicem kış yaz aq kar ver
babam makinamı kırdım almam diyor sinir küpüne dönüştü adam ,kizgin,baba makina kır al di sinir küp dönüş ada
çolak kere iğrendim nefret ettim ,kizgin,çolak ker iğren nefret et
maliyet muhasebesi sorunun cevabını bulamıyorum çıldıracağım ,kizgin,maliyet muhasebe soru cevab bul çıldır
yaşındaki çocuk konuşan kızlara sinir oluyorum ,kizgin,yaş çocuk konuş kız sinir ol
dizilerde içki görüntüsünu bulanıklaştıran rtük beyniniz bulanmış gece gece sinirlendim ,kizgin,dizi içki görüntüsünu bulanık rtük beyn bulan gece gece sinirlen
tanrım kafayı yemek üzereyim ,kizgin,tanrı kafa yemek üzere
kızı unutalı sene geçti gördüm sinirlendim ,kizgin,kız unut se geç gör sinirlen
abi kafayı yiyeceğim ,kizgin,abi kafa yi
sinirliyim araç sürmeme izin vermiyorlar anahtar saklamak ,kizgin,sinirli araç sürme iz ver anahtar sakla
eray lütfen defol git bıktık tarıkdan defol yaa defol ,kizgin,eray lütfen defol git bık tarıkdan defol yaa defol
bakın nefret edebilirsiniz numaramı naptınız bilinmeyenin araması hoş ,kizgin,bak nefret ed numara naptınız bilinmeyen ara hoş
arkamdaki kız susmak bilmedi çıldırtacak ,kizgin,arka kız sus bil çıldır
şeylere sinirlendim bacağım ağrıyor sinirlendim sinirliyim ,kizgin,şey sinirlen bacağ ağr sinirlen sinirli
sigarayı bıraktığımdan mutfak spor algılarım değişti sinirleniyorum ,kizgin,sigara bırak mutfak spor algıla değiş sinirlen
sokakta tükürene acayip sinirleniyorum ,kizgin,sokak tükür acayip sinirlen
aklımda işin defol git ,kizgin,akl iş defol git
süre igada kalırsam kafayı yiyeceğim ,kizgin,sür igada kal kafa yi
sinirlendim oynamıyorum superstar bts ulan aşırı gerildim an ,kizgin,sinirlen oyna superstar bts ulan aşırı ger an
allah kimseyi gerizekalı insanlarla sınamasın ,kizgin,allah kimse gerizekalı insan sın
parmak uçlarıma sinir doluyum kafayı yiyeceğim ,kizgin,parmak uç sinir dolu kafa yi
cahil beyinliler bilmişlik yapıyor sinir oluyorum abi ,kizgin,cahil beyin bil yap sinir ol abi
aziz yıldırım defol git fenerbahçe’nin başından ,kizgin,aziz yıldırım defol git fenerbahçe baş
gittin alabildin sandın kızgınım ,kizgin,git al san kızgın
hürrem hain kadın gelmedi kainata bak aklıma geldi sinirlendim ,kizgin,hürrem hain kadın gel kainat bak akl gel sinirlen
fena iftira atıldı üstüme an sinirliyim ,kizgin,fena iftira atıl üst an sinirli
sinirliyim bilmiyorum ,kizgin,sinirli bil
tüpçüden başkan defol git demirören ,kizgin,tüp başkan defol git demirören
kadına laf söyleniyor erkekler melekmiş sinirleniyorum ,kizgin,kadı laf söylen erkek melek sinirlen
küfür ihtiyaç kardeşim etmesek sinir küpü oluruz birbirimizi doğrarız ,kizgin,küfür ihtiyaç kardeş et sinir küp ol birbiri doğra
altanı vurasım an sinirden kudurdum ,kizgin,altan vur an sinir kudur
yemin ederim sinirli halimi görmek istemessiniz ,kizgin,yem ed sinirli hal gör istemessiniz
dolunaydan mıdır agresifim gece ,kizgin,dolunay mı agresif gece
agresifim kesin birini tekmeleyeceğim bugün ,kizgin,agresif kesin biri tekmele bugün
dallanmayı dallama okudum agresifim ,kizgin,dal dallama oku agresif
yemin ederim sizinle uğraşamam benimle muhatap olmayın ,kizgin,yem ed siz uğraş ben muhatap ol
diş ağrısı amk yanağım delireceğim yemin ederim ,kizgin,diş ağrı amk yanağ delir yem ed
sinirliyim sebebini bilmiyorum ,kizgin,sinirli sebeb bil
ara sinirleniyorum geçiyor sinirim ,kizgin,ara sinirlen geç sinir
kolaya giden maçları zora çevirmekte üstümüze yok sinir küpü durumlar ,kizgin,kola gid maç zor çevir üst yok sinir küp durum
kaçıncı sıradayız bende gözükmüyor delireceğim ,kizgin,kaçıncı sıra ben gözük delir
sinirleniyorum kendime sinirlendiğim sinirleniyorum ,kizgin,sinirlen kendi sinirlen sinirlen
sinirlenince cümle kuramamaktan nefret ediyorum ,kizgin,sinirlen cümle kur nefret ed
belalar durduk yere gelip buluyor kafayı yiyeceğim ,kizgin,bela dur yer gel bul kafa yi
gelecek kaygısı defol git saatte sıkboğaz ediyosun insanı ,kizgin,gelecek kaygı defol git saat sıkboğaz ediyosun insa
gecemi geciktiren akşama kızgınım ,kizgin,gece gecik akşam kızgın
rizeli olmakta zor durup dururken sinirleniyorsun bak sinirlendim ,kizgin,rize ol zor dur dur sinirlen bak sinirlen
instagram kafayı yemin ederim takip ettiklerimi takipten çıkarıyor tanımadığım insanları takip ediyor ,kizgin,instagram kafa yem ed takip et takip çıkar tanı insan takip ed
nefret ediyorum günü çalışmaktan ,kizgin,nefret ed gün çalış
malsın farkındayım azcık mantıklı mal ol ,kizgin,mal fark az mantık mal ol
farklı agresifim kaşar yoluklasam sakinleşirim ,kizgin,fark agresif kaşa yoluklasam sakin
kendime konuşurken başkası araya girince sinirleniyorum ,kizgin,kendi konuş başka ara gir sinirlen
fatura kesmeye gelen ekpleri bina içine almak sinir bozucu kimsiniz diyince tepki veriyorlar sanırsın apartman yabancıyız ,kizgin,fatura kes gelen ekpleri bina iç al sinir boz kim diyince tepki ver san apartman yabancı
sinir akıyor kanımdan yemin ederim kafayı yiyeceğim ,kizgin,sinir ak kan yem ed kafa yi
götümün kenarındaki triplere bak atomu parçaladı gerizekalı ,kizgin,göt kenar trip bak atom parçala gerizekalı
benle konuşurken anında görüldü olmazsa sinirleniyorum ,kizgin,ben konuş anında gör ol sinirlen
nazlı an ağır küfürler etmek istiyorum ,kizgin,naz an ağır küfür et ist
istifa etme kovdur mal ,kizgin,istifa et kov mal
umrumda lan mal ,kizgin,umrumda lan mal
sinirliyim soruyorum kendime cevabını bulamadiğim sinirleniyorum ,kizgin,sinirli sor kendi cevab bulamadiğim sinirlen
haber sitesi sanan sayfaların saçma sapan yazılarını doğru sormaktan vazgeçin ,kizgin,haber site san sayfa saçma sap yazı doğru sor vazgeç
dakika hattım aramaya kapanıyor kafayı yiyeceğim gelsin günü avans alayım ,kizgin,dakika hatt ara kapan kafa yi gel gün avans al
ülkede kız yaşamaktan nefret ettim ,kizgin,ülke kız yaşa nefret et
irkçıları bitirelim lütfen sinirleniyorum hemen ,kizgin,irkçıları bitir lütfen sinirlen hemen
ülkemizdeki gerizekalı portföyü bildiğimizden fazlaymış meğer ,kizgin,ülke gerizekalı portföy bil fazla meğer
bi hadsizlik filmde resmen sinirden küplere bindim islamı yerden yere vurdu ,kizgin,bi had film resmen sinir küp bin islam yer yer vur
otu boku ünlü yaptınız saçma sapan tripler çekiyoruz ,kizgin,ot bok ün yap saçma sap trip çek
aziz kiraz saçma sapan insanları yutubır yapıyorsunuz ,kizgin,aziz kiraz saçma sap insan yutubır yap
odada yatak masa varken benimkileri kullanıyorsun mal ,kizgin,oda yatak masa var benimki kullan mal
samimiyetsizlik hissettiğimde sinirleniyorum ,kizgin,samimiyet hisset sinirlen
erken kalkıyorsun üstüne bide mal mal saatin gelmesini bekliyorsun kafayı yiyeceğim ,kizgin,erken kalk üstüne bide mal mal saat gel bekl kafa yi
kapasiteniz küfür hakaret bok zannetme ,kizgin,kapasite küfür hakaret bok zannet
saçma sapan insanlara ayırıyorum iyice mallaştım ,kizgin,saçma sap insan ayır iyi mal
araba tl harcadım bugun trafik cabası sinirliyim ,kizgin,araba tl harca bug trafik caba sinirli
delirmek olduğum sahne eyşan kızgınım ,kizgin,delir ol sahne eyşan kızgın
iphone “yok” yazınca “yök” düzeltiyorsun mal ,kizgin,iphone yok yaz yök düzelt mal
hayatımdan defol git gayri haykırmak istiyorum ,kizgin,hayat defol git gayri haykır ist
agresifim herşeyden nefret edeceğim gece ,kizgin,agresif herşey nefret ed gece
açmadığım arıyosun mal ,kizgin,aç arıyosun mal
kedim veterinere götürdüm nefret ediyor gece saldırmasa bari ,kizgin,kedi veteriner götür nefret ed gece saldır bari
kimya dersinden nefret ediyorum mol çözemiyorum ,kizgin,kimya ders nefret ed mol çöz
banu parlak beyni olman embesildir sinirlendim gece gece ,kizgin,banu parlak beyn ol embesil sinirlen gece gece
sinirlendim sakat insan ,kizgin,sinirlen sakat insan
saçma sapan konuşma lan fatih hocadan bahsederken ,kizgin,saçma sap konuş lan fatih hoca bahsed
bilim adamları tırnak kırılmasına çözüm bulun çıldıracağım ,kizgin,bili adam tırnak kır çöz bul çıldır
doldurmadık insan konmuyoruz sinirlendim ,kizgin,doldur insan kon sinirlen
sanırım öğrenci işleri sayesinde kafayı yiyeceğim ,kizgin,san öğrenci iş sayesinde kafa yi
kendime konuşunca araya girince sinirleniyorum ,kizgin,kendi konuş ara gir sinirlen
an sokağa çıkıp sağda solda eyşana küfürler saçmak istiyorum sinirden delirdim resmen ,kizgin,an sokağ çık sağ sol eyşan küfür saç ist sinir delir resmen
tülin kafasında bardak kıran caner öfkeliyim bugün ,kizgin,tülin kafa bardak kıran caner öfke bugün
yalan söylemene zekamı hafife almana sinirleniyorum ,kizgin,yalan söyle zeka hafif alman sinirlen
kavat oğlum müslüman rahatsız oldum paylaşımına adeta sinirden küplere bindim adi herif ,kizgin,kavat oğl müslüman rahat ol paylaşım adeta sinir küp bin adi herif
acıkınca sinirleniyorum hemen yemek getirin ,kizgin,acık sinirlen hemen yemek getir
amblemi göstericem arabayı vurucan gerizeka önüne bak ,kizgin,amblem göstericem araba vurucan gerizeka ön bak
birinize öfkeliyim denk gelirsem çarparım söyleyeyim ,kizgin,biri öfke denk gel çarp söyle
sakin ol deyince sinirleniyorum ,kizgin,sakin ol deyi sinirlen
aşırı ağzı gevşekleri hatırladım an sinirlendim ,kizgin,aşırı ağz gevşek hatırla an sinirlen
naber nasılsın sorusuna sanane aq diyecek agresif hissediyorum ,kizgin,naber nasıl soru sanane aq di agresif hissed
inanılmaz agresif hissediyorum boş manasız öfke içimde bulamıyorum sebebini yaşayıp geçirmiş dm ,kizgin,inanılmaz agresif hissed boş mana öfke iç bul sebeb yaşa geçir dm
bak arşivlediğim tozlu mesajları okuyup sinirlendim ,kizgin,bak arşivle toz mesaj oku sinirlen
mesaj atınca sinirden küplere bindim ,kizgin,mesaj at sinir küp bin
zeki insanlar çabuk sinirlenir okudum yerde oldu bilmiyorum anda küplere bindim ,kizgin,zeki insan çabuk sinirlen oku yer ol bil an küp bin
bugün yeterince sinirlendim yeter susun ,kizgin,bugün yeterince sinirlen yeter sus
aklıma yanıma geleceksin gerizekalı ,kizgin,akl yan gel gerizekalı
yatmadan ballı süt içiyorum çocukça davranma diyorsun mal ,kizgin,yat ball süt iç çocukça davran di mal
sinir olunca kızarıyorum kızardıkça sinir oluyorum ,kizgin,sinir ol kızar kızar sinir ol
ateist davranma mal gel ,kizgin,ateist davran mal gel
damar yoluna direk takılan yolluya sinir oluyorum kızım ,kizgin,damar yolun direk takıl yol sinir ol kız
aşırı sinirlendim üstüne üstlük açım ,kizgin,aşırı sinirlen üstüne üst açı
ay birde kokluyorlar sinir oldum içine gir içine tövbe yarabbi ,kizgin,ay bird kokl sinir ol iç gir iç tövbe yarabbi
lan saatte doğa fotosu paylaşmak mal ,kizgin,lan saat doğ foto paylaş mal
içerdeye ödül vermediler an exoya haksızlık yapılmış kızgınım ,kizgin,içerdeye ödül ver an exoya hak yap kızgın
lan salak salak konuşup delirtmeyin kes lan sendeee yarım aklınla konuşup durma ,kizgin,lan salak salak konuş delir kes lan sendeee yarım akl konuş dur
insanlara soy ağacının açıklamasını yapsın kafayı yiyeceğim ,kizgin,insan soy ağac açıklama yap kafa yi
fena takıldım bak sinir oldum okuyamıyorum yaz hele ,kizgin,fena takıl bak sinir ol oku yaz hele
beyaz showu izledim demet özdemirin bilmişliği sinir oldum takipten çıktım ,kizgin,beyaz show izle demet özdemir bil sinir ol takip çık
gezegen saçma sapan insanlarla dolu ,kizgin,gezegen saçma sap insan dolu
gece açık sözlü agresifim sanırım kaşınıyorum ,kizgin,gece açık sözlü agresif san kaşı
gömleğini ütüleyeyim baba diyorum mavilerini diyor mavi kafayı yiyeceğim ,kizgin,gömleğ ütüle baba di mavi di mavi kafa yi
bune yavaş internet sinirliyim söveceğim ,kizgin,bune yavaş internet sinirli söv
rakipleri yenemediği sinirlendim nolur yanlış anlama ,kizgin,rakip yen sinirlen nolur yanlış anla
gün terkedip deniz kenarında dans ede ede tertemiz delireceğim ,kizgin,gün terked de kenar dans ed ed tertemiz delir
gündür aşırı derecede sinirliyim sebepsizce ,kizgin,gün aşırı derece sinirli sebep
baş ağrısı ders çalışmama engel yüzden agresifim ,kizgin,baş ağrı ders çalış engel yüz agresif
içimdeki kini üzerinize kusmak istiyorum aşırı sinirliyim ,kizgin,iç kin üzer kus ist aşırı sinirli
soyağacıma bakamadım agresifim site acilen açılmalı ,kizgin,soyağacıma bak agresif sit acilen aç
düzen takıntınız varsa fotoğraflar yüksek derecede sinir bozucu ,kizgin,düz takıntı var fotoğrafla yüksek derece sinir boz
efsane uyumu saçma sapan şeylerle harcıyorsun ruh hastası senarist ,kizgin,efsane uyum saçma sap şey harc ruh hasta senarist
kesinlikle aksine öfkeleniyorum inceden ,kizgin,kesinlikle aksine öfkelen inceden
tanımak istemiyorum arkadaşlarından nefret ediyorum ,kizgin,tanı iste arkadaş nefret ed
aptal insanlarla muhattap olmayım tekrarlamaktan nefret ediyorum ,kizgin,aptal insan muhattap olmayım tekrarla nefret ed
köylü müsünüz nesiniz sinirlendim ,kizgin,köy mü ne sinirlen
yaş çabuk geçiyor yıllar kafayı yiyeceğim ,kizgin,yaş çabuk geç yılla kafa yi
sabaha cs go atıp ruslara küfür edicem ,kizgin,sabaha cs go at rus küfür edicem
agresifim karşıma çıkanın ağzına vurasım ,kizgin,agresif karşı çık ağz vur
mal bağırasım ,kizgin,mal bağır
millete ay gelen arşiv özelliği yeni gelmiş ey instagram mal ,kizgin,millet ay gelen arşiv özelliğ yeni gel ey instagram mal
kanıtlamaya çalışıyorsun mal ,kizgin,kanıtla çalış mal
of sinirleniyorum top sinir küpü oldum ,kizgin,of sinirlen top sinir küp ol
doğrusu yanlışı ağrısı sancısı diyen nilüfer bağıracağım kaldı ,kizgin,doğrusu yanlış ağrı sancı di nilüfer bağır kal
kasıtlı özürle düzeltilemez defol ülkemden ,kizgin,kasıt özür düzelt defol ülke
sesin kulaklarımdan gitmiyor kafayı yiyeceğim ,kizgin,ses kulak git kafa yi
saatlerdir yataktan kalkıp duş alayım uğraşıyorum kalkamıyorum delireceğim ,kizgin,saat yatak kalk duş al uğraş kalk delir
ara sinir oluyorum dayak yiyeceğim yada dayak atıcam açıklaması yok ,kizgin,ara sinir ol dayak yi yad dayak atıcam açıklama yok
of güçlü diziler star gerizekalı ,kizgin,of güçlü dizile star gerizekalı
kramp nefret ediyorum ,kizgin,kramp nefret ed
özelden attığın mesaja dikkat et mal ,kizgin,özel at mesaj dikkat et mal
direkt kupayı al istersen kardeşim mal ,kizgin,direkt kupa al iste kardeş mal
saçma sapan hatalar yapıyoruz şimdiye fark sayıydı ,kizgin,saçma sap hata yap şimdi fark say
agresifim insanlar gerizekalı olmaz rüya ,kizgin,agresif insan gerizekalı olmaz rüya
sınavım sinirliyim agresifim ,kizgin,sınav sinirli agresif
sinirliyim kilo dondurma anca geçirir ,kizgin,sinirli kilo dondurma anca geçir
ciddi bi diyete başladım aşırı agresifim aşırı yalnız ,kizgin,ciddi bi diyet başla aşırı agresif aşırı yalnız
burda gıybetını yapmayacaksak twit atalım mal ,kizgin,bur gıybetını yap twit at mal
çevrem gerizekalı dolu kankam ,kizgin,çevre gerizekalı dolu kanka
beklenen anlardan nefret ediyorum doğaçlama takılsanıza ,kizgin,bek an nefret ed doğaçlama takıl
saçma sapan kişilere tahammülüm kalmadı ,kizgin,saçma sap kişi tahammül kal
gerizekalı sınıf arkadaşlarımı görmeye hazır değilim ,kizgin,gerizekalı sınıf arkadaş gör hazır değil
tokamı buldum düzgün toplamıyor aşırı gevşemiş sinirden kudurdum ,kizgin,toka bul düzgün topla aşırı gevşe sinir kudur
anla büyük harflerden ürktüm ,korku,anla büyük harf ürk
rezil rüya gördüm bugün ürktüm ,korku,rezil rüya gör bugün ürk
içinizde öldürdüğünüz kişiyi karşınızda görmek korkutucu ,korku,iç öldür kişi karşı gör korkut
rüzgar sesi korkutucu ,korku,rüzgar se korkut
kuş fobim evde kuş yaşıyor ,korku,kuş fobi ev kuş yaş
ikizler burcuna fobim ,korku,ikizle burc fobi
özel hayatıma burnunu sokan insanlara fobim ,korku,özel hayat burn sok insan fobi
erken yatma fobim ciddi ciddi korkuyorum uyumaktan ,korku,erken yat fobi ciddi ciddi kork uyu
dişçiye gitmem gerekiyor lakin dişçi fobim ,korku,diş git gerek lakin diş fobi
polonyada doğalgaz boru hattında patlama ,korku,polonya doğalgaz bor hatt patla
yeni kuş biçim suratıma atlıyor ödüm koptu resmen ,korku,yeni kuş biçim surat atl öd kop resmen
gördüğüm kabus yüzünden gece uyumadım ,korku,gör kabus yüzünden gece uyu
kalpsiz olmanız gerçekten korkutucu ,korku,kalp ol gerçekten korkut
korku filmi izleyemiyorum gerçekten korkuyorum ,korku,korku film izle gerçekten kork
ayındaki dolu yağışında yolculuk yapan uçağın korku dolu anları ,korku,ay dolu yağ yolcu yap uçağ korku dolu an
nijeryada bombalı saldırı ölü yaralı ,korku,nijerya bomba saldırı ölü yar
belge unutulsun patlama olabilir afrine girilebilir ,korku,belge unut patla ol afrin gir
harcadım atmde bekliyorum korkuyorum ,korku,harca atm bekl kork
kedilerin hayvanlardan korkutucu anlar ,korku,kedi hayvan korkut anla
kanada afrindeki askeri eylemlerin tırmanması endişe verici ,korku,kana afrin askeri eylem tırman endişe ver
nolur moda bulsun ödüm koptu hanımefendi ,korku,nolur moda bul öd kop hanımefendi
demin deprem sandım ödüm koptu ellerim titriyor korkudan ,korku,demin deprem san öd kop elle titr korku
umut bulut fenerbahçe’de okudum ödüm koptu ,korku,umut bulut fenerbahçe oku öd kop
öldün kaldın endişelendim ,korku,öl kal endişelen
geleneksel kar tweetlerinizi kaldı endişelendim ,korku,gelenek kar tweet kal endişelen
alaska’da deprem olmuş endişelendim nasılsın ,korku,alaska deprem ol endişelen nasıl
direktiflerden kadın irkildim vah erkeklere ,korku,direktif kadın irkil vah erkek
kobra geçiyor irkildim şuan allahım koru yarabbim ,korku,kobra geç irkil şua allah koru yarabbi
bilemedim doğruysa vahim durum okurken irkildim ,korku,bil doğru vahim durum oku irkil
ardeşim montunu arkama şekil koymuş birden arkama dönünce irkildim ,korku,ardeşim mont arka şekil koy birden arka dön irkil
dalıp gitmişim yıldırım demirörenin konuşmasıyla irkildim dinliyorum ,korku,dal git yıldırım demirören konuş irkil dinl
içim geçmişti uyuyordum tweet bildirimine irkildim ,korku,içim geç uy tweet bildirim irkil
aniden aklıma sayısı geldi birden irkildim ,korku,aniden akl sayı gel birden irkil
bayadır kaos görmüyordum taymda görünce bi irkildim ,korku,ba kaos gör taymda gör bi irkil
kabus kabus rüya gördüm ,korku,kabus kabus rüya gör
kabus rüya gördüm gün okulum yarım saat saatlik dersler ,korku,kabus rüya gör gün okul yarım saat saat ders
çektim namussuz ürkecek ödüm koptu ,korku,çek namus ürk öd kop
makarna yapmaya çalışırken evi yakıyordum amk ödüm koptu modelim anlamadım gitti ,korku,makarna yap çalış ev yak amk öd kop model anla git
gol yedik ofsayt ödüm koptu dondum saniye ,korku,gol ye ofsayt öd kop don saniye
yanlışlıkla ses video açtım ödüm koptu ,korku,yanlışlıkla ses video aç öd kop
duyu organım kulaklıklarımı evde unuttum sandım ödüm koptu ödüm ,korku,duy organ kulak ev unut san öd kop öd
korku filmi çekiyosun trafo kardeş patlayacaksan adam akıllı patla ödüm koptu ,korku,korku film çekiyosun trafo kardeş patla ada akıl patla öd kop
instagram birden hesabımdan çıkış yaptı ödüm koptu hesabım çalındı sandım ,korku,instagram birden hesab çıkış yap öd kop hesab çal san
kapılırsam sonu yok herşeyi feda edeceğim ürkütücü ,korku,kapıl son yok herşey feda ed ürküt
toplumun kötüde kötülükte birleşmesi ürkütücü ,korku,toplum kötü kötülük birleş ürküt
korktun video çeken kız ünlü olmuş korktum ,korku,kork video çek kız ün ol kork
yastığımın altından siri konuştu korktum be ,korku,yastığ alt sir konuş kork be
oturduğumuz mekanın camı düştü korktum ,korku,otur mekan cam düş kork
kızlardan korkun bence korktum ,korku,kız kork bence kork
uykudan ölüyorum yatamıyorum galiba annem haklı yatma fobim ,korku,uyku öl yat galiba anne hak yat fobi
sarı bez fobim üzerindeki kırıntılardan arındıramıyorsun bezi ,korku,sarı bez fobi üzer kırıntı arın bez
yaşlı amcalara teyzelere fobim galiba korkutuyorlar ,korku,yaş amca teyze fobi galiba korkut
kedileri sevmiyorum fobim hate kediler ,korku,kedi sev fobi hate kedi
özgüvenim biriyle tanışma fobim ,korku,özgüven biri tanış fobi
bursa’da korkunç kaza ölü yaralı ,korku,bursa korkunç kaz ölü yar
korktum kaybetmekten sonuç kaybettim ,korku,kork kaybet sonuç kaybet
tarkan mimiklerinden korktum oldu ,korku,tarkan mimik kork ol
babam arabayı vermemekte haklı galiba korktum yere çarpmaktan ,korku,baba araba ver hak galiba kork yer çarp
saçımdaki lastik tokanın kopmasıyla irkildim vallahi korkakmışım ,korku,saç lastik toka kop irkil vallahi korkak
ilkokulda tahtaya ismim yazıldığında korkardım ,korku,ilkokul tahta ism yaz kork
sustum sessize aldım dilimi vakit anacak olsam içim titredi ,korku,sus sessiz al dil vakit an ol içim titre
kabuslarla dolu gece ,korku,kabus dolu gece
karabasan çöktü hayatımıza korkuyorum ,korku,karabasan çök hayat kork
kaza geçirdiğin yerde öldün sandım korktum naptınız ,korku,kaz geçir yer öl san kork naptınız
hayatımın güzel yıllarının yıllar olmasından korkuyorum ,korku,hayat güzel yıl yılla ol kork
korkuyorum cesaretim kayıp ,korku,kork cesaret kayıp
yanlız bırakma ışığı kapatma korkarım ,korku,yanlız bırak ışığ kapat kork
korkuyorum yarın geç geleceksen gün gelsene ,korku,kork yarın geç gel gün gel
karanlıktan gök gürültüsünden korkuyorum geri uyuyacam ,korku,karanlık gök gürültü kork geri uyuyacam
kötü yağmur yağıyor korkuyorum ,korku,kötü yağmur yağ kork
tarz sessiz sakin havalardan nedense korkuyorum fırtına öncesi sessizlik ,korku,tarz sessiz sakin hava nedense kork fırt önce sessiz
evet karanlıktan korkuyorum ödüm bokumda an ,korku,evet karanlık kork öd bok an
yüksekten düşmekten korkuyorum ,korku,yüksek düş kork
gök gürültülü şimşekli havaları sevmem korkuyorum gök gürültüsü duyunca titrerim aşırı korkuyorum ,korku,gök gürültü şimşek hava sev kork gök gürültü duy titre aşırı kork
lütfen psikologlar burda takip etmesin korkuyorum ,korku,lütfen psikolog bur takip et kork
kabus görünce uyumaya korkuyorum ,korku,kabus gör uyu kork
metro yolculuk zorunda kaldım can güvenliğimden endişeliyim ,korku,metro yolcu zor kal can güvenliğ endişe
ölmekten öldükten mahçup olmaktan korkuyorum ,korku,öl öl mahçup ol kork
lütfen karanlık fobim ,korku,lütfen karanlık fobi
aynen adam baya korkmuş endişeli röportaj istemişler ,korku,aynen ada bay kork endişe röportaj iste
endişe yüklü hayatlarımız ,korku,endişe yük hayat
sınava ay kaldı endişeliyim artırıyor ,korku,sınav ay kal endişe artır
ağustostemmuz olacak maksimum sıcaklığı düşününce ürktüm ,korku,ağustostemmuz ol maksimum sıcaklığ düşün ürk
yüreğime korku salındı allahım koru ,korku,yüreğ korku salın allah koru
gök gürlüyor şimşek çakıyor hemde feryat kilit fobim fobim ,korku,gök gürl şimşek çak hemde feryat kilit fobi fobi
aklımı kaybetmekten bulmaktan korkuyorum ,korku,akl kaybet bul kork
düşman kardeşleri izlerken yerden badenin anneannesi fırlayacak korkuyorum ,korku,düşman kardeş izle yer bade anneanne fırla kork
yağmur yağıyor vallahi acayip gök gürlüyor korkuyorum ,korku,yağmur yağ vallahi acayip gök gürl kork
ankarada güzel dostluklar biriktirdim korkuyorum ,korku,ankara güzel dostluk birik kork
biçim yağmur evin karşısındaki barda mahsur kaldım korkuyorum ,korku,biçim yağmur ev karşı bar mahsur kal kork
fırtına öncesi sessizlik hava ürktüm ,korku,fırt önce sessiz hava ürk
aralar yaşadığım şeylerin tek açıklaması gerçek hayat ölüm ayrılık başlangıç tereddüt korku ,korku,arala yaşa şey tek açıklama gerçek hayat ölüm ayrılık başlangıç tereddüt korku
sınav yaklaşıyor ders çalışmam lazım korkuyorum ,korku,sınav yaklaş ders çalış lazım kork
aslan edasıyla kükrüyordu numaralı koltukta uyuyan vatandaş hepimizi korku aldı ,korku,aslan eda kükr numara koltuk uyu vatandaş hep korku al
patlama sonrası fazla ölü ,korku,patla sonra fazla ölü
didem soydandan korkuyorum ürkütücü hatları ,korku,dide soydan kork ürküt hat
allah düşmanımı hematoloji koridorlarına düşürmesin kontrol gelmek ürkütücü ,korku,allah düşman hematoloji koridor düşür kontrol gel ürküt
dünya iyice çekilmez oldu yerden korku ölüm savaş deprem doğal afet haberi ,korku,dünya iyi çekil ol yer korku ölüm savaş deprem doğal afet haber
kar yağdığında yollar buz tutuyor araba sürmenin buz pateniyle kaymaktan farkı kalmıyor kaza yapacam korkuyorum ,korku,kar yağ yolla buz tut araba sürme buz paten kaymak fark kal kaz yapacam kork
evin türlü köşelerinden çıkan tesbihler update ettiriyor ürktüm ,korku,ev türlü köşe çık tesbih update et ürk
yarısı menopoz saklı gidiyorum ürktüm ,korku,yarı menopoz saklı gid ürk
havai fişek fabrikasında patlama ölü ,korku,havai fişek fabrika patla ölü
ara rüyasında görüyor sanırım kendime fazla dikkat etmeliyim ,korku,ara rüya gör san kendi fazla dikkat et
rüya gördüm korku gerilim ölüm şiddet varsa vardi annemi istiyorum ,korku,rüya gör korku gerilim ölüm şiddet var vard anne ist
vahşet seninle birbirimizden nefret edelim korku aklımızı öfke vicdanımızı körleştirsin durdurabiliriz ,korku,vahşet sen birbiri nefret ed korku akl öfke vicdan kör durdur
herşeyin sınırı peşin hükümden gayrı korkarım ,korku,herşey sınır peşin hüküm gayrı kork
bipolarım sanırsam kabuslar ,korku,bipolar san kabus
minecraftta madene girerken yasadığım korkuyu birşeyde yaşamadım ,korku,minecraft made gir yasa korku birşey yaşa
garezi izlediğim güne lanet korkunçtu ,korku,garez izle gün lanet korkunç
günaydın evet uyanığım vize korkuyorum ,korku,günaydın evet uyanığ vize kork
gidiyorsun korku ölüm bakmadığın leşler ardında ,korku,gid korku ölüm bak leş ard
gündür staj ağır tehlikeli işlerde çalışabilir raporu almaya çalışıyorum işten korkuyorum ,korku,gün staj ağır tehlike iş çalış rapor al çalış iş kork
kar yağdığında yollar buz tutuyor kaza yapmaktan korkuyorum korku filmi yol ,korku,kar yağ yolla buz tut kaz yap kork korku film yol
ölüm acı çekmek korkunç değildir korkunç bunlardan korku duymaktır ,korku,ölüm acı çek korkunç değil korkunç bu korku duy
bugün rüyam ölü gördüm korktum çocuk allah korusun ,korku,bugün rüya ölü gör kork çocuk allah koru
intihar etmiş of kabus ,korku,intihar et of kabus
bugün intihar etmek isteyen hesap rt ettim kabus ,korku,bugün intihar et iste hesap rt et kabus
kerkükte büyük facia ölü yaralı ,korku,kerkük büyük facia ölü yar
cami lojmanı inşaatında facia ölü yaralılar ,korku,cami lojman inşaat facia ölü yara
forma numarasını görünce istemsizce irkildim ,korku,form numara gör istem irkil
venezuelada korkunç yetkinliği başkan maduro halkına eziyet ediyor ekonomileri yerle olmuş durumda ,korku,venezuela korkunç yetkin başkan maduro halk eziyet ed ekonomi yer ol durum
ilerledikçe ürkütücü biçimde kadınlar birbirine benzemeye başladı ,korku,ilerle ürküt biçim kadın birbiri benze başla
ferhatı sedyede görence irkildim ,korku,ferhat sedye görence irkil
kabustu insaf ,korku,kabus insaf
patlama olmuş kişi sorularıyla gün tekrar ölmeye ediyoruz birileri yaşarken ,korku,patla ol kişi soru gün tekrar öl ed biri yaşa
seda sayan kırmızı gömlekli adamı görünce irkildim ,korku,seda say kırmızı gömlek ada gör irkil
bugün göremeyeceğim endişelendim kuzum ,korku,bugün gör endişelen kuzu
unnie kere aradık endişelendim ,korku,unnie ker ara endişelen
kuraklıktan balıkesir’de badem fidanları çiçek açtı çiftçi endişeli ,korku,kurak balıkesir bade fidan çiçek aç çiftçi endişe
uzaklaş izle kork hisset ,korku,uzaklaş izle kork hisset
zamandır stalklıyorum yoksun öldün kaldın endişelendim ,korku,zaman stalklıyorum yoksun öl kal endişelen
acı çeken birisinin intihar rüyada korkunç kabus gören kişinin aniden uyanmasına benzer ,korku,acı çek biri intihar rüya korkunç kabus gör kişi aniden uyan benzer
metro beklerken beynim yanlış komut verir metronun önüne atlarım korkuyorum pis fobi ,korku,metro bekle beyn yanlış komut ver metro ön atla kork pis fobi
dünya karanlık rüya kabus akıl almaz boşluk karadeliğin ,korku,dünya karanlık rüya kabus akıl al boşluk karadeliğ
gece korku filmi izlediğim uykum kaçtı perdenin arkasında korktum ödüm koptu ,korku,gece korku film izle uyku kaç perde arka kork öd kop
mısra aradı ağlıyor dedim ağlıyorsun korkmuş oldu tivit atarım ,korku,mısra ara ağl de ağl kork ol tivit at
korktum bağırıştı ,korku,kork bağır
korkmuş güzel baharım ,korku,kork güzel bahar
psikoloğa gitmem lazım korkuyorum birşeyim normal halimse ,korku,psikoloğ git lazım kork birşey normal halim
allahım gerçek kabus görüyorum aklımı kaçırmak üzereyim ,korku,allah gerçek kabus gör akl kaçır üzere
herşey tamı tamına saniye sürdü şiddetli sarsıntı hemen arkasından ürkütücü patlama sesi sağa sola koşuşturan insanlar ,korku,herşey tam tam saniye sür şiddet sarsıntı hemen arka ürküt patla se sağ sol koşuş insan
yazarsam bıkar yazmasam unutur korkuyorum herşey gurur değildir ,korku,yaz bık yaz unut kork herşey gurur değil
içimde öldürdüğüm kişiyi karşımda görmek ürkütücü açıkçası ,korku,iç öldür kişi karşı gör ürküt açıkçası
derimi yüzmüşlercesine acı çektim evet korktum ,korku,deri yüz acı çek evet kork
an cümlem yarıda kalacakmış geliyor yeni fobi türü ,korku,an cümle yarı kal gel yeni fobi tür
toplumun kötüde kötülükte birleşmesi ürkütücü ,korku,toplum kötü kötülük birleş ürküt
ameliyat odası ürkütücü gelmiyor buz oda koca koca ışıklar ,korku,ameliyat oda ürküt gel buz od koca koca ışıkla
yalnız ikisinin gizliden gizliye büyüyen korku gün gelip ayrılmak korkusu ,korku,yalnız iki gizli gizli büyü korku gün gel ayrıl korku
sensiz kalmaktan korktum sesini duyamamaktan görememekten korktum korktuğum oldu biliyorum ,korku,sen kal kork se duy gör kork kork ol bil
okuldakileri gündür rüyamda görüyorum kabus uyandım ,korku,okul gün rüya gör kabus uyan
ölmekten korkmuyorum sevilmeden ölmek ürkütücü ,korku,öl kork sev öl ürküt
gider birgün kalırsın başına gecenin sessiz ürkütücü karanlığında ,korku,gid birgün kal baş gece sessiz ürküt karanlığ
gösterilen yüzünü görürüz esas ürkütücü insanın görmediğimiz öteki yüzüdür ,korku,göster yüz gör esas ürküt insa gör öteki yüz
gün ürkütücü ses duyulacak ötelerden ,korku,gün ürküt ses duy öte
bunlarla aynı dünyada nefes almak ürkütücü ,korku,bu aynı dünyada nefes al ürküt
bilmelisiniz engeller gözlerinizi hedeften ayırdığınız gördüğümüz ürkütücü şeylerdir ,korku,bil engelle göz hedef ayır gör ürküt şey
söz uyuyacaktım uykum kaçtı ürkütücü foto ,korku,söz uyu uyku kaç ürküt foto
nehir okyanus yüzeyi bulanık derinlerinde ürkütücü duruluk mevcut ,korku,nehir okyanus yüzey bulanık derin ürküt duru mevcut
ölüm ürkütücü kurtuluşun tek kapısı salak saçma düzende ,korku,ölüm ürküt kurtul tek kapı salak saçma düze
ürkütücü konuşmuş kuş taraftarı ,korku,ürküt konuş kuş taraftar
hobi yayında sürekli öksürüyor acayip endişelendim ,korku,hobi yay sürekli öksür acayip endişelen
sevmiyorum sevemem aşırı ürkütücü ,korku,sev sev aşırı ürküt
aramandan korkuyorum aramayacağından ,korku,ara kork ara
gün başkalarının utanmaktan utanmaz arlanmaz adam çıkacağım korkuyorum ,korku,gün başka utan utanmaz arlanmaz ada çık kork
ayına gelince ‘sınav martdaydı kaçırdın demelerinden korkuyorum ,korku,ay gel sınav martdaydı kaçır deme kork
konserde sahneye dolma baklava atarlar korkuyorum ,korku,konser sahne dolma baklava at kork
korkuyorum gün sevmeyi unutacam ,korku,kork gün sev unutacam
öldürmekten korkmuyorum kalbimde ölmemenden korkuyorum ,korku,öldür kork kalb öl kork
bizide yakacak korkuyorum ,korku,bizide yak kork
notlarını gruba yazmış bakmaya korkuyorum ,korku,not grub yaz bak kork
öldün kaldın endişelendim kanki ,korku,öl kal endişelen kanki
ders çalışırsam beynim patlayacak korkuyorum ,korku,ders çalış beyn patla kork
kararlılığınıza hayranım dünyayı yerle etmenizden korkuyorum ,korku,karar hayran dünya yer et kork
içimde biriken hislerin birdenbire patlayarak zerreler halinde dağıtacağından korkuyorum ,korku,iç birik his birdenbire patla zerre hal dağıt kork
koskaca dünya yalnız ölmekten korkuyorum ,korku,koska dünya yalnız öl kork
yakın aile dostumuzun oğluydu korktum gerçekten of sanırım bi yaşlandım ,korku,yakın aile dost oğl kork gerçekten of san bi yaşlan
büyüklüğündeydi korktum galiba ,korku,büyük kork galiba
deprem oldu korktum sallanıyorum ,korku,deprem ol kork salla
telefonum titreşimde titredi ekran yerinden çıkacak korktum gel telefonsun ,korku,telefon titreşim titre ekran yer çık kork gel telefon
kaybedeceğim korktum ,korku,kaybed kork
an kör oldum sandım korktum korktum fark ettim birileri hayatımı karartmış ,korku,an kör ol san kork kork fark et biri hayat karar
bugün gittim birisinden bahsetti işten çıktı dediler bende bi endişelendim ,korku,bugün git biri bahset iş çık de ben bi endişelen
telefonumdan müzik dinlerken telefonumu kaybettim endişelendim ,korku,telefon müzik dinle telefon kaybet endişelen
vallahi anlamadım bende korktum görünce dayanamam ,korku,vallahi anla ben kork gör dayan
ay aşık olmaktan korktum bi an an dehşete kapıldım içim ürperdi hissettim ,korku,ay aşık ol kork bi an an dehşet kapıl içim ürper hisset
korktum hayatım gözümün önünden film şeridi geçti ,korku,kork hayat göz önünden film şerid geç
havalar soğuyunca sular soğuyor şartlar altında makyaj yıkamak kabus yıkamasam ,korku,hava soğu sula soğ şartla alt makyaj yıka kabus yık
kabus grip halı kitap okuyamıyorum ,korku,kabus grip hal kitap oku
takımımız gençlerbirliğinin üzerine kabus çöktü ,korku,takım gençlerbirliği üzerine kabus çök
cümle beynime kabus çöktü uyuyamıyorum ,korku,cümle beyn kabus çök uyu
uyuyamıyorum uyuyunca kabus görüyorum korku filmi sahnesi ,korku,uyu uyu kabus gör korku film sahne
larda beyaz toroslar hainler kabus gibiydi dosta güven düşmana korku verirdi efsaneler ölmez şekli değişir ,korku,larda beyaz toros hain kabus gibi dos güven düşman korku ver efsane ölmez şekli değiş
korku acı kabus yazamayanları anlayabiliyoruz ,korku,korku acı kabus yaz anla
depresyondayım korku filmi izliyorum altıma sıçmak üzereyim çikolatam bitti kabus başlıyor ,korku,depresyon korku film izl alt sıç üzere çikolata bit kabus başl
korku filmlerinden bahsettik gece kabus gördüm ,korku,korku film bahset gece kabus gör
peşpeşe gün kabus gördüm şükür balık hafızalıyım içeriğini hatırlamıyorum içimde şeylere korku hissi ,korku,peşpeşe gün kabus gör şükür balık hafıza içeriğ hatırla iç şey korku hissi
arkadaş kabus gördüm korku aksiyon dalında oscarlık kafama çekiçle vurulmuş gibiyim ,korku,arkadaş kabus gör korku aksiyon dal oscar kafa çekiçle vurul gibi
kabus görürken depremle uyanınca olduğumu anlamadım yok korku deprem gerçekti ,korku,kabus gör deprem uyan ol anla yok korku deprem gerçek
rüya uyan uyandığım feci kabus gördüm ölene uyumak istemiyorum korku ,korku,rüya uy uyan feci kabus gör öl uyu iste korku
sabahın saatine korku filmi bitirdim kabus olacak uyudu ,korku,sabah saat korku film bitir kabus ol uyu
pijamalı evden çıkartıp markete gönderen hayat karşıma tarkanı çıkartacak ödüm koptu ,korku,pijama ev çıkart market gönder hayat karşı tarkan çıkart öd kop
koridorun ışığını yaktım yatacam arkamdan geçti ödüm koptu yok fedai dikin kapıma uyucam ,korku,koridor ışığ yak yatacam arka geç öd kop yok fedai dik kap uyucam
korku filmi izleyeyim dedim fragmanında ödüm koptu izleyemiyecem dükkanda gündüz vakti gelen gidenin resmen korkuyorum ,korku,korku film izle de fragman öd kop izleyemiyecem dükkan gündüz vakt gelen gide resmen kork
yüzüne okumaya kaptırmışım kardeşimin bağırmasıyla ödüm koptu ,korku,yüz oku kap kardeş bağır öd kop
korkutan insan yapmışlar allah canımı almasın ödüm koptu ,korku,korkut insan yap allah can al öd kop
diyosun korktum an yapma kahve ,korku,diyosun kork an yap kahve
kız squat yapıyorsun dedi korktum nerelerimi dikizliyon ,korku,kız squat yap de kork nere dikizliyon
bugün english home kasiyeri allaha emanet olun dedi korktum ,korku,bugün english home kasiyer allah emanet ol de kork
sınavda adımı yazıp çıkcam korktum neyseki cümle yazabildim ,korku,sınav ad yaz çıkcam kork neyseki cümle yaz
mesaj çekelim diyecektim çarpılırım korktum ,korku,mesaj çek di çarpıl kork
bugün yaşındaki yavrularımı hayvan müzesine götürdük müzeye girdiğimde korktum çocuklar elimi tuttu ,korku,bugün yaş yavru hayvan müze götür müze gir kork çocuk el tut
bugün derste budist ilahisi dinliyodum hoca flüt dinleyen kapatsın dedi korktum ,korku,bugün ders budist ilahi dinliyodum ho flüt dinle kapat de kork
sezonun biteceğini bilseydim başlamazdım bölümü izlemeye korkuyorum ,korku,sezon bit bil başla bölü izle kork
stephan hawking gündür negatif basmamış noldu endişelendim ,korku,stephan hawking gün negatif bas nol endişelen
korktuk of korkuyorum jackson gelip engel olucak ellena gelir üf ,korku,kork of kork jackson gel engel olucak ellena gel üf
kaybolmuş corabın bulunamayan teki gibiyim hadi çıkarın buradan soğuk korkuyorum ,korku,kaybol corabın bulun tek gibi hadi çıkar bura soğuk kork
korkuyorum titriyorum üşüyorum ,korku,kork titr üş
saçlarımı kestirmeye geldim korkuyorum kendimden an ,korku,saç kes gel kork kendi an
saatte sela okunması ürkütücü ,korku,saat sela oku ürküt
sesinin ürkütücü şeyin bombalaması korkunç hayal edemiyorum ,korku,se ürküt şey bombala korkunç hayal ed
kadını bayıltmaya çalışıyor geldi ürkütücü kendinden vazgeç bayıl der ,korku,kadı bayıl çalış gel ürküt kendinden vazgeç bayıl de
sela sesiyle uyanmak ürkütücü yok ,korku,sela se uyan ürküt yok
oteller lüks konforlu meşhurdur ürkütücü olmalarıyla ,korku,otel lüks konfor meşhur ürküt ol
sessiz iyi demeyin sessiz gürültülü sesten ürkütücü ,korku,sessiz iyi de sessiz gürültü ses ürküt
herşey yolunda patırtı duymayınca endişelendim ,korku,herşey yol patırtı duy endişelen
yalnızlık huzurlu ürkütücü ,korku,yalnız huzur ürküt
sonraki evreyi düşününce irkildim ,korku,sonra evre düşün irkil
karşıma aniden çıkan köpekten irkildim anda köpeğin yüzünde alındığını belirten ifade belirdi köpek insancıl dedim kendime ,korku,karşı aniden çık köpek irkil an köpeğ yüz alın belirt ifade belir köpek insancıl de kendi
kız sakin konuşuyor harbi irkildim ,korku,kız sakin konuş harbi irkil
düşünüp irkildim kötü olacaz büyük kepaze edecez kendimizi ,korku,düşün irkil kötü olacaz büyük kepaze edecez kendi
makyaj yapan aklıma diyeyim panda olmuşum aynaya bakınca irkildim ,korku,makyaj yap akl di panda ol ayna bak irkil
irkilmeyene izleme kararı almıştım ses açıkken defasında irkildim ,korku,irkil izle karar al ses açık defa irkil
kaçın burdan başımıza taş yağacak irkildim ,korku,kaç bur baş taş yağ irkil
otobüste eşya koyma yerinde uyurken anda irkildim baktım kadın çantasını kucağıma koymuş akbil arıyor cesaret yiğidim ,korku,otobüs eşya koy yerinde uyu an irkil bak kadın çanta kucağ koy akbil ar cesaret yiğid
abi takibe aldin irkildim tedirgin oldum takibe aldıkların yaşamıyor nota vericen pike yapıcaksın ,korku,abi takib aldi irkil tedirgin ol takib al yaşa not vericen pike yapıcaksın
allah cezanızı vermiye emi ütüyü kızgın tasavvur ettim irkildim ,korku,allah ceza vermiye em ütü kızgın tasavvur et irkil
dalgın dalgın yürürken ani fren sesine irkildim şöfor hemen inip hatalı söyledi özür diledi utandım ,korku,dalgın dalgın yürü ani fren se irkil şöfor hemen in hata söyle özür dile utan
günlerden gün dar derin karanlık evka sokaklarında dolaşırken ıslık duydum irkildim gecenin saatinden ,korku,gün gün dar derin karanlık evka sokak dolaş ıslık duy irkil gece saat
piyasa uzmanları endişeli ekonomi iyi gitmiyor ,korku,piyasa uzman endişe ekonomi iyi git
gazprom endişeli abdnin yaptırımları ‘türk akımı risk ,korku,gazprom endişe abd yaptırım türk ak risk
hindistan müslümanları endişeli evlerimiz işaretleniyor ,korku,hindistan müslüman endişe ev işaretle
komple rüya olsaydı kocaman kabus hatırlasaydım ,korku,komple rüya ol kocaman kabus hatırla
rüya gördüm rüyada denmez kabus birşeydi ,korku,rüya gör rüya de kabus birşey
arkadaş kabus çöktü futbolsuz herşeyden önemlisi beşiktaşsız olmuyor be ,korku,arkadaş kabus çök futbol herşey önem beşiktaş ol be
kabus günün ardından yarın dersim ölmeden mezara girmek bence ,korku,kabus gü ardından yarın ders öl mezar gir bence
saçma sapan kabus rüyalar gördüm kurtulup güne adapte olana gece olcak ,korku,saçma sap kabus rüya gör kurtul gün adapte o gece olcak
ah vizeler kara vizeler kabus çöken vizeler ,korku,ah vize kara vize kabus çök vize
korkunçtu germek gibiydi rüyayı görüyorum hayrolur inşallah ,korku,korkunç ger gibi rüya gör hayrolur inşallah
allahım kabusları uyandır minik oğlumu kaybettim tatil beldesinde arıyordum korkunçtu biçim günaydın ,korku,allah kabus uyan minik oğl kaybet tatil belde ar korkunç biçim günaydın
içimde öldürdüm rüyamda gördüm karşımdaydı korkunçtu ,korku,iç öldür rüya gör karşı korkunç
görüntü korkunçtu korkunç olanı sağlığa titiz ülkemin tecavüzcüleri serbest bırakılıyor ,korku,görüntü korkunç korkunç ol sağlığ titiz ülke tecavüz serbest bırak
dünyanın kötü rüyasını gördüm pompalı tüfekle annemi babamı ablamı vurduktan intihar ettim aşırı korkunçtu ,korku,dünya kötü rüya gör pompa tüfek anne baba abla vur intihar et aşırı korkunç
allahım korkunçtu ,korku,allah korkunç
yanlışlıkla birini takip ettim hemen geri aldım korkunçtu ,korku,yanlışlıkla biri takip et hemen geri al korkunç
bulaşık yıkadım korkunçtu an ölücem sandım ,korku,bulaşık yıka korkunç an ölü san
rüyamda konuşurken uyandım cümlemi bitirdim dediklerimi duydum aşırı korkunçtu ,korku,rüya konuş uyan cümle bitir de duy aşırı korkunç
ölü taklidi yapmalık gün ,korku,ölü taklidi yap gün
stockholmde kadın ölü bulundu ,korku,stockholmde kadın ölü bulun
marcele stajyer muamelesi yapılacağından endişeliyim ,korku,marcel stajyer muamele yap endişe
gelecek endişeliyim çaba gösteremiyorum ,korku,gelecek endişe çaba göster
mükemmel yaş olabilir lakin korkutucu geliyor ,korku,mükemmel yaş ol lakin korkut gel
yeni birine alışma ihtimali korkutucu ,korku,yeni biri alış ihtimali korkut
evden değişik sesler geliyor korkutucu ,korku,ev değişik sesle gel korkut
gözlerime bak tekrar et yaşamak ölüm korkutucu ,korku,göz bak tekrar et yaşa ölüm korkut
arkadaşlar süredir aynı anda aynı şeyleri yazıyoruz korkutucu ,korku,arkadaş süre aynı an aynı şey yaz korkut
içinizde öldürdüğünüz kişiyi karşınızda görmek korkutucu ,korku,iç öldür kişi karşı gör korkut
olayla bilgisi olmayıp emin gerçekten korkutucu ,korku,olay bilgi ol emin gerçekten korkut
timeline bildiğin boş sokak bakınca endişelendim adeta ,korku,time bil boş sokak bak endişelen adeta
gerçekten ürkütücü aile olsam fena olmazdı düşünmüyor değilim ,korku,gerçekten ürküt aile ol fena ol düşün değil
insanın insana benzer yaratımlar yapması ürkütücü ,korku,insa insa benzer yaratım yap ürküt
sürekli yer bildirimi yapan takipçim gündür gönderi yapmıyor endişelendim ,korku,sürekli ye bildiri yap takip gün gönder yap endişelen
okula gidip gelene sıcaktan eriyecem endişelendim resmen ,korku,okul gid gele sıcak eriyecem endişelen resmen
anladık selamsız giriyorsun sessiz geliyorsun kardeşim ödüm koptu ,korku,anla selam gir sessiz gel kardeş öd kop
batuhanla spor yapıcaz korkuyorum tayt giydi ,korku,batuhan spor yapıcaz kork tayt giy
miyav diyen küçük canlıdan korkuyorum bilmiyorum korkuyorum yanıma yaklaşması büyük ,korku,miyav di küçük canlı kork bil kork yan yaklaş büyük
geçmişe dönüp bakmak istemiyorum varsın gülüyorsun yeni yeniden severim korkuyorum ,korku,geçmiş dön bak iste var gül yeni yeniden sev kork
birinin telefonu çalınca geriliyorum lütfen sessize alsın korkuyorum ,korku,biri telefon çal geril lütfen sessiz al kork
an hesapları rok ele geçirmiş olabilir endişelendim ,korku,an hesap rok ele geçir ol endişelen
pantolon almaya korkuyorum rengi giderse ,korku,pantolon al kork reng gider
olacak korkuyorum gözlerim ıslak ,korku,ol kork gözle ıslak
insanların kapılarının önünden geçerken eve girecekmiş geçmeyin kapıyı açtım korktum ,korku,insan kapı önünden geç ev gir geç kapı aç kork
jiminin kulağına olmuş endişelendim an ,korku,jiminin kulağ ol endişelen an
yemin ederim açılacaktım ucundan döndüm korktum yapamadım gitti konuşalım dedim dedi gidemedim ,korku,yem ed aç uc dön kork yap git konuş de de gid
geçtim karşısına patır patır söylüyorum korktum yumuşamaktan ,korku,geç karşı patır patır söyl kork yumuşa
melek yüzlü adam an şeytana dönüştü korktum an ,korku,melek yüz ada an şeytan dönüş kork an
aradı korktum oldu anlayamadım ,korku,ara kork ol anla
ayakkabıcı sıkıyorsa alma dedi bende korktum aldım ,korku,ayakkabı sık al de ben kork al
matçıya kısık sesle sus dedim hoca duydu dedi amk sikecek korktum ,korku,mat kısık sesle sus de ho duy de amk sik kork
korkunç baksanıza adamı öper ,korku,korkunç bak ada öp
gerçek olabilme ihtimali korkunç gerçekse korkunç ,korku,gerçek ol ihtimali korkunç gerçek korkunç
yakın zamanda robotlar geçecek korkunç sonumuzu getirecekler ,korku,yakın zaman robot geç korkunç son getir
gece rüyamda gördüğüm insanın mesaj atması ürktüm ,korku,gece rüya gör insa mesaj at ürk
havadır be kapkaranlık uu dışarı çıkınca resmen ürktüm ,korku,hava be kapkaranlık uu dışarı çık resmen ürk
korkutucu adamın yerinde istemezdim ürktüm ,korku,korkut ada yerinde iste ürk
gecenin saatinde hemcinsimden mesajı aldım ciddi anlamda ürktüm mesajı kişiler almıyorum allahım ,korku,gece saat hemcins mesaj al ciddi anlam ürk mesaj kişi al allah
izlerken korkak olduğumu farkettimbakarken ürktüm ,korku,izle korkak ol farkettimbakarken ürk
taksiciden ürktüm sümkürüp kendinden tiksindir diyen fav ,korku,taksi ürk sümkür kendinden tiksin di fav
gerçekten yazılıp çizildi ürktüm şahsen ,korku,gerçekten yaz çiz ürk şahsen
şubenin deposu personel alanı korku filmi çekilecek ayarlanmış ürktüm ,korku,şube depo personel ala korku film çekil ayarla ürk
otobüsteyim yanımdaki kadın müge anlı izleyip çay içiyor yuh cani şerefsiz tepkiler veriyor ürktüm ,korku,otobüs yan kadın müge an izle çay iç yuh cani şeref tepki ver ürk
düşünsenize üniversiteyi kocaelinde okuyorsunuz ay kabus ,korku,düşün üniversite kocaeli ok ay kabus
kötü kabus gördün rüyalarından vazgeçme ,korku,kötü kabus gör rüya vazgeç
otobüs kartım çekmeye başladı öğrenci değilim resmen kabus ,korku,otobüs kart çek başla öğrenci değil resmen kabus
bugün baya baya güneş endişelendim ,korku,bugün bay bay güneş endişelen
kayıp korkusuyla sınanmak kötü umarım kabus görüyorumdur ,korku,kayıp korku sına kötü um kabus gör
tek kelime muazzam ürkütücü ,korku,tek kelim muazzam ürküt
insanın aciz ara ara rabbimin hatırlatması ürkütücü manzara ,korku,insa aciz ara ara rabbi hatırla ürküt manzara
korkutucu geliyor alışamadım fikre alışmak istiyor muyum ,korku,korkut gel alış fikr alış ist mu
mükemmel yaş olabilir lakin korkutucu geliyor ,korku,mükemmel yaş ol lakin korkut gel
yeni birine alışma ihtimali korkutucu ,korku,yeni biri alış ihtimali korkut
instagram hesabı fotosu hesaplar korkutucu yavtakip isteği atıyorlar kabul etmiyorum ,korku,instagram hesab foto hesapla korkut yavtakip isteğ at kabul et
evden değişik sesler geliyo korkutucu ,korku,ev değişik sesle geliyo korkut
buradaki korkunç durum azılı kafir mizanda sapkın dinin islam olmadığına şehadet edecek rezil durum düşünsenize ,korku,bura korkunç durum azı kafir miza sapkın din islam olmadığ şehadet ed rezil durum düşün
hakikaten insanlar korkudan cidden umursamadığından korkunç durum ,korku,hakikaten insan korku cidden umursa korkunç durum
korkunç durum görevimizle haberimiz olmadan baştan savaşın içindeydik ,korku,korkunç durum görev haber ol baştan savaş iç
ilişkide korkunç durum kızın soğumasıdır kendinizden soğutmayın beyler kaybedersiniz ,korku,ilişki korkunç durum kız soğu kendi soğut bey kaybed
bi arkadaşım endişelendim gidiyorum buralardan diyip internetini kapadı ,korku,bi arkadaş endişelen gid bura di internet kapa
üniversitenin bizleri soktuğu korkunç durum ,korku,üniversite biz sok korkunç durum
sanırım korkunç durum kelimelerim tükendi ,korku,san korkunç durum kelime tüken
eleştirilen insanın başına gelince hissedilen korkunç durum ,korku,eleştir insa baş gel hissed korkunç durum
sebebini söylerim linç yemekten korkuyorum bulun iyi ,korku,sebeb söyle linç yemek kork bul iyi
sabunlanan fare ürkütücü ,korku,sabunla fare ürküt
öldün kaldın endişelendim ,korku,öl kal endişelen
hocam ehliyet alabilecek miyim durum vahim hocam korkuyorum hocam ,korku,hoca ehliyet al mi durum vahim hoca kork hoca
insan saç kestirmekten korkar korkuyorum yeminle kestirmem lazım ,korku,insan saç kes kork kork yem kes lazım
tekrar göreceğim günü beklerken ölmekten korkuyorum ,korku,tekrar gör gün bekle öl kork
mecbur kalmadıkça kimseye alışmamaya çalışıyorum alışınca kaybetmekten korkuyorum korkmaktan hoşlanmam ,korku,mecbur kal kimse alış çalış alış kaybet kork kork hoşlan
böcek odamda bırr ürktüm ,korku,böcek oda bırr ürk
korku filmi izliyoruz ürktüm ,korku,korku film izl ürk
gizli tanığı gece rüyamda görsem korkarım ürktüm ,korku,gizli tanığ gece rüya gör kork ürk
görünce ürktüm başta yeni hesap yazısını gördüm ,korku,gör ürk başta yeni hesap yazı gör
inşallah gözlerim bozulmuştur yanlış görmüşümdür resmen ürktüm ,korku,inşallah gözle bozul yanlış gör resmen ürk
aklıma korku filmlerindeki ranza sahneleri geldi arkamda izliyormuş ürktüm ,korku,akl korku film ranza sahne gel arka izl ürk
temizlik şirketlerinin çoğalması endişe verici evde temizlik yapmıyor ,korku,temiz şirket çoğal endişe ver ev temiz yap
görülme saatin endişe verici rakamlara ulaştı ,korku,gör saat endişe ver rakam ulaş
yaşarsa konuşma ihtimali yüksek icin endişe verici ölürse sorun ortadan kalkar ,korku,yaşar konuş ihtimali yüksek icin endişe ver öl sor orta kalk
beterin beteri vardır örneklerini hayatımdan verebilmem endişe verici ,korku,beter beter var örnek hayat ver endişe ver
fedevans abdde enflasyon bekleyişlerindeki düşüş endişe verici ,korku,fedevans abd enflasyon bekle düş endişe ver
seriyi amazonun üstlenmesinden endişe verici varsa seriyi pjden başkasının eline bırakmak ,korku,seri amazon üstlen endişe ver var seri pjden başka el bırak
çapraz masamızda oturan insanların bizle aynı siparişi verdiği hafif korkutucu günden merhaba ,korku,çapraz masa otur insan bizle aynı sipariş ver hafif korkut gün merhaba
an dışardan korkutucu sesler geliyor kıyamet ,korku,an dışar korkut sesle gel kıyamet
dünya korkutucu hal aldıkça sanat soyut hale geliyor ,korku,dünya korkut hal al sanat soyut hal gel
gündüzün sessizliği geceden korkutucu ,korku,gündüzün sessiz gece korkut
ölüm araftamıyım özgür yaşamaktan korkunç ,korku,ölüm araftamıyım özgür yaşa korkunç
ölüm acı çekmek korkunç değildir korkunç bunlardan korku duymaktır ,korku,ölüm acı çek korkunç değil korkunç bu korku duy
korkunç ölüm yaşanan yaşanamayan hayatlardır ,korku,korkunç ölüm yaşa yaşa hayat
ölüm kötü insanlar korkunç bekleyiştir ,korku,ölüm kötü insan korkunç bekle
arkadaşlar an birbirimizin ölüm haberini alabiliriz sizce korkunç ,korku,arkadaş an birbiri ölüm haber al siz korkunç
ölüm haberiyle uyanmak babasız kalmanın acısı korkunç ,korku,ölüm haber uyan baba kal acı korkunç
çamlıca televizyon radyo kulesi inşaatında korkunç ölüm metre yükseklikten aşağıya düştü ,korku,çamlıca televizyon radyo kule inşaat korkunç ölüm metre yüksek aşağı düş
anda nefesim kesiliyor ölüm anını yaşıyorum korkunç ,korku,an nefes kes ölüm an yaş korkunç
sevenler ölüme yürürler ölüm ayrılıktan korkunç değildir ,korku,seven ölü yürü ölüm ayrılık korkunç değil
kendimi bulmaktan korkuyorum ,korku,kendi bul kork
yalçın çetinle reha kapsal gün öpüşecek korkuyorum ,korku,yalçın çetin reha kap gün öpüş kork
pasaport kaybetme olay oldu endişelendim ,korku,pasaport kaybet olay ol endişelen
iyi kalbinden gün kötü sakatlanacaksın korkuyorum ,korku,iyi kalb gün kötü sakat kork
lütfen yaşlı amcalar aşırı kaslı erkekler takip etmesin korkuyorum ,korku,lütfen yaş amca aşırı kas erkek takip et kork
torba ilaç içtim yarın iş dışarı çıkmaya korkuyorum ,korku,torba ilaç iç yarın iş dışarı çık kork
evlenmeyin amk sırana geliyor korkuyorum ,korku,evlen amk sıra gel kork
an çatıdan atlıyacak sandım ödüm koptu ,korku,an çatı atlıyacak san öd kop
kabus gördüm amk ödüm koptu ,korku,kabus gör amk öd kop
risk almaktan korkmadım sevdiklerimi üzerim ödüm koptu ,korku,risk al kork sev üz öd kop
ayakta gittiğim dolmuşta şoför emniyet kemerini takmamış endişelendim ,korku,ayakta git dolmuş şoför emniyet kemer tak endişelen
fernando ikinci sarıyı görecek ödüm koptu ,korku,fernando ikinci sarı gör öd kop
filme daldım anda telefonum çalmaya başladı ödüm koptu ,korku,film dal an telefon çal başla öd kop
bilgisayarım açılmıyordu kafamı klavye kısmına koyup çaresizce beklerken birden açıldı ödüm koptu lan ,korku,bilgisayar aç kafa klavye kısm koy çare bekle birden aç öd kop lan
ürkütücü kısım dünyanın büyük bilim adamlarından birinin eşcinsel ölmek zorunda kalması ,korku,ürküt kısım dünya büyük bili adam biri eşcinsel öl zor kal
payitaht istanbul ürkütücü dünya ,korku,payitaht istanbul ürküt dünya
inanılmaz ürkütücü umarım yalandan sakatlanır ,korku,inanılmaz ürküt um yalandan sakat
gök gürültüsü şimşek kısmı sizce ürkütücü ,korku,gök gürültü şimşek kısm siz ürküt
küçükken radyoyu açışımda ilaç radyo diyordu ürkütücü ses kulaklarımda çınlıyor ,korku,küçük radyo aç ilaç radyo di ürküt ses kulak çınl
göğsü öne verip direksiyona yapışmakta istemezsin inşallah endişelendim ,korku,göğs öne ver direksiyon yapış iste inşallah endişelen
yılında hastalık geçirmiştim samatya sskda yatmam gerekti vallahi kaçtım hastaneden yatmadan korkunçtu ,korku,yıl hastalık geçir samatya ssk yat gerek vallahi kaç hastane yat korkunç
hayatımda düdüklü tencere patlamasına denk geldim çorba yapışıma denk geldi korkunçtu iyiyim ,korku,hayat düdük tencere patla denk gel çorba yap denk gel korkunç iyi
yalnızlığın korkunçtu bahanesi nefes alışında cigerine batıyor battıkça alıştırıyor aynı yerden tekrar tekrar kanatıyordu ,korku,yalnız korkunç bahane nefes alış cigerine bat bat alıştır aynı yer tekrar tekrar kana
dudağımın farklı kısmında uçuk çıkmaya başlıyor gördüğüm rüyalar derece korkunçtu ,korku,dudağ fark kısm uçuk çık başl gör rüya derece korkunç
gözlerimi hate my life fısıldayarak açtım korkunçtu ,korku,göz hate my lif fısılda aç korkunç
hepimizin an araba çarpsa burda bitse dediği an vardır cadde öldüğümü hatırlıyorum korkunçtu ,korku,hep an araba çarp bur bit de an var cadde öl hatırl korkunç
gözümü kapıyorum an geliyor allahım korkunçtu ,korku,göz kap an gel allah korkunç
kadıköy leş gibiydi leş önünden geçme gafletinde bulundum korkunçtu ,korku,kadıköy leş gibi leş önünden geç gaflet bulun korkunç
üniversitenin itiraf sayfasında kendimi selfie çekiyordum cümlesini okudum korkunçtu ,korku,üniversite itiraf sayfa kendi selfie çek cümle oku korkunç
rüya muğlaya gitmiştim geri gelemiyodum korkunçtu ,korku,rüya muğla git geri gelemiyodum korkunç
müslüman anda patlayacak korktum ,korku,müslüman an patla kork
gizem küstü zannetmiştim korktum allahtan küsmemiş yeniden doğmuş gibiyim ,korku,gizem küs zannet kork allahtan küs yeniden doğ gibi
istanbulda yalnız kaldım korktum köylü olduğum ,korku,istanbul yalnız kal kork köy ol
kızlar gratise yapmışsınız korktum ,korku,kız gratis yap kork
telefonumu titreşime almıştım mertcanın bildirimlerinden almam korktum amk ,korku,telefon titreşim al mertcan bildirim al kork amk
gece borunun içinden tesisatçı görücek rüyasında kabus ,korku,gece bor iç tesisat görücek rüya kabus
kabus branşlarda yenilmişiz ,korku,kabus branş ye
kadın basketbol takımımız yenildi kabus haftasonu ,korku,kadın basketbol takım ye kabus haftason
korkutucu hava ,korku,korkut hava
tepki geldi gelmemesi korkutucu olabilirdi sertleşmesi farklılaştırır yönü ,korku,tepki gel gel korkut ol sert fark yön
elektrik gidince idil sokağı karanlıkta okula gitmek korkutucu oldu ,korku,elektrik gid idil sokağ karanlık okul git korkut ol
hayat yalnız kalmamak verdiğimiz mücadeleden ibaret düşünüyorum korkutucu ,korku,hayat yalnız kal ver mücadele ibaret düşün korkut
yarın hayatımın korkutucu sınavına çalışmamış girmenin haklı gururunu yaşıyorum totem yaptım ,korku,yarın hayat korkut sınav çalış gir hak gurur yaş totem yap
durduk yere endişelendim an ,korku,dur yer endişelen an
elektrikli battaniye uçurumdan ip üstünde geçmek korkutucu ,korku,elektrik battaniye uçur ip üst geç korkut
hissiz kalmak yalnız kalmaktan korkutucu ,korku,his kal yalnız kal korkut
herşey yolunda korkutucu ,korku,herşey yol korkut
huzurluyum bulunduğum huzur korkutucu ,korku,huzur bulun huzur korkut
yanıtlarım korkutuyorsa korkutucu sorular sormaktan vazgeçmelisin ,korku,yanıtla korkut korkut soru sor vazgeç
korkutucu izledim uykum uyuyamıyorum ,korku,korkut izle uyku uyu
fazla büyümek istemiyorum korkutucu ,korku,fazla büyü iste korkut
içinizde öldürdüğünüz kişiyi karşınızda görmek korkutucu ,korku,iç öldür kişi karşı gör korkut
geçtikçe tanıyan insan sayısının azlığına şahit oluyorum tanıdıklarını sandıklarımın azalması endişe verici ,korku,geç tanı insan sayı az şahit ol tanı sandık azal endişe ver
efesin basketin altısını asist üzerinden bulabilmesi endişe verici guardlar toplam asist ,korku,efes basket altı asist üzer bul endişe ver guard toplam asist
nankörlük seviyen endişe verici boyutlara ulaştı ,korku,nankör seviye endişe ver boyut ulaş
durum dünya ülkesinde aşağıdaki haberdeki gelişmeler türkiye adına endişe verici ,korku,durum dünya ülke aşağı haber geliş türki adına endişe ver
istikrarsızlık giderek yayılıyor endişe verici ,korku,istikrar giderek yayıl endişe ver
dünya gittikçe endişe verici yer olmaya başladı ,korku,dünya gittikçe endişe ver ye ol başla
endişe verici sakinlik içinden çıkmak istemediğim ,korku,endişe ver sakin iç çık iste
aşıların işe yaramadığını zannedenlerin sayısının artması endişe verici yerdeler ,korku,aşı işe yar zanned sayı art endişe ver yer
köpekbalıkları insan eti yemezler korku filmi ,korku,köpekbalık insan et ye korku film
korkupta korku filmi izleyen bizdendir ,korku,korkupta korku film izle biz
durdum dedim korku filmi izleme metal müzik dinleme psikolojin bozuluyor ,korku,dur de korku film izle metal müzik dinle psikoloji bozul
gök gürlüyor evde tek başımayım korku filmi gerilim ,korku,gök gürl ev tek baş korku film gerilim
istanbul bugün mordora benziyor evim kat olunca korku filmi gün resmen ,korku,istanbul bugün mordor benz ev kat ol korku film gün resmen
birazdan istanbulda kıyamet kopacak havadır korku filmi ,korku,birazdan istanbul kıyamet kop hava korku film
rüya bildiğin korku filmi mk ,korku,rüya bil korku film mk
korku dolu rüyanın ardından iyi korku filmi güzel gider ,korku,korku dolu rüya ardından iyi korku film güzel gid
evdekilerden kalkıp tuvalete gitti an korku filmi allah yardim et ,korku,ev kalk tuvalet git an korku film allah yar et
den saate zamanım kâbus gibiydi iyisi bi uyuyum kalkıyım geçer ,korku,de saat zaman kabus gibi iyi bi uyuyum kalkıyım geçer
fena fırtına geliyor kaçışın çabuk fotoda çıkmadı kabus ,korku,fena fırt gel kaçış çabuk foto çık kabus
kabus gördüm bilinçaltım pert galiba ,korku,kabus gör bilinçalt pert galiba
gece bi kabus gördüm ince dilim peynirli pizzamı biriyle paylaşıyordum ,korku,gece bi kabus gör ince dil peynir pizza biri paylaş
kabus gördüm başakşehir atıyordu uzun sürmedi uyandım ,korku,kabus gör başakşehir at uzun sür uyan
uzun zamandır aynı tipte kabus görmüyordum özlememişim ,korku,uzun zaman aynı tip kabus gör özle
rüyamda aşırı büyük deprem oluyordu yol kenarındayken yakalanıyordum kocaman kocaman binaların yıkıldığını görüyordum kabus ,korku,rüya aşırı büyük deprem ol yol kenar yakala kocaman kocaman bina yık gör kabus
haftadır gün kabus görüyorum yeter allahım istiyorsun ,korku,haf gün kabus gör yeter allah ist
kötü rüya kabus güzel başlayan ,korku,kötü rüya kabus güzel başla
gördüğüm kabus yüzünden kendime gelemedim ,korku,gör kabus yüzünden kendi gel
kabus gördüklerimin yanında hafif kalırdıaylarca etkisinden kurtulamayacağım ,korku,kabus gör yanında hafif kalırdıaylarca etki kurtul
depo benzine veriyordum arabaya geçip ağladım kabus görmüşüm bildiğin ,korku,depo benz ver araba geç ağla kabus gör bil
türkçe youtubeun karanlık köşeleri korkunç insanlar ortaçağda yaşıyolar ,korku,türk youtubeun karanlık köşe korkunç insan ortaçağ yaşıyolar
rüyada annemin öldüğünü görünce yanına gidip mıncıra mıncıra seviyorum korkunç gerçek ,korku,rüya anne öl gör yan gid mıncıra mıncıra sev korkunç gerçek
türkiyede çocuk olmanın bedeli korkunç bebek ölüm hızı binde zorla ,korku,türkiye çocuk ol bedel korkunç bebek ölüm hız bin zorla
mürettebatı bulunan arjantin denizaltısından gündür haber alınamıyormuş öldülerse korkunç ölüm ,korku,mürettebat bulun arjantin denizaltı gün haber alın öl korkunç ölüm
sayenizde öğrendik zehirli olmasa görüntüsü ürkütücü ,korku,saye öğren zehir ol görüntü ürküt
hayaller ürkütücü oldu neyin güzel olacağını hayal etsem olduğundan kötüsü oldu ,korku,hayalle ürküt ol ne güzel ol hayal et ol kötü ol
hesabı gizledim hesap kapanır endişelendim ,korku,hesab gizle hesap kapan endişelen
flash tv deki haber sunan adam ürkütücü haber sunuyor ,korku,flash tv dek haber sun ada ürküt haber sun
haber kanalı ilginç haberin yeri ilginç haber ürkütücü ,korku,haber kan ilginç haber yer ilginç haber ürküt
uçaktan inince önüne geçmek hata yaptım arkamda kişi yanlış yöne gideceğim ödüm koptu ,korku,uçak in ön geç hata yap arka kişi yanlış yön gid öd kop
şefika ödüm koptu bi irkilmeden giremedim odaya ,korku,şefika öd kop bi irkil gir oda
rüzgardı ödüm koptu ,korku,rüzgar öd kop
şarjım di ekran kapanınca telefon kapandı sandım ödüm koptu ,korku,şarj di ekran kapan telefon kapan san öd kop
gitmeyen wifi noldu ay geldi yazarken ödüm koptu allahım ay bayılacaktım ,korku,git wifi nol ay gel yaz öd kop allah ay bayıl
hesap sınırlandırıldı askıya alındı ödüm koptu sabit tvitime yazık olurdu ,korku,hesap sınır askı alın öd kop sabit tvitime yazık ol
kan beklerken tekerlekli sandalyedeki yaşlı teyze uyumuş öldü sandım ödüm koptu ,korku,kan bekle tekerlek sandalye yaş teyze uyu öl san öd kop
annemin kahvaltı hazırlamayı unutmuşsun demesiyle irkildim ,korku,anne kahvaltı hazırla unut deme irkil
yemeğini yemeyip filtre kahve içmiştim rengim atmış kendimi görünce irkildim ,korku,yemeğ ye filtre kahve iç reng at kendi gör irkil
ders çalışırken yan apartmandan ölüm haberiyle irkildim azrail yakınımıza geliyorken neyin kibri tavrı ,korku,ders çalış yan apartman ölüm haber irkil azrail yakın gel ne kibr tavr
an irkildim film hayatımı kaydırdı bilimkurguya düşman etti ,korku,an irkil film hayat kay bilimkurgu düşman et
bence survivor gönüllülerinden güçlü olucak korktum ,korku,bence survivor gönül güçlü olucak kork
izmirde facia kardeş ölü bulundu ,korku,izmir facia kardeş ölü bulun
gemileri yakmaya meyilliyim vapura binmeye korktum ,korku,gemi yak meyil vapur bin kork
mısırdaki olayda ölü sayısı geçmiş kendilerini dinin sahibi gören hasta ruhluların yarattığı facia ,korku,mısır olay ölü sayı geçmiş kendi din sahib gör hasta ruh yarat facia
türkmen kentinde büyük facia ölü yaralı ,korku,türkmen kent büyük facia ölü yar
bursadan facia haberi fabrikada patlama ölü yaralılar ,korku,bursa facia haber fabrika patla ölü yara
düğün dönüşü facia ölü yaralı ,korku,düğ dön facia ölü yar
abd yasal bireysel silahlanma facia texasta kilise onlarca ölü toplum ödenen bedel ,korku,abd yasal bireysel silahlan facia texas kilis onlarca ölü toplum öde bedel
dünyanın saçma rüyasını gördüm korkunçtu ,korku,dünya saçma rüya gör korkunç
yılında mısırda al ahly maçından ölü fazla yaralının büyük facia yaşanmıştı lig iptal edilmişti ,korku,yıl mısır al ahly maç ölü fazla yara büyük facia yaşa lig iptal ed
ralli şampiyonasında facia fia helikopteri düştü ölü yaralılar ,korku,ralli şampiyona facia fia helikopter düş ölü yara
kork ölürsem hayalet gelirim ,korku,kork öl hayalet gel
askerinden kork askerini ziyaret et ,korku,asker kork asker ziyaret et
kutsal ruh dedim ayler kutsal hayalet demişim korkma kork saksofonun elinde patlamasından ,korku,kutsal ruh de ayler kutsal hayalet de kork kork saksofon el patla
ölüden diriden kork diyorsun hayalet görsen korkmayacaksın ,korku,ölü diri kork di hayalet gör kork
avrupada hayalet dolaşıyor kork ey çürük köhnemiş düzen ,korku,avrupa hayalet dolaş kork ey çürük köhne düz
hayaletiz hayalet hayal et düşün kork ,korku,hayalet hayalet hayal et düş kork
git hayalet avla palyaçodan kork lan ,korku,git hayalet avla palyaço kork lan
teyzemin evi hayalet ev arkadaş ürktüm ,korku,teyze ev hayalet ev arkadaş ürk
adam cama yazmış kocaman hayalet sütyen gelmistir ürktüm ,korku,ada cam yaz kocaman hayalet sütyen gelmistir ürk
hasta olunca çocuklaştığımdan ilaçların etkisinden bilmem balkonda uçuşan çarşafları hayalet sanıp ürktüm ,korku,hasta ol çocuk ilaç etki bil balkon uçuş çarşaf hayalet san ürk
rüya gördüm kabus karar veremedim etkisinden çıkamıyorum ,korku,rüya gör kabus kar ver etki çık
rüya gibiydi kabus oldu uyanmam lazım ,korku,rüya gibi kabus ol uyan lazım
rüyamda ders çalışmak zorundaydım rüya kabus adeta ,korku,rüya ders çalış zor rüya kabus adeta
kabusta rüya aynı ikiside geçiyor ömür vakit ,korku,kabus rüya aynı ikiside geç ömür vakit
yılda rüya görürüm kabus rüya gördüm ,korku,yıl rüya gör kabus rüya gör
ankara’da büyük patlama sesini duyan ürktüm ,korku,ankara büyük patla se duy ürk
gerçi onlarda manyak araştırınca ürktüm ,korku,gerçi o manyak araştır ürk
kasırgadan adamın bağırmasından ürktüm ,korku,kasırga ada bağır ürk
ay izledim mantıklı geldi ürktüm ,korku,ay izle mantık gel ürk
yusuf sinirlendi bakış neydi ürktüm ,korku,yusuf sinirlen bakış ne ürk
deprem gök gürültüsü karar veremedim ürktüm ,korku,deprem gök gürültü kar ver ürk
rezil rüya gördüm bugün ürktüm ,korku,rezil rüya gör bugün ürk
kuran çarpsın rüyamda gördüysem tıkır tıkır önüme geliyor bugün ürktüm ,korku,kur çarp rüya gör tıkır tıkır ön gel bugün ürk
sürü kabus gördüm bilinçaltımı kınıyorum ,korku,sürü kabus gör bilinçalt kın
patlama bahsedilmiş endişelendim ,korku,patla bahsed endişelen
gözlerini yapıyorsun korkuyorum ,korku,göz yap kork
telefonla uğraşırken anda irkildim bak ,korku,telefon uğraş an irkil bak
rüyamda üçlüyü görmek rüya kabus gibiydi ,korku,rüya üç gör rüya kabus gibi
rüya kabus gibiydi resmen ,korku,rüya kabus gibi resmen
canavarlı korkunçlu kâbus gördüm bilinçaltım tbt yapıyor ,korku,canavar korkunç kabus gör bilinçalt tbt yap
gece sabaha kabus gördüm sabahısın ,korku,gece sabaha kabus gör sabah
ekrana bakarken burnumu farkedip soyağacıma gore karadenizli çıkarım korktum ,korku,ekran bak burn farked soyağacıma gore karadeniz çık kork
bakmasam bi korktum ,korku,bak bi kork
ay onur beey iyi anlıyorum düdüklü tencere fobim ,korku,ay onur beey iyi anl düdük tencere fobi
evimden yere sıçamıyorum fobim ,korku,ev yer sıç fobi
geldi irkildim ,korku,gel irkil
forma numarasını görünce istemsizce irkildim ,korku,form numara gör istem irkil
yağmurun altında yürürken listeden sam smith denk geldi iliklerime irkildim ,korku,yağmur alt yürü liste sam smith denk gel ilik irkil
eve gelince uyurum hayal kurarken “tuğba yemek yap” sesiyle irkildim ,korku,ev gel uyu hayal kur tuğba yemek yap se irkil
fener rum patrikhanesindeyim arkadan gelen hırıltıyla irkildim amca uyuyor ,korku,fener rum patrikhane arkadan gelen hırıltı irkil amca uy
google mapste dolaşırken şşşt sınıııııf sesiyle irkildim ,korku,google mapste dolaş şşşt sınıııııf se irkil
annemin “hank” geliyor demesiyle irkildim kendime geldim ,korku,anne hank gel deme irkil kendi gel
bozulduğu insandan korkunç yaratık yoktur ,korku,bozul insa korkunç yaratık yok
harbiden beklemek korkunç haliymiş yaşamanın ,korku,harbi bekle korkunç hal yaşa
ruhun ayartması korkunç şeydir ,korku,ruh ayart korkunç şey
böylesi korkunç dünyanın cehennemi ,korku,böyle korkunç dünya cehennemi
insanlar rahat yalan söyleyebiliyor anlayamıyoruz korkunç ,korku,insan rahat yalan söyle anla korkunç
yere çakılana düşüşünü uçuş sanmak korkunç imtihan ,korku,yer çakıl düş uçuş san korkunç imtihan
villada korkunç cinayet gün itiraf etti ,korku,villa korkunç cinayet gün itiraf et
hayatımın travması küçükken evde tek başıma korku filmi izlememdi ,korku,hayat travma küçük ev tek baş korku film izle
evde tekim cin min korktum an ,korku,ev tek cin mi kork an
kaybetmekten korktum kaybettim ,korku,kaybet kork kaybet
merak edip endişelendim kurcaladım sandılar gittiler ,korku,merak ed endişelen kurcala san git
tanımıyor olsam endiselendim başım döndü başardı yapmadı ,korku,tanı ol endiselendim baş dön başar yap
gün sağ koltukta snep atan kız bugün atmadı endişelendim an ,korku,gün sağ koltuk snep at kız bugün at endişelen an
endişelendim düşünüyorumdur ,korku,endişelen düşün
pasaport kaybetme olay oldu endişelendim ,korku,pasaport kaybet olay ol endişelen
endişelendim bügün zam yapılmadı hükümetin başına geldi ,korku,endişelen bügü zam yap hükümet baş gel
lütfen arkadaşlar imkanı ulaşsın endişelendim ,korku,lütfen arkadaş imkan ulaş endişelen
endişelendim yapacağımı bilmiyorum ,korku,endişelen yap bil
depremi hissetmediğim hissedenler endişelendim allah büyüğünden korusun ,korku,deprem hisset hissed endişelen allah büyüğ koru
başınıza hal geldi endişelendim ,korku,baş hal gel endişelen
fransa karıştı dayan fransa endişelendim ,korku,frans karış dayan frans endişelen
ankara valiliği patlayan bombaydı bombacı öldü ,korku,ankara vali patla bomb bomba öl
halep’te hava saldırısı ölü ,korku,halep hava saldırı ölü
kanadada helikopter düştü ölü ,korku,kanada helikopter düş ölü
tekirdağ’da trafik kazası ölü yaralı ,korku,tekirdağ trafik kaz ölü yar
yakında patlayacağım volkanik patlama olmasından korkuyorum ,korku,yakında patla volkanik patla ol kork
değilde bayerni oyun mantığıyla yenmeyi planlıyoruz endişe verici tüylerim diken diken oldu ,korku,değilde bayern oy mantığ yen planl endişe ver tüy dik dik ol
ankara’daki patlama terör saldırısıydı saldırının faili ypgli operasyonla ölü ele geçirildi ,korku,ankara patla terör saldırı saldırı fail ypgli operasyon ölü ele geçir
hoşgeldiniz demediğim misafirle göz göze geldim ürkütücü dakikalar ,korku,hoşgel de misafir göz göze gel ürküt dakika
mabelin klibindeki kız çarpılmış mk ödüm koptu ,korku,mabel klib kız çarpıl mk öd kop
başkasını koyucam ödüm koptu ,korku,başka koyu öd kop
odamda tek başımaydım anda elektrikler gitti ödüm koptu ,korku,oda tek baş an elektrikle git öd kop
samuru ödüm koptu böbreklerimi bıraktım resmen ,korku,samur öd kop böbrek bırak resmen
sesti ödüm koptu allahtan kimseye bişey olmamış ,korku,ses öd kop allahtan kimse bişey ol
neydi cavs kaybedecek ödüm koptu ,korku,ne cavs kaybed öd kop
semtin havada uçan kuşu manyak gece gece ödüm koptu ,korku,semt hava uç kuş manyak gece gece öd kop
sensizlikten ödüm koptu yapma ,korku,sen öd kop yap
fondoten sürmektir kadın ödüm koptu ,korku,fondoten sür kadın öd kop
özel hayatıma burnunu sokan insanlara fobim ,korku,özel hayat burn sok insan fobi
kel fobim uzak dur ,korku,kel fobi uzak dur
kapalı alanda duramama fobim sigara içiyorum ,korku,kapalı ala dur fobi sigar iç
metroya biniyorum allahım korkunç toplu taşıma fobim ,korku,metro bin allah korkunç toplu taş fobi
kız şıllık siyah kedilere fobim uzak dur ,korku,kız şıllık siyah kedi fobi uzak dur
karanlık fobim uyuyayım ,korku,karanlık fobi uyu
bacım götün yere yakın korkuyorum ,korku,bacı götün yer yakın kork
haberi açmaya korkuyorum saçmaladınız ,korku,haber aç kork saçmala
yanlışlıkla ezhel şarkısı ezberliyiyeceğim korkuyorum ,korku,yanlışlıkla ezhel şarkı ezberliyiyeceğim kork
korkuyorum özel değerli düşündüklerimin içinin pof çıkmasından ,korku,kork özel değerli düşün iç pof çıkma
yüzüme vuruyor fırtınası korkuyorum ,korku,yüz vur fırtına kork
giderek bambaşka birine dönüşmekten korkuyorum ,korku,giderek bambaşka biri dönüş kork
tek zeki insanlardan korkuyorum vallahi ,korku,tek zeki insan kork vallahi
evlenmeyi düşünüyorum aklım evlenemediklerimde kalır korkuyorum ,korku,evlen düşün akl evlen kal kork
fi psikopatlaştın korkuyorum ,korku,fi psikopat kork
korkuyorum gün etrafıma ördüğüm duvarların altında kalacağım ,korku,kork gün etraf ör duvar alt kal
yaklaşık saat ar2673 güneş lekesinde patlama oldu gelen görüntüler ürkütücü ,korku,yaklaşık saat ar2673 güneş leke patla ol gelen görüntüle ürküt
fransada nükleer santraldeki patlama nükleer alanda makine dairesinde meydana geldi düşüncesi ürkütücü ,korku,fransa nükleer santral patla nükleer ala maki daire meydan gel düşünce ürküt
patlama olunca bina yakıp yıkmak terör ürkütücü ,korku,patla ol bina yak yık terör ürküt
hemen dibimde patlama oldu ürkütücü uzakta korkulacak dibimde olunca sıradan gelmeye başladı ,korku,hemen dib patla ol ürküt uzak kork dib ol sıradan gel başla
görüntüler ürkütücü umarız hayati tehlike yoktur ,korku,görüntüle ürküt um hayati tehlike yok
dakika elektrik gitti baya endişelendim ,korku,dakika elektrik git bay endişelen
patlama yanıbaşımda sesi ürkütücü ,korku,patla yanıbaşımda se ürküt
dilerim can kaybı yoktur maç çıkışı yaşanan patlama ürkütücü büyük geçmiş ,korku,dil can kayb yok maç çıkış yaşa patla ürküt büyük geçmiş
etilerde camlara çık peş peşe patlama sesi duyuldu umarım ürkütücü durum yoktur ,korku,eti cam çık peş peş patla se duy um ürküt durum yok
uyarılardan patlama olmuştu gerçekten ürkütücü ,korku,uyarı patla ol gerçekten ürküt
patlama büyük ürkütücü rakamlar allah korusun yarabbi ,korku,patla büyük ürküt rakamla allah koru yarabbi
üsküdardan duylan patlama ardından yakın uçağın çıkardığı sesler ürkütücü ,korku,üsküdar duy patla ardından yakın uçağ çıkar sesle ürküt
jetler istanbulda alçaktan uçup ses duvarını aşarak patlama sesi yaratıyorlar fazlasıyla ürkütücü ,korku,jet istanbul alçak uç ses duvar aş patla se yarat fazlasıyla ürküt
ürkütücü sesti yakınlarımda patlama allahım esirge ,korku,ürküt ses yakın patla allah esirge
top patlama sesi ürkütücü ,korku,top patla se ürküt
bunca patlama kan revanın ardından böylesi yağmurun istanbulu yıkaması ürkütücü yeryüzü durma ölüyor diriliyor ,korku,bunca patla kan reva ardından böyle yağmur istanbul yıka ürküt yeryüzü dur öl diril
bugün oturdum kötü biriysem endişelendim ,korku,bugün otur kötü biri endişelen
finali okuyunca bi irkildim kaldı ,korku,final oku bi irkil kal
whatsap konusmalarindan ss aldığında bildirim gittiğini düşünsene irkildim ,korku,whatsap konusmalarindan ss al bildiri git düşün irkil
sizinle aynı havayı almaktan gerçekten irkildim ,korku,siz aynı hava al gerçekten irkil
arka fonda çalan dilara şarkısıyla irkildim ,korku,arka fonda çal dilara şarkı irkil
allah kahretmesin fotoğrafı açtığımda irkildim hazırlıksız yakalandım resmen ,korku,allah kahret fotoğraf aç irkil hazırlık yakala resmen
yanlışlıkla kamera açıldı irkildim amk ,korku,yanlışlıkla kamera aç irkil amk
hoca peltek derken buket anladım irkildim kadın adımı bilmiyor ,korku,ho peltek derken buket anla irkil kadın ad bil
teksasta yaşıyormuşum haberim yokmuş el silah sesiyle irkildim ,korku,teksas yaş haber yok el silah se irkil
haftadır boş vakitlerimi evde uyuyarak geçirdiğimi defaatle fark edip irkildim ,korku,haf boş vakit ev uyu geçir defaatle fark ed irkil
gölgemden irkildim korkak tartışmayalım istersen ,korku,gölge irkil korkak tartış iste
sürü kabus gördüm olucak psikiyatra gitsem etsem ,korku,sürü kabus gör olucak psikiyatr git et
kabus uyanınca başlıyor ,korku,kabus uyan başl
kabus gibisin rüyalarıma girmeye başladın ,korku,kabus gibi rüya gir başla
millet uyurken kabus görür benimki uyanınca başlıyor ,korku,millet uyu kabus gör benimki uyan başl
gece robot olduğuma dair bi kabus gördüm korktum annemin yanına gittim onla uyudum ,korku,gece robot ol dair bi kabus gör kork anne yan git o uyu
kötü kabus gördüm korktum ,korku,kötü kabus gör kork
kabus olamaz highlighter im düşüp kırılıyordu paramparçaydı korktum ,korku,kabus olamaz highlighter im düş kır paramparça kork
saat uyudum hollywoodun filmleri kıskandıracak kabus gördüm korktum ,korku,saat uyu hollywood film kıskan kabus gör kork
kötü kabus gördüm korktum tek isteğim dikkat et abim ,korku,kötü kabus gör kork tek isteğ dikkat et abi
an ödüm koptu sene kendimi ağaçkakan göreceğim şükür değilmiş ,korku,an öd kop se kendi ağaçkakan gör şükür değil
gece gece ödüm koptu karanlıkta birden çıktı ay kalbim ,korku,gece gece öd kop karanlık birden çık ay kalb
yukarı kattakiler bok yiyor ödüm koptu sesten ,korku,yukarı kat bok yi öd kop ses
fırın patladı iyi ödüm patlamadı ölebilirdim ,korku,fırın patla iyi öd patla öl
yan binanın bahçesinde torpil patlattılar ödüm koptu ,korku,yan bina bahçe torpil patla öd kop
kalsın annem dövmemi görüyordu ödüm koptu kolumu çektiğimi anlamadım amk ,korku,kal anne dövme gör öd kop kol çek anla amk
gece gece instada şarkı paylaşıyorsunuz amk sesini sonda unutmuşum telefonun ödüm koptu ,korku,gece gece instada şark paylaş amk se son unut telefon öd kop
oha ödüm koptu şiddetli gök gürlemesiysi ,korku,oha öd kop şiddet gök gürlemesiysi
telefonu açtım ayvalık belediye başkanı yardımcısı çıktı ödüm koptu ,korku,telefon aç ayvalık beledi başkan yardımcı çık öd kop
kedi yavrulamış ödüm koptu amk tatlılar ,korku,kedi yavrula öd kop amk tatlı
sensizlikten ödüm koptu yapmam uslu dururum ,korku,sen öd kop yap uslu dur
hava soğuk çamaşırları evin içine astık ödüm koptu pelerinli geziyor evde sandım bornozmuş ,korku,hava soğuk çamaşır ev iç as öd kop pelerin gez ev san bornoz
insanların arasında yalnız olmaktan korkunç yoktur ,korku,insan ara yalnız ol korkunç yok
saniyede ciddi korkunç ,korku,saniye ciddi korkunç
hayatımda gördüğüm korkunç şeylerden robot ailesi ,korku,hayat gör korkunç şey robot aile
erkekte korkunç kısa paça pantolonları dizden yırtık hale getirdiler korkunç ötesi ,korku,erkek korkunç kısa paça pantolon diz yırtık hal getir korkunç öt
böylesine korkunç dünyanın birde cehennemi ,korku,böylesine korkunç dünya bird cehennemi
çamura saplanan mandanın korkunç ölümü ,korku,çamur sapla manda korkunç ölü
otobüs tekerleği fobim bugün fark ettim ilginç ,korku,otobüs tekerleğ fobi bugün fark et ilginç
fobim açık alanda kapalı alanda duramıyorum ,korku,fobi açık ala kapalı ala dur
tahtaya çıkıp sunum bi fobim bugün sunumum ,korku,tahta çık sunu bi fobi bugün sunum
cidden uzun mesaj fobim taksit taksit at ürkütme ,korku,cidden uzun mesaj fobi taksit taksit at ürküt
asansör fobim ,korku,asansör fobi
kavisli kaş fobim kaşları ağrı dağı insanlara bakamıyorum ,korku,kavis kaş fobi kaş ağrı dağ insan bak
üşüme fobim ,korku,üşü fobi
müzik kutusu fobim korkunç geliyorlar ,korku,müzik kutu fobi korkunç gel
düşme fobim düşemiyorum sorun sizde degil bende ,korku,düş fobi düş sor siz degil ben
iğne fobim inception yapıp gelirim yapmayın sayın kan alıcı bey ,korku,iğne fobi inception yap gel yap sayın kan alıcı bey
manyetik fobim ,korku,manyetik fobi
salyangoz lokum fobim ,korku,salyangoz lok fobi
örümcek fobim an ,korku,örümcek fobi an
metruk hastanelere fobim dehşetli gelir ,korku,metruk hastane fobi dehşetli gel
yükseklik korkum yok uçak fobim uçağı görünce nefesim kesiliyor içine girdiğim anda geçiyor ,korku,yüksek korku yok uçak fobi uçağ gör nefes kes iç gir an geç
kattayım çıkıcam kapalı fobim ,korku,kat çıkıcam kapalı fobi
allahtan iğne fobim yemediğim iğne kalmadı ,korku,allahtan iğne fobi ye iğne kal
sınavlara sırada girme fobim ,korku,sınav sıra gir fobi
böceklere fobim habire onlarla karşılaşmaktan biktim ,korku,böcek fobi habire o karşı bik
saçlarımı kendim kesiyorum saç kestirme fobim ,korku,saç kendi kes saç kes fobi
uzun süren aralar endişe verici ,korku,uzun sür arala endişe ver
spotify haftalık keşifin komple türkçe şarkı dolması endişe verici ,korku,spotify hafta keşif komple türk şark dolma endişe ver
kanada yemendeki kötüye giden durum endişe verici ,korku,kana yemen kötü gid durum endişe ver
sosyal medyalarda farkedilmek uğruna gelinen deliliğin noktası endişe verici ,korku,sosyal medya farked uğr gel deli nokta endişe ver
ubahnda yaşlı teyzenin dayaması endişe verici ,korku,ubahnda yaş teyze dayama endişe ver
sonunu bilen kelebek endişeliyim ,korku,son bil kelebek endişe
volkswagen’in maymunlar insanlar üstünde korkunç deneyler film senaryosu maalesef gerçek ,korku,volkswagen maymun insan üst korkunç deneyle film senaryo maalesef gerçek
gözleri keskin gözleri keskin gözleri keskin tren sesi korkutucuydu ,korku,göz keskin göz keskin göz keskin tren se korkut
gece kabus gördüm lahmacuncular telefonlarımı açmıyordu ,korku,gece kabus gör lahmacun telefon aç
kabusla uyandım aq saatte kabus ,korku,kabus uyan aq saat kabus
inan korkmadım irkildim ,korku,inan kork irkil
zamandır stalklıyorum yoksun öldün kaldın endişelendim ,korku,zaman stalklıyorum yoksun öl kal endişelen
tozları üflerken irkildim ,korku,toz üfle irkil
gece korktum sanırım dudağım uçuklamış ,korku,gece kork san dudağ uçukla
korkunç be hareketlere bak ürktüm şahsen ,korku,korkunç be hareket bak ürk şahsen
amca yanımda nefesini veriyor sandım ödüm koptu ,korku,amca yan nefes ver san öd kop
gökselle ortak noktamız varmış ikimizde gök gürültüsü korkuyoruz ,korku,gök ortak nokta var iki gök gürültü kork
abla kaşlar korktum allah affetsin ,korku,ab kaşla kork allah affet
parazitlerden korktum inş kabus görmem amin ,korku,parazit kork inş kabus gör amin
ay an engel yedim sandım onca tweetim atılmadı sandım ödüm koptu ,korku,ay an engel ye san onca tweet atıl san öd kop
resmen rüyamı gerçek sanıyordum korktum ,korku,resmen rüya gerçek san kork
berbat kabus desem rüya desen bilemedim ,korku,berbat kabus de rüya de bil
gök gürültüsü bomba sesleri ,korku,gök gürültü bomb ses
kabus rüya aynı ikisi geçiyor ölüm vakit ,korku,kabus rüya aynı iki geç ölüm vakit
instagramım çalındı sandım ödüm koptu ,korku,instagram çal san öd kop
sınıfta ıslak mendil sakız çıkarmaya korkuyorum ,korku,sınıf ıslak mendil sakız çıkar kork
kendimden korkmaya başlıyorum ,korku,kendi kork başl
karabasan kabusu ,korku,karabasan kabus
hesabım kitlendi korkutucuydu ,korku,hesab kitle korkut
korkunç be hareketlere bak ürktüm şahsen ,korku,korkunç be hareket bak ürk şahsen
tekrar yarım kalmaktan korkuyorum ,korku,tekrar yarım kal kork
rüyamda depresyona girip saçlarımı kısa kestiriyordum korkunçtu kitap yazmayı düşünüyorum ,korku,rüya depresyon gir saç kısa kes korkunç kitap yazma düşün
kardeşim kaçan uykumu geri verir korktum ,korku,kardeş kaç uyku geri ver kork
candy crush oynarken zamanı ileri aldığımda aramış ödüm koptu ,korku,candy crush oyna zaman ileri al ara öd kop
evlenene gelinlik modası geçicek korkuyorum ,korku,evlen gelinlik moda geçicek kork
internetten korkuyorum herşeyin ortalığa dökülmesi saniye sürüyor ,korku,internet kork herşey ortalığ dök saniye sür
anki şimşekler ağzıma sıçtı korkudan ölmek üzereyim ,korku,an şimşek ağz sıç korku öl üzere
hepimize format atacaklar korkuyorum ,korku,hep format at kork
gelişim üniversitesi tikileriyle aynı metrobüsteydim kabus gibiydi ,korku,gelişim üniversite tikileriyle aynı metrobüs kabus gibi
bok uyandım kabus gördüm uyurken rahat yok ,korku,bok uyan kabus gör uyu rahat yok
yaşıma geldim dişçiden korkuyorum ,korku,yaş gel diş kork
kabustu be insaf ,korku,kabus be insaf
rüya gördüm korkunçtu ,korku,rüya gör korkunç
rüya göremiyorum görüncede görüyorum kabus ,korku,rüya gör görüncede gör kabus
blackpink houseun üzerine düşüyordum korkutucuydu ,korku,blackpink houseun üzerine düş korkut
twittera story özelliği gelecek korkuyorum ,korku,twitter story özelliğ gelecek kork
ödüm koptu olacak tepişiyorlar an kalmadı sanırım ağzında ,korku,öd kop ol tepiş an kal san ağz
insanın yaşamakla ölmek arasındaki büyük köprüde çabalaması korkunç şeydi ,korku,insa yaşa öl ara büyük köprü çabala korkunç şe
soy ağacıma baktım resmen ortacalıymışız kabus sildirebiliyoruz ,korku,soy ağac bak resmen ortaca kabus sil
gözleri keskin gözleri keskin gözleri keskin tren sesi korkutucuydu ,korku,göz keskin göz keskin göz keskin tren se korkut
korktum sende korktun biliyordum geleceğeni ,korku,kork se kork bil geleceğeni
tarkanın baba oluyorum videosunu sessiz izleyince korku filmi ,korku,tarkan baba ol video sessiz izle korku film
kendimden şeylerden vazgeçerken korkuyorum ,korku,kendi şey vazgeç kork
resmen kabus gün yaşadım kabusu yaşatan aşiret ağalarının züğürt ağa olmalarını dilerim ,korku,resmen kabus gün yaşa kabus yaşa aşiret ağa züğürt ağa ol dil
boklar yemeye çalışırken ailemin sezmesi ürkütücü ,korku,bokla ye çalış aile sez ürküt
aynı davranırsam haketmeyen aynı değeri alacak korkuyorum kinim kişisel ,korku,aynı davran haket aynı değer al kork kin kişisel
kediler kızlardan feci çığlık atıyor ödüm koptu ,korku,kedi kız feci çığlık at öd kop
bilir belkide bağlanmaktan korkuyorum ,korku,bilir belki bağla kork
kabus gördüm takımım kazanma amacı olmadan sahaya çıkmıştı ,korku,kabus gör takım kazan amac ol saha çık
kabus gördüm korkum geçsin yanınıza geldim ,korku,kabus gör korku geç yan gel
tivitırım dakikalığına çalınmış allahım korktum ,korku,tivitırım dakika çal allah kork
müebbet yazar korktum yüzden denemedim kanka ,korku,müebbet yazar kork yüz dene kanka
nişantaşındaki yakışıklı cennetinden istiklaldeki çirkinler kabus çöktü gözlerime gudubetlik ,korku,nişantaşı yakışıklı cennet istiklal çirkin kabus çök göz gudubet
kabus korku filmi gördüm resmen ,korku,kabus korku film gör resmen
kardeşim elinde iğneyle kapıda bekliyormuş korku filmi ev ,korku,kardeş el iğne kapı bekl korku film ev
amca korna çalıyon vur geç ödüm koptu ,korku,amca korn çalıyon vur geç öd kop
karton bardaktan ince belliye geçmişler fiyat arttı korkuyorum ,korku,karton bardak ince belli geç fiyat art kork
sefer yarım kalmaktan değilde düştüğüm yerde kalmaktan korkuyorum ,korku,sefer yarım kal değilde düş yer kal kork
birden irkildim susmayacakmış sustum gitmeyecekmiş gittim ,korku,birden irkil sus sus git git
bakın endişeli gençlik eriyor ,korku,bak endişe genç er
korku filmi evinde siyanürle intihar etmiş ,korku,korku film ev siyanürle intihar et
rüyamda kardeşim tarot kartlarımı gizlice alıp fal bakmaya çalışıyordu kabus kabus ,korku,rüya kardeş tarot kart gizli al fal bak çalış kabus kabus
yılında hastalık geçirmiştim samatya sskda yatmam gerekti vallahi kaçtım hastaneden yatmadan korkunçtu ,korku,yıl hastalık geçir samatya ssk yat gerek vallahi kaç hastane yat korkunç
rüyamda kere friendzone yedim korkutucuydu ,korku,rüya ker friendzone ye korkut
ünlülere mention attığım korkunç dönem kişiye attım korkunçtu ,korku,ün mention at korkunç döne kişi at korkunç
robotların aralarında olacağını ima etmiştim korkutucu ,korku,robot ara ol ima et korkut
serdar azizi tt görünce sakatlandı sandım ödüm koptu ,korku,serdar aziz tt gör sakat san öd kop
spordan geldiğimde boyum kısalmış mıdır korkuyorum amk ,korku,spor gel boy kısal mı kork amk
kapının önüne geldim anda ödüm koptu oda korktu bırakır mıyım ,korku,kap ön gel an öd kop od kork bırak mı
konağa gitsin bence olacak korkuyorum ,korku,konağ git bence ol kork
an yolları ayırma kararı aldı diyecek korktum ,korku,an yol ayır karar al di kork
karede sınav kağıdımdan beter görüntüler korkunç ,korku,kare sınav kağıd beter görüntüle korkunç
nunnalynin boynu kırılabilirdi korkutucuydu pozisyon ,korku,nunnalynin boyn kır korkut pozisyon
evladım yapmayın be ödüm koptu ,korku,evlad yap be öd kop
petlas lastiğin reklamındaki kışa hazırlık tasarımı mezar taşını andırıyor ürktüm ,korku,petlas lastiğ reklam kış hazırlık tasar mezar taş andır ürk
izmirde okulun kazan dairesinde patlama ölü ,korku,izmir okul kaz daire patla ölü
pencereden sokağa bakarken aklıma it follows filmi geldi ürktüm gece gece ,korku,pencere sokağ bak akl it follows film gel ürk gece gece
idlip’te patlama ölü ,korku,idlip patla ölü
devamında altına inerse buyrun cenaze namazına diyecek endişelendim ,korku,devam alt in buyru cenaze namaz di endişelen
annem maket kartonlarımı çöpe atacak korkuyorum ,korku,anne maket karton çöp at kork
yakın olduğun insanların çabuk yabancılaşması korkutucu şeydir ,korku,yakın ol insan çabuk yabancı korkut şey
libyada patlama meydana geldi ölü yaralı ,korku,libya patla meydan gel ölü yar
içim geçmişti uyuyodum tweet bildirimine irkildim ,korku,içim geç uyuyodum tweet bildirim irkil
bugün kadavrayla bakıştım korkutucuydu kesin yaşarken yakışıklı heriftir ,korku,bugün kadavra bakış korkut kesin yaşa yakışıklı herif
arkamda bıraktıklarıma dönüp bakmaya korkuyorum ,korku,arka bırak dön bak kork
hışımla girdi menşına ürktüm ,korku,hışım gir menşına ürk
lübnandaki filistin mülteci kampında çatışma ölü ,korku,lübnan filistin mülteci kamp çatış ölü
ellerim kurudu korkunç oldu korkunç ,korku,elle kuru korkunç ol korkunç
sizce küçük köpekler korkunç ,korku,siz küçük köpekle korkunç
dişçiye geldim tedavi gördüm günkü korkuyorum ,korku,diş gel tedavi gör gün kork
gece aralıklarla uyandım düşüsü görüp uyudum kabus gibiydi ,korku,gece aralık uyan düşüsü gör uyu kabus gibi
eskisi istediğim insanlar lakin korkuyorum ,korku,eski iste insan lakin kork
abla kaşlar korktum allah affetsin ,korku,ab kaşla kork allah affet
muhalefet etmeye başladılar ürkütücü ,korku,muhalefet et başla ürküt
korktum anlatamam ,korku,kork anlat
serra birden şiir okumaya başladı korktum ,korku,serra birden şiir oku başla kork
ergenlerle uğraşmak cidden zormuş kardeşim kabus ,korku,ergen uğraş cidden zor kardeş kabus
korkutucu kavram ,korku,korkut kavram
korkuyorum hayattan fazla dayanmam ,korku,kork hayat fazla dayan
rüyamda devlete giriş yapabilmiştim rum asıllı olduğumu öğrenmiştim kabus gibiydi siteye girebilen ,korku,rüya devlet giriş yap rum asıl ol öğren kabus gibi site gir
pakistan’da patlama ölü ,korku,pakistan patla ölü
rüyamda ders çalışmak zorundaydım rüya kabus adeta ,korku,rüya ders çalış zor rüya kabus adeta
hayatım korku filmi an sırtımdan bıçaklayacak bekliyorum ,korku,hayat korku film an sırt bıçakla bekl
korku filmi izleyim korkudan altıma sıçıp gece uyuyamayayım allahım çılgınım ,korku,korku film iz korku alt sıç gece uyu allah çılgın
kabus olamaz highlighter im düşüp kırılıyordu paramparçaydı korktum ,korku,kabus olamaz highlighter im düş kır paramparça kork
kabus dakika gözümü acmaya korktum nefret ediyorum rüyalardan kabuslardan ,korku,kabus dakika göz acmaya kork nefret ed rüya kabus
devletten soy ağacıma bakıcam umarım laz çıkmam korkuyorum ,korku,devlet soy ağac bakıcam um laz çık kork
şüphesiz ölüm korkunç şeydir ,korku,şüphesiz ölüm korkunç şey
yıllardır kabus görüyordum korktum ,korku,yılla kabus gör kork
ölüm araftamıyım özgür yaşamaktan korkunç ,korku,ölüm araftamıyım özgür yaşa korkunç
yerli yersiz haksız neticede gelişen linç kültürü ürkütücü ,korku,yerli yersiz hak netice geliş linç kültür ürküt
kabus gördüm aq dehşet korktum ,korku,kabus gör aq dehşet kork
abla ayağına kürklü bot giymişti yeminle ayağına kedi dolanmış sandım ödüm koptu ,korku,ab ayağ kürk bot giy yem ayağ kedi dolan san öd kop
korktum biliyor ,korku,kork bil
facia kaza kişi birden taşıyan otobüs kaza yaptı ölü yaralı ,korku,facia kaz kişi birden taşı otobüs kaz yap ölü yar
gölgemden korktum arkamda sandım aq iyice psikolojim bozuldu ,korku,gölge kork arka san aq iyi psikoloji bozul
ters döndüm kız korktum ,korku,ters dön kız kork
köksal baba ölmemiş miydi ttde görünce hayalet görmüş ürktüm la ,korku,köksal baba öl mi tt gör hayalet gör ürk la
bende psikopat değilmişim korktum ,korku,ben psikopat değil kork
gece korktum sanırım dudağım uçuklamış ,korku,gece kork san dudağ uçukla
bugün kabus yaşıyorum ,korku,bugün kabus yaş
kabus görüp uyandım saat telefona bakıyım dedim iyice korktum numeroloji bilen birileri yorumlasın lütfen ,korku,kabus gör uyan saat telefon bakı de iyi kork numeroloji bil biri yorumla lütfen
an dayı ayıramadın sandım ödüm koptu gönlümü aldın ,korku,an dayı ayır san öd kop gönl al
kuş palyaço fobim kuşlar lütfen uzak durun ,korku,kuş palyaço fobi kuş lütfen uzak dur
iletişim kuramamaktan doktor fobim olmuş galiba korkudan gidemiyorum ,korku,iletişim kur doktor fobi ol galiba korku gid
balkona maket hırsız yapmışlar adam asmış sandım ödüm koptu yaptınız ,korku,balkon maket hırsız yap ada as san öd kop yap
okula rimelim akmış bi gittim zombi gibiydim amq kendimden korktum ,korku,okul rimel ak bi git zombi gibi amq kendi kork
okulun günü günü fobim ,korku,okul gün gün fobi
feghouli konusunda endişeliyim ,korku,feghouli konu endişe
arabalarınızın koltuklarına maske koymayın ödüm koptu ,korku,araba koltuk maske koy öd kop
akıllara zarar böcek fobim kalp atışlarımın hızı değişiyor ,korku,akıl zarar böcek fobi kalp at hız değiş
korku filmi gibiydi evde yalnızım ışık yanıp sönüp kapandı ,korku,korku film gibi ev yalnız ışık yan sön kapan
endişelendim bugün zam yapılmadı hükümetin başına geldi ,korku,endişelen bugün zam yap hükümet baş gel
kaybetmekten korktum kaybettim ,korku,kaybet kork kaybet
allahım korktum kalbim sıkışıyor dikkat et ,korku,allah kork kalb sıkış dikkat et
kabus görmüş sanırım sebebini düşünüyorum nidaya gittik saat evde yoktu korkmuş olabilir ,korku,kabus gör san sebeb düşün nida git saat ev yok kork ol
birini kaybetmekten korkuyorum korkmuyorsunuz ,korku,biri kaybet kork kork
içimde biriken hislerin birdenbire patlayarak zerreler halinde dağıtacağından korkuyorum ,korku,iç birik his birdenbire patla zerre hal dağıt kork
yahu kabus gündü ,korku,yahu kabus gün
dow jones yeterince korkuttu yatay takılıp yükselebilirsin mr kovboy ,korku,dow jones yeterince korkut yatay takıl yüksel mr kovboy
kabus günün içindeyim bitmiyor ,korku,kabus gü iç bit
tuvalet ürkütücü oda hele aynası korkunçlu oda ,korku,tuvalet ürküt od hele ayna korkunç od
spagetti hariç makarna şekillerine fobim ,korku,spagetti hariç makarna şekil fobi
durup dururken birden ölüm geldi aklıma irkildim ailemden birini kaybederim korkusu geldi ,korku,dur dur birden ölüm gel akl irkil aile biri kaybed korku gel
endişeli akla düşüş ,korku,endişe akla düş
dünkü rüya alacakaranlık kuşağıydı korku gerilim filmi gibiydi bugün tür filme denk merak ediyorum ,korku,dün rüya alacakaranlık kuşağ korku gerilim film gibi bugün tür film denk merak ed
insanın aciz ara ara rabbimin hatırlatmasıürkütücü manzara ,korku,insa aciz ara ara rabbi hatırlatmasıürkütücü manzara
ödüm koptu tencere düşerken ,korku,öd kop tencere düş
duvara ismini yazacaktım tanırlar korktum ,korku,duvar ism yaz tanı kork
örümcek fobim olmasına oturdum örümcek korku filmine bakıyorum ,korku,örümcek fobi ol otur örümcek korku film bak
çinde fabrikada patlama ölü ,korku,çin fabrika patla ölü
dünyanın yalnızlık verici korkutucu hissi sesini duyuramama hissidir ,korku,dünya yalnız ver korkut hissi se duyur hissi
dediğim çıkıyor ürktüm an ,korku,de çık ürk an
bakın burda fırtına öncesi sessizlik hakim korkuyorum ,korku,bak bur fırt önce sessiz hakim kork
ödüm koptu çığlık manyak kadın ,korku,öd kop çığlık manyak kadın
büyüdüğümü farkettiğimde zamanın hızlı geçtiğini görüyorum gerçekten fazla ürkütücü ,korku,büyü farket zaman hızlı geç gör gerçekten fazla ürküt
güldüm ellerine sağlık emeği geçenlerin ,mutlu,gül el sağlık emeğ geç
yakıyormuş gemileri birileri duyduğumda güldüm ,mutlu,yak gemi biri duy gül
güldüm eğlendim keyfim geldi ,mutlu,gül eğlen keyf gel
kendimden kimsem yok komik ,mutlu,kendi kimse yok komik
fotoğrafım ifşa niteliğinde tipim normalde komik ,mutlu,fotoğraf ifşa niteliğ tip normal komik
nedensizce güldüm ,mutlu,neden gül
güldüm komik tıpkı hayatım ,mutlu,gül komik tıpkı hayat
güldüm babam uykusundan kalkıp sabahtan neye gülüyorsun dedi teşekkürler ,mutlu,gül baba uyku kalk sabahtan ne gül de teşekkür
güne su durmaz şarkısı başladım mutluyum ,mutlu,gün su dur şarkı başla mutlu
hazır mısınızz sergiye geldik bunlaru asmışlar mutluyum ,mutlu,hazır mısınızz sergi gel bunlaru as mutlu
selim ileriye samimi mektubu nezaketi teşekkür ederim ,mutlu,selim ileri samimi mektub nezaket teşekkür ed
herşey teşekkür ederim harikasınız iyi varsınız ,mutlu,herşey teşekkür ed harika iyi var
habeş maymunu sövmüş aşırı güldüm ,mutlu,habeş maymun söv aşırı gül
kardeş tıp bayramın mübarek ,mutlu,kardeş tıp bayram mübarek
canın sağolsun beşiktaş takım tutmuyorum yıllardır penaltı heyecanı yaşamamıştım eyvallah ,mutlu,ca sağol beşiktaş tak tut yılla penaltı heyecan yaşa eyvallah
sevimli doğum günü mesajı teşekkürler ,mutlu,sevimli doğu gün mesaj teşekkür
italyan spiker komik anlatıyor napoli city maçını ,mutlu,italya spiker komik anlat napoli city maç
eğlenceli görünüyor not aldım teşekkürler ,mutlu,eğlence görün not al teşekkür
hepinize sevgiler saygılar teşekkür ederim ,mutlu,hep sevgi saygı teşekkür ed
mutluyum twet atmayı unutuyorum ,mutlu,mutlu twet at unut
bugün provamızı yaptık hazırım heyecanlıyım mutluyum ,mutlu,bugün prova yap hazır heyecan mutlu
peaky blinders’e başlıorum heyecanlıyım hadi hayırlı ,mutlu,peaky blinderse başlıorum heyecan hadi hayır
yeni bölüm heyecanlıyım başlasın ,mutlu,yeni bölü heyecan başla
aşırı heyecanlıyım gün aylar olmuş hesabı kapatalı sizleri özledim ,mutlu,aşırı heyecan gün ayla ol hesab kapat siz özle
öyleydi böyleydi derken yeni evini buldu inanılmaz heyecanlıyım ,mutlu,öyle böyle derken yeni ev bul inanılmaz heyecan
yarın kendimle başbaşa gün geçireceğim heyecanlıyım ,mutlu,yarın kendi başbaşa gün geçir heyecan
uzun süre işe başlıyorum heyecanlıyım gerçekten ,mutlu,uzun sür işe başl heyecan gerçekten
yarın görüşüyoruz heyecanlıyım ,mutlu,yarın görüş heyecan
heyecanlıyım gün boyunca uyumayı planlıyorum ,mutlu,heyecan gün boyunca uyu planl
beşiktaşlıların sevgililer günü kutlu ,mutlu,beşiktaş sevgili gün kutlu
dursun özbekten kurtuluşumuzun günü kutlu ,mutlu,dur özbek kurtul gün kutlu
neymardan robinhoya idolüm futbol oynama konusunda ilham adam doğum günün kutlu seviyorum ,mutlu,neymar robinho idol futbol oyna konu ilham ada doğu gü kutlu sev
kurucumuz gazanfer özcana özlemle doğum günü kutlu ,mutlu,kur gazanfer özcan özlem doğu gün kutlu
kıtaya adalet şefkat emniyet götüren osmanlı devletnin kuruluşunun dönümü kutlu ,mutlu,kıta adalet şefkat emniyet götür osmanlı devletnin kuruluş dönü kutlu
kar görünce sevinen panda sevinçliyim an ,mutlu,kar gör sevin panda sevinç an
yıllar karne almıcam sevinçliyim ,mutlu,yılla karne almıcam sevinç
bugün yersiz sevinçliyim kesin olucak ,mutlu,bugün yersiz sevinç kesin olucak
alttan aldığım dersi geçtim taktir almış çocuk sevinçliyim hadi internet kafeye gidip cs oynama vakti ,mutlu,alt al ders geç taktir al çocuk sevinç hadi internet kafe gid cs oyna vakt
onur belgesi alıyorum sevinçliyim ,mutlu,onur belge al sevinç
gün boyunca staj yok sevinçliyim anlatamam ,mutlu,gün boyunca staj yok sevinç anlat
ay aradan koşmaya başlıyorum dostlar fazla sevinçliyim ,mutlu,ay ara koş başl dost fazla sevinç
saçlarımı madelaine turuncu yapıcağım fazla sevinçliyim ,mutlu,saç madelaine turuncu yapıcağım fazla sevinç
misafirlikte yaşında oldun dendi an sevinçliyim ,mutlu,misafir yaş ol de an sevinç
başaksehire gitmesine üzülmedim aksine gelmediği sevinçliyim ,mutlu,başaksehire git üzül aksine gel sevinç
prison break sezon çıkıyormuş muazzam sevinçliyim an ,mutlu,prison break sezon çık muazzam sevinç an
aydır aradığım kitabı kazık fiyattan aldım sevinçliyim ,mutlu,ay ara kitab kazık fiyat al sevinç
arif izledim beğendim snap atmadım sevinçliyim gururluyum ,mutlu,arif izle beğen snap at sevinç gurur
vagner love’un eşi mükemmel hayata merhaba ,mutlu,vagner loveun eş mükemmel hayat merhaba
seninkine güldüm waffle sevdiğim waffle ayıp olmasın favlamadım ,mutlu,se gül waffle sev waffle ayıp ol favlamadım
dünkü hezimetten fotoğraf geldi güldüm ,mutlu,dün hezimet fotoğraf gel gül
okurken güldüm gülümseyin duvara bıraktım ,mutlu,oku gül gülümse duvar bırak
uludağ’a aşık oldum bence boş ,mutlu,uludağ aşık ol bence boş
empati kurayım dedim kendime aşık oldum ,mutlu,empati kur de kendi aşık ol
ortamda olmayacak imkansız kişi misiniz tebrikler aşık oldum ,mutlu,orta ol imkan kişi mi tebrik aşık ol
güzel gülüyorsun aşık oldum ,mutlu,güzel gül aşık ol
başakla aşk yaşamadan aşık oldum deme ,mutlu,başakla aşk yaşa aşık ol de
gülmeyi seviyordum güldürene aşık oldum hamdolsun nokta ,mutlu,gül sev güldür aşık ol hamdolsun nokta
gittiğim mekanda kıza aşık oldum ,mutlu,git mekan kız aşık ol
kıpkırmızı gözlerine aşık oldum ,mutlu,kıpkırmızı göz aşık ol
mutlu uyandım ,mutlu,mutlu uyan
hayat paylaşınca güzel ,mutlu,hayat paylaş güzel
öğretmenlerimizin öğretmenler günü kutlu ,mutlu,öğretmen öğretmen gün kutlu
kendimi harika hissediyorum yeniden hayat doldum ,mutlu,kendi harika hissed yeniden hayat dol
kelimelerle tarif edilemez mutluluk müthiş his ,mutlu,kelime tarif ed mutlu müthiş his
aferin çocuklar gurur hepimizin helal hepinize ,mutlu,aferin çocuk gurur hep helal hep
sevginize ilginize teşekkür ederim an mutluyum paylaşasım ,mutlu,sevgi ilgi teşekkür ed an mutlu paylaş
müze gezisi inanılmaz güzeldi tavsiye ederim ,mutlu,müze gezi inanılmaz güzel tavsiye ed
mutlu olun mutluyum ,mutlu,mutlu ol mutlu
sevinç patlaması yaşadım ,mutlu,sevinç patla yaşa
çocuklar şendik festival eğlenceli geçti ,mutlu,çocuk şen festival eğlence geç
seneki festivaller efsane geçiyor gün festival coşsak ,mutlu,sene festival efsane geç gün festival coş
twitterı seviyorum müthiş platform ,mutlu,twitter sev müthiş platform
fatma teyze bugün güzel olmuş bayıldım ,mutlu,fatma teyze bugün güzel ol bayıl
öğretmenler günün kutlu nasihatleriyle hayat dersi veren ramiz karaeski ,mutlu,öğretmen gü kutlu nasihat hayat ders ver ramiz karaeski
okul derecelerimiz türkiyenin başarılı liselerinden olduğumuzu gösteriyor aferin çocuklar ,mutlu,okul derece türkiye başarı lise ol göster aferin çocuk
öğrencilerine saygıyı sevgiyi aşılayan daim eşit yaklaşan öğretmenlerin bayramı kutlu ,mutlu,öğrenci saygı sevgi aşıla daim eşit yaklaş öğretmen bayram kutlu
güzel güzeldir güzelden zarar gelmez güzeli paylaşalım ,mutlu,güzel güzel güzel zarar gel güzel paylaş
kutlu çocuklarımıza ,mutlu,kutlu çocuk
zafer bayramımız kutlu bugün hepimiz gelecek güzel günlerin başlangıcı ,mutlu,zafer bayram kutlu bugün hep gelecek güzel gün başlangıc
engelleri aşıp filmimize gelen seyircilerimize teşekkürler sevgiler çiçekler ,mutlu,engel aş film gelen seyirci teşekkür sevgi çiçekle
miraç kandilimiz mübarek iyi dualarınızın kabul olmasını dilerim ,mutlu,miraç kandil mübarek iyi dua kabul ol dil
adanaya doyamadan dönüyorum aydına adana güzeldi ,mutlu,adana doy dön aydın ada güzel
sevincin wonderland yesin yesin yatsın ,mutlu,sevinc wonderland ye ye yat
sevdiğim gün halini almaya başladı oley ,mutlu,sev gün hal al başla oley
annemden gelen kargonun mükemmelliği ,mutlu,anne gelen kargo mükemmel
bugün doğum günüm bitti ,mutlu,bugün doğu gün bit
güldüm yüzüm kasıldı ,mutlu,gül yüz kas
annemden iyi zeytinyağlı sarma yapan varlık olamaz evrende gece gece gömdüm ,mutlu,anne iyi zeytinyağ sarma yap varlık olamaz evre gece gece göm
istanbula gelip zamanımı güzel değerlendirdim sanırım dolu dolu geçti gün seri bitti çabuk döndüm yarın yayın ,mutlu,istanbul gel zaman güzel değerlendir san dolu dolu geç gün seri bit çabuk dön yarın yay
yılların güzel günüydü günümü güzelleştiren haftaya efsane video vaziyet ,mutlu,yıl güzel gün gün güzel hafta efsane video vaziyet
alt kattan gece saatlerde inanılmaz güzel sesle söylenen elfida komşularla sıfır sorun politikama yardımcı olacak ,mutlu,alt kat gece saat inanılmaz güzel sesle söylen elfida komşu sıfır sor politika yardımcı ol
erdeğin insanları komik ,mutlu,erdeğin insan komik
yokken gülemez demişsin çokta güldüm ,mutlu,yok gül de çok gül
hayat şarkısı seviyorum ,mutlu,hayat şarkı sev
geç kalmış doğum günü hediyemiz teşekkür ederiz ,mutlu,geç kal doğu gün hediye teşekkür ed
inançlı olsaydım çilekten aldığım haz günaha girerdi derece haha ,mutlu,inanç ol çilek al haz günah gir derece haha
yaşasın günde yapmadım oley tatil güzel geçiyor ,mutlu,yaşasın günde yap oley tatil güzel geç
andan doğum günüme gün heyecanla bekliyorsam dd ,mutlu,an doğu gün gün heyecan bekl dd
es es bandosu iyi marşlar ağzıma takıldı sayelerinde ,mutlu,es es bando iyi marş ağz takıl saye
efsane gündü teşekkür ederim ,mutlu,efsane gün teşekkür ed
sevgili kemal abim ellerinize sağlık teşekkür ederiz ,mutlu,sevgili kemal abi el sağlık teşekkür ed
eğlendim telefonun içinden alıp karşıma koymak istedim ,mutlu,eğlen telefon iç al karşı koy iste
ay beyaz kazaklı fotoğrafa aşık oldum kaliteli halini istiyorum ,mutlu,ay beyaz kazak fotoğraf aşık ol kalite hal ist
içimde harika aşk yaşadım mutluyum bitsede kalsada duygu yaşadım moralim iyi ,mutlu,iç harika aşk yaşa mutlu bitsede kalsada duygu yaşa moral iyi
mutluyum aşk ilgisi yok ,mutlu,mutlu aşk ilgi yok
cidden beğendim harbiden çocuk bomba geliyor ,mutlu,cidden beğen harbi çocuk bomb gel
eskişehir fransada oynarsa tur atlar tebrikler eskişehir güzel futbol ,mutlu,eskişehir fransa oyna tur atla tebrik eskişehir güzel futbol
malatyamıza hayırlı malatyalılar seveni bağrına basar ,mutlu,malatya hayır malatya seven bağr bas
hemstırlar sevimliler seviyorum ,mutlu,hemstırlar sevimli sev
güzel yerde oturuyorsunuz beğendim ,mutlu,güzel yer otur beğen
sezon gördüğüm maçlarda harun’u beğendim ,mutlu,sezon gör maç haru beğen
yol arkadaşım güzeller güzeli prenses kardeşim iyi doğdun doğum günün kutlu ablam seviyorum iyiki varsın ,mutlu,yol arkadaş güzel güzel prenses kardeş iyi doğ doğu gü kutlu abla sev iyik var
haha bakkalda oturdum kadın fal bakıyor aşk kadın ,mutlu,haha bakkal otur kadın fal bak aşk kadın
halis komik hücum faul verdi topa dokunan hücumcu ,mutlu,halis komik hücum faul ver top dokun hücum
russian roulette albümünü açınca oynamadan duramıyorum komik ,mutlu,russia roulet albüm aç oyna dur komik
bende galatasaray sevgisi ,mutlu,ben galatasaray sevgi
deyiz berke abilerle gitar çalıp şarkı söylüyor harika müthiş ortamdayız ,mutlu,de berke abi gitar çal şark söyl harika müthiş orta
haklısınız eğleniyoruz ,mutlu,hak eğlen
güzel seçmişim armutları tadı enfes ,mutlu,güzel seç armut tad enfes
çokta engellendigime fotoları görmeyecem sevindim ,mutlu,çok engellendigime foto görmeyecem sevin
uyumadan acayip şarkı yazmışım sevindim an ,mutlu,uyu acayip şark yaz sevin an
kitap çıktı epey sevindim utandım gece yatmadan gizli gizli gururumu okşadım ,mutlu,kitap çık epey sevin utan gece yat gizli gizli gurur okşa
uzun gelen yeni matsuda junko fanartlarına epey sevindim tatlılar ,mutlu,uzun gelen yeni matsu junko fanartlarına epey sevin tatlı
nezakete nezaketle karşılık verilmesine alışık değiliz yabulduğumda epey sevindim ,mutlu,nezaket nezaket karşılık ver alışık değil yabulduğumda epey sevin
euronun lira olmasına epey sevindim ülkeye dönüp bozduracağım birikimimi ,mutlu,euro lira ol epey sevin ülke dön bozdur birikim
jong transferine epey sevindim yararlı olacağını düşünüyorum oyunda melo olmasa melo yırtıcılığının üzeride olacaktır ,mutlu,jong transfer epey sevin yarar ol düşün oy melo ol melo yırtıcı üzeride ol
seviyorum diyenin sevgisinden şüphe et aşk sessiz sevgi dilsizdir ,mutlu,sev di sevgi şüphe et aşk sessiz sevgi dil
sıyah beyaz aşk kanal seviyorum dizi ,mutlu,sıyah beyaz aşk kanal sev diz
gerçek aşkı bulduğunda sevgisini gösterir insanlar bende seviyorum demeye utanır ,mutlu,gerçek aşk bul sevgi göster insan ben sev de utan
karla karışık aşk yağıyor bugünlerde dolu dolu seviyorum ,mutlu,karla karışık aşk yağ bugün dolu dolu sev
canana başta kıl oluyordum seviyorum be ,mutlu,canan başta kıl ol sev be
aşk öpüşmekten dudakları morarana seviyorum derken yanakları kızarana yakışır ,mutlu,aşk öpüş dudak morar sev derken yanak kızar yakış
gençler aşık değilim aşk açılı twitler atmayı seviyorum ,mutlu,genç aşık değil aşk açıl twitler at sev
aydın belediyemize teşekkür ederim doğunun elektrik borçlarını kitlediği ,mutlu,aydın belediye teşekkür ed doğu elektrik borç kitle
iyi dilekleriniz teşekkür ederim arkadaşlar allah razı ,mutlu,iyi dilek teşekkür ed arkadaş allah razı
destekleyen teşekkür ederim sıcaklıklarını hissediyorum güzel yüreğe girmiş isem kaybetmiş sayılmam ,mutlu,destekle teşekkür ed sıcaklık hissed güzel yüreğ gir i kaybet say
güneydoğu tv program sonrası ilgi gösteren izleyenlerime teşekkür ederim ,mutlu,güneydoğu tv program sonra ilgi göster izle teşekkür ed
gün doğum günümü kutlayan kultlamayandan allah razı teşekkür ederim ,mutlu,gün doğu gün kutla kultlamayandan allah razı teşekkür ed
meray harika birşeye benzetti özel hissediyorum teşekkür ederim ,mutlu,meray harika birşey benzet özel hissed teşekkür ed
bugün sevinçli olmama sebep olduğun teşekkür ederim ,mutlu,bugün sevinç ol sebep ol teşekkür ed
yormadan davranışlarınla boş insan gösterdiğin teşekkür ederim ,mutlu,yor davranış boş insan göster teşekkür ed
hoş olduğunuz teşekkür ederim ,mutlu,hoş ol teşekkür ed
yıllık eğitim hayatımın tatilini boşa geçirmiş bulunmaktayım kendime teşekkür ederim ,mutlu,yıllık eğitim hayat tatil boşa geçir bulun kendi teşekkür ed
sene zamanlar uğruna öleceğim insanlar şuan hayatımda yok gayet mutluyum teşekkür ederim ,mutlu,se zamanla uğr öl insan şua hayat yok gayet mutlu teşekkür ed
öğle yemeğinde eşlik eden sezen aksuya teşekkür ederim ,mutlu,öğle yemeğ eş ed sez aksu teşekkür ed
hayatımdaki güzel insanlar teşekkür ederim allahım kaktüsün üstündeki çiçekler gibiler ,mutlu,hayat güzel insan teşekkür ed allah kaktüs üst çiçekle gibi
doğum günümü kutladığınız teşekkür ederim ,mutlu,doğu gün kutla teşekkür ed
yıldır mutlu olmamıştım teşekkür ederim allahım ,mutlu,yıldır mutlu ol teşekkür ed allah
sayın valim kitap severler adına teşekkür ederim ,mutlu,sayın vali kitap sev adına teşekkür ed
içimizdeki şeytanı severek okudumçok teşekkür ederim öneri ,mutlu,iç şeytan sev okudumçok teşekkür ed öner
doğum günün kutlu mutlu ol senelerce ,mutlu,doğu gü kutlu mutlu ol sene
kardeşim doğum günün kutlu ailenle nice sağlıklı mutlu yaşların ,mutlu,kardeş doğu gü kutlu aile nice sağlık mutlu yaş
başakşehirin şampiyonluğu kutlu ,mutlu,başakşehir şampiyon kutlu
kral seviyorum doğum günün kutlu ,mutlu,kral sev doğu gü kutlu
ölüm günün kutlu güzel filmmiş tekrar tekrar izliyorum ,mutlu,ölüm gü kutlu güzel film tekrar tekrar izl
çalışan gazeteciler günü kutlu ,mutlu,çalış gazete gün kutlu
fenerbahçe forması giyer sorusuna şeref duyarım diyen taçsız kral doğum günün kutlu ,mutlu,fenerbahçe forma giy soru şeref duy di taç kral doğu gü kutlu
yeni yeni yeni kutlu ,mutlu,yeni yeni yeni kutlu
mutluyum yarın uyanıcam dünya iptal ,mutlu,mutlu yarın uyanıcam dünya iptal
instagramdan okullar açılıyor birşeyler paylaşan kişileri unfladım mutluyum ,mutlu,instagram okul açıl birşey paylaş kişi unfladım mutlu
kilo alamamanın sevdiğim yanı kilo menemen gömdüm mutluyum sıfır stresim ,mutlu,kilo al sev yan kilo menemen göm mutlu sıfır stres
saçlarımı değiştirdim farkedildi beğenildi mutluyum bugün ,mutlu,saç değiş farked beğen mutlu bugün
bakma parçalı bulutluyum mutluysan mutluyum ,mutlu,bak parça bulut mutlu mutlu
la case papeli erkenden sorunsuz spoilersiz bitirdiğim mutluyum allahım ,mutlu,la case papel erkenden sorun spoiler bitir mutlu allah
ntvspor’un kapanmasıyla kırmızı çizgi programının bitecek olmasından mutluyum ,mutlu,ntvspor kapan kırmızı çizgi program bit ol mutlu
bugün fazla eğlendim galibam güzel çay keyfi iyi gelir ,mutlu,bugün fazla eğlen galibam güzel çay keyfi iyi gel
ölümlü dünya ali atay beyi tebrik ediyorum eğlendim analiz yok yalvarsanız yok ,mutlu,ölüm dünya ali atay be tebrik ed eğlen analiz yok yalvar yok
bursa taraftarı tekbir getiriyor kesecekler besiktaslilari eğlendim ,mutlu,bur taraftar tekbir getir kes besiktaslilari eğlen
eğlendim yemek yapmaya gidiyorum ,mutlu,eğlen yemek yap gid
aykut kocaman kudurmuş yerde eğlendim ,mutlu,aykut kocaman kudur yer eğlen
ilgilendirmiyor eğlendim başlamadan bitti karşılama haha ,mutlu,ilgilen eğlen başla bit karşıla haha
gecesi eğlendim ,mutlu,gece eğlen
ablam babam eğlendim geldim güldük ,mutlu,abla baba eğlen gel gül
böyledir epey komik bence saçmalıyor olabilirim tabiatiyle ,mutlu,böyle epey komik bence saçmal ol tabiatiyle
fikri sorulmadığı fikir beyan edenler epey komik gözüküyorsunuz ,mutlu,fikri sor fikir beyan ed epey komik gözük
komik biliyor inanılmaz zekan epey komik ,mutlu,komik bil inanılmaz zeka epey komik
gün sövüp gün sevmeli ilişkilerinizi hayretler izliyorum epey komik ,mutlu,gün söv gün sev ilişki hayret izl epey komik
kendinizi olduğunuzdan fazla göstermeyin epey komik duruyor seneye giyersin pantolonları gibisiniz ,mutlu,kendi ol fazla göster epey komik dur seneye giy pantolon gibi
yarısı epey komik yarı yavaş bence ,mutlu,yarı epey komik yarı yavaş bence
laf soktuğunuz kendinizin yapması epey komik ,mutlu,laf sok kendi yap epey komik
stuttgartleverkusen maçının gol üst olmaması bence epey komik olay kaçtı ,mutlu,stuttgartleverkusen maç gol üst ol bence epey komik olay kaç
ribaund asist simmons adam varken roy tartışmalarının dönmesi epey komik ,mutlu,ribaund asist simmons ada var roy tartış dönme epey komik
ingilizcenin “i” sini bilmeyip fotolarınız altında ingilizce edebiyat parçalamanız epey komik ,mutlu,ingilizce i si bil foto alt ingilizce edebiyat parçala epey komik
denklem üzerine arap sayfasının paylaştığı resme hunharca güldüm haha ,mutlu,denklem üzerine arap sayfa paylaş resm hunhar gül haha
bugün güldüm başıma gelecek ,mutlu,bugün gül baş gelecek
ay bayağ güldüm ethem başkan ölüleri diriltebilir mantıklı yorum olmuş ,mutlu,ay bayağ gül ethem başkan ölü diril mantık yorum ol
gerçekten benzemesi feci tadımı kaçırdı güldüm ,mutlu,gerçekten benze feci tad kaçır gül
yazarken affedersin altıma güldüm neredeyse ,mutlu,yaz affed alt gül neredeyse
halime hıçkırarak güldüm gülmekten öldüm ,mutlu,hal hıçkır gül gül öl
epey güldüm iraklı antropologun naif batı kültürü üzerine araştırmaları ,mutlu,epey gül iraklı antropologun naif batı kültür üzerine araştırma
bensiz gülemez demişsin güldüm ,mutlu,ben gül de gül
ece hanım buluyorsunuz güldüm yaşa ,mutlu,e hanım bul gül yaşa
yaşasın sevgililer gününde sevgilim ,mutlu,yaşasın sevgili gün sevgili
yaşasın şubatta hediye alma derdi olmayanlar tayfası ,mutlu,yaşasın şubat hediye al der ol tayfa
indirimlerini bekleyen canım kankalarım yaşasın indirim yaşasın ,mutlu,indirim bekle can kanka yaşasın indirim yaşasın
gece aleynalarda kalıyorum mutluyum yaşasın eğleniyorum ,mutlu,gece aleyna kal mutlu yaşasın eğlen
halı saha maçına çağırdılar yaşasın defansların efendisi vezirin geri dönüşü ,mutlu,hal saha maç çağır yaşasın defans efendi vezir geri dön
haha hadi gidin kumda oynayın ,mutlu,haha hadi gid kum oyna
sonunda birbirinize aşık oldunuz haha ,mutlu,sonunda birbiri aşık ol haha
big mouth izliyorum baya güzel beğendim gidip övücem ,mutlu,big mouth izl bay güzel beğen gid övücem
aşkım iyiki doğmuş canımın içi canımdan parça oy annesinin gülü iyiki ,mutlu,aşk iyik doğ can iç can parça oy anne gül iyik
gizem ablam sayesinde şimdiye sürdüğüm güzel oje tırnaklarımda oley ,mutlu,gizem abla sayesinde şimdi sür güzel oje tırnak oley
bayramlarda şeker toplardım güzel neşeli günlerdi ,mutlu,bayram şeker topla güzel neşe günle
denzel washingtonin johnq filmi muhteşem hayatımızın değerini bilmeli an öleceğimizi bilmek halimize şükretmemiz lazım ,mutlu,denzel washingtonin johnq film muhteşem hayat değer bil an öl bil hal şükret lazım
keyfe ekmek banmak istiyorum dibini sıyırmak istiyorum ,mutlu,keyf ekmek ban ist dib sıyır ist
güzelmiş hoşmuş iyiymiş dizi ,mutlu,güzel hoş iyi diz
duman grup yorum şarkılarıyla ameliyat oldum local anestezide eğlenen tek insan ,mutlu,duma grup yorum şarkı ameliyat ol local anestezi eğlen tek insan
ablam eski sevgilimle dalga geçmiş dalga geçmiş kahkaha tufanı şenlik evde ,mutlu,abla eski sevgili dalga geçmiş dalga geçmiş kahkaha tufan şenlik ev
bugün süper komedi üçlemesi oldu insanlar alemi işler güçler şimdide leyla mecnun eğlendik ,mutlu,bugün süper komedi üçle ol insan alem işle güç şimdi leyla mecnun eğlen
haha nolsun kız teyzemin sohbeti neşesi yeter artar ,mutlu,haha nol kız teyze sohbet neşe yeter art
herşeyden zevk alıyorum sohbet etmek sinemada takılmak güzel ,mutlu,herşey zevk al sohbet et sinema takıl güzel
ailecek olunca eğlence bol kahkaha eksik olmuyor ,mutlu,ailecek ol eğlence bol kahkaha eksik ol
insanları mutlu etmeye çalışmanın boşa kaybı seninle mutlu olanları bul ,mutlu,insan mutlu et çalış boşa kayb sen mutlu ol bul
sonun yüklenmiş alt yazılı yaşasın dizimag ,mutlu,so yükle alt yazılı yaşasın dizimag
dünyayı iyilik merhamet kurtaracak ,mutlu,dünya iyi merhamet kurtar
küçük mutluluklar yaşamak işim ,mutlu,küçük mutlu yaşa iş
gül komik ,mutlu,gül komik
yarın aşkların güzeli kollarıma geliyor dünyadaki dertlerin ,mutlu,yarın aşk güzel kol gel dünya dert
ülke komik alıyor ,mutlu,ülke komik al
osmanlının puanını yediler kayseriye çalınan penaltı komik bence ,mutlu,osmanlı puan ye kayseri çal penaltı komik bence
havalar gündür güzel gidiyor soğuk yok bakalım olacak ,mutlu,hava gün güzel gid soğuk yok bak ol
pearl jam haftasonu iyi ,mutlu,pearl jam haftason iyi
aybüke pusat güzel dans etti vallahi gösterisini beğendim ,mutlu,aybüke pusat güzel dans et vallahi gösteri beğen
flumedan dinleyemiyorum çıldırıyorum muhteşem ,mutlu,flumedan dinle çıldır muhteşem
tek ihtiyacınız uzaktaki dostla telefon konuşmasıdır aradan zamana inat samimiyeti korumak ,mutlu,tek ihtiyac uzak dost telefon konuş ara zaman inat samimiyet koru
iyi lerimsin ,mutlu,iyi lerimsin
eczacılık günümüz kutlu meslekteki günümde bugünkü heyecanımı korumam dileğiyle ,mutlu,ecza gün kutlu meslek gün bugün heyecan koru dileğ
bergama gezisiyle başlayıp haluk levent konseriyle biten harika eğlenceli gündü tarihe not düşülsün ,mutlu,bergama gezi başla haluk levent konser bit harika eğlence gün tarih not düş
tatil uzun güzel bölümde okuduğumu unuttum ,mutlu,tatil uzun güzel bölü oku unut
rüyalarımda yaşamak güzeller ,mutlu,rüya yaşa güzel
güzel hissediyorum lütfen güzel mevlam bilirsin kutlu geceniz ,mutlu,güzel hissed lütfen güzel mevla bil kutlu gece
bugün doğum günüm bitti ,mutlu,bugün doğu gün bit
bugün dünyanın iyi gitaristlerinden jimi hendrixin doğum günü kutlu ,mutlu,bugün dünya iyi gitarist jim hendrix doğu gün kutlu
hayatta güldürdüğün teşekkür ederim zillim ,mutlu,hayat güldür teşekkür ed zil
mutlu olmanın yolu taklidini yapmaktan geçer ,mutlu,mutlu ol yol taklid yap geçer
sizlerden birinin yardımıyla kan bulundu hepinize teşekkür ederim ,mutlu,siz biri yardım kan bulun hep teşekkür ed
harikasınız onur bey hayal gücünüzün sınırları yok aydınlandım teşekkür ederim ,mutlu,harika onur bey hayal güc sınır yok aydınlan teşekkür ed
hayatımdaki güzel insanlar teşekkür ederim allahım kaktüsün üstündeki çiçekler gibiler ,mutlu,hayat güzel insan teşekkür ed allah kaktüs üst çiçekle gibi
saat olmuş yatar iyi uykular güzel geceler günler alex kitabından sayfa okur zzzzzzzzzz ,mutlu,saat ol yat iyi uyku güzel gecele günle alex kitab sayfa oku zzzzzzzzzz
iyi geceler tatlı rüyalar fazla uyanık kalmayın sabaha uyanamazsınız ,mutlu,iyi gecele tatlı rüya fazla uyanık kal sabaha uyan
instagram oldum gün olmadan teşekkür ederim takip edenlere ,mutlu,instagram ol gün ol teşekkür ed takip ed
yıldır kendimi emekli etmiştim konferanslardan lakin harika konferansta bulunacağım önümüzdeki içerisinde ,mutlu,yıldır kendi emekli et konferans lakin harika konferans bulun ön içeri
benle kanseri göze insanları tebrik ediyor iyi geceler diliyorum azmin zaferi ,mutlu,ben kanser göze insan tebrik ed iyi gecele dil azm zafer
güzel şarkı beğendim öneririm ,mutlu,güzel şark beğen öner
istanbula gelip zamanımı güzel değerlendirdim sanırım dolu dolu geçti gün seri bitti çabuk döndüm yarın yayın ,mutlu,istanbul gel zaman güzel değerlendir san dolu dolu geç gün seri bit çabuk dön yarın yay
yılların güzel günüydü günümü güzelleştiren haftaya efsane video ,mutlu,yıl güzel gün gün güzel hafta efsane video
güzel geldi bence haftaya iyi izlenecek ,mutlu,güzel gel bence hafta iyi izle
arayan mesaj atan doğum günümü kutlayan dostlara teşekkür ederim sağolun varolun iyi varsınız ,mutlu,ara mesaj at doğu gün kutla dost teşekkür ed sağol varol iyi var
büyük gurur teşekkür ederim görevi iyi yapacağıma söz veriyorum ,mutlu,büyük gurur teşekkür ed görev iyi yap söz ver
ismimi söyleyemeyenler komik hoşuma gidiyor ,mutlu,ism söyle komik hoş gid
kaya kırtasiye poşetinden paleolitik çağ notu çıkaran arkadaşa sevgiler duygularımla oynadı ,mutlu,kay kırtasiye poşet paleolitik çağ not çıkar arkadaş sevgi duygu oyna
nceliksoydan mükemmel ikili olduğumuzdan aksiyon filmi tadında hayatımız iyi kötü bilemedim gerçi ,mutlu,nceliksoydan mükemmel iki ol aksiyon film tad hayat iyi kötü bil gerçi
kadını güzel yapan tanrı sevimli yapan şeytandır ,mutlu,kadı güzel yap tanrı sevimli yap şeytan
bence ellenın çocuklara hareketleri davranışları tatlı sevimli buldum ,mutlu,bence ellenın çocuk hareket davranış tatlı sevimli bul
gülhan şen giyinen kızlar hoşuma gidiyor sevimli ,mutlu,gülhan şen giyin kız hoş gid sevimli
tatil başlamadan tatili faydalı geçiricem zamanı iyi değerlendiricem demiştim yataktan dk kalktım amk ,mutlu,tatil başla tatil fayda geçiricem zaman iyi değerlendiricem de yatak dk kalk amk
uzun zamandan bugün güzel eğlendim ,mutlu,uzun zaman bugün güzel eğlen
oldu sevindiğimiz bak amk elektriğin gelmesi ,mutlu,ol sevin bak amk elektriğ gel
tatil güzel ada man adası ,mutlu,tatil güzel ada man ada
lens gol attı yandık derbiye çekilmez derbiden eğlence ,mutlu,lens gol at yan derbi çekil derbi eğlence
annem zannetti alakamız yok sevindim güzelsin ,mutlu,anne zannet alaka yok sevin güzel
seneki eğlencem yaz dizilerindeki genç oyuncularla yaşlarımızın yakın görüp para kazanıyolar ha yaşta düşünmek ,mutlu,sene eğlence yaz dizi genç oyun yaş yakın gör par kazanıyolar ha yaş düşün
alev öğretmen hakediyorsun sevindim adına ,mutlu,alev öğretmen haked sevin adına
kurban bayramımız mübarek mutlu huzurlu barış dolu bayram dilerim ,mutlu,kurban bayram mübarek mutlu huzur barış dolu bayram dil
kedi kulaklı berem güzel olacakmış ,mutlu,kedi kulak bere güzel ol
coştuk kere tutabilene aşk oldu ,mutlu,coş ker tut aşk ol
sonuçta aşk acayip buz yürekleri eritir ,mutlu,sonuç aşk acayip buz yürek erit
aşk lütfen gel sev güneşim yıldızım olmaya gel ,mutlu,aşk lütfen gel sev güneş yıldız ol gel
tuttuğun canım aşk bırakmaktan geçer ,mutlu,tut can aşk bırak geçer
kız sabahtan gülüyor diyorum meğer dudak yapısı mutluymuş ,mutlu,kız sabahtan gül di meğer dudak yapı mutlu
güzel haberi hemen paylaşmak istediğim insanlar mutluluğumla mutlu canım kardeşimler kıskançlıktan gebersin kaşarlar ,mutlu,güzel haber hemen paylaş iste insan mutlu mutlu can kardeş kıskanç geber kaşa
özellikle soğuk havalarda evime aşığım evimin aşkıyım aşkım ev ,mutlu,özellikle soğuk hava ev aşığ ev aşk aşk ev
akşamki harika peach performansından ,mutlu,akşam harika peach performans
altın kelebekte güzel başladı vallahi beğendim ,mutlu,altın kelebek güzel başla vallahi beğen
güzel günün ışığı üzerinize bereketi sofranıza sıcaklığı yuvanıza dolsun mevlid kandilimiz kutlu ,mutlu,güzel gü ışığ üzer bereket sofra sıcaklığ yuva dol mevlid kandil kutlu
birinin iyi derece soyut matematik eğitimi alabilmesi iyi derecede türkçe biyoloji kimya bilgisi gerekli ,mutlu,biri iyi derece soyut matematik eğitim al iyi derece türk biyoloji kimya bilgi gerekli
zafer bayramımız kutlu ,mutlu,zafer bayram kutlu
beşiktaşa gelmemde büyük emeği koray palaz hocama denizlisporda yeni görevinde başarılar dilerim allah utandırmasın güzel insan ,mutlu,beşiktaş gel büyük emeğ koray palaz hoca denizlispor yeni görev başarı dil allah utan güzel insan
açık sarı bizimle kaldı yaşasın ,mutlu,açık sarı biz kal yaşasın
tarkanın baba oluşuna sevindim haber veriştir tatlı ,mutlu,tarkan baba ol sevin haber veriştir tatlı
tarkanın mutluluğu sevincinden okunuyor sevindim adına ,mutlu,tarkan mutlu sevinc oku sevin adına
kilo aldığıma sevindim ,mutlu,kilo al sevin
günü ortaokuldan arkadaşımla buluşucam sevinçliyim ,mutlu,gün ortaokul arkadaş buluşucam sevinç
den beklentim gerçekleşti istediğim oranda zam aldım miktar sevinçliyim ,mutlu,de beklenti gerçek iste ora zam al miktar sevinç
durup dururken aşırı güldüm ,mutlu,dur dur aşırı gül
nargile zorunlu yayın yapıyorlar güldüm ,mutlu,nargile zorunlu yay yap gül
adam adam koca yürekli abim doğum günün kutlu ,mutlu,ada ada koca yürek abi doğu gü kutlu
şampiyon beşiktaşım istersen iste ,mutlu,şampiyon beşiktaş iste iste
neşe doluyor insan kutlu mutlu arkadaşlar ,mutlu,neşe dol insan kutlu mutlu arkadaş
kurban bayramınız mübarek sevdiklerinizle nice mutlu sağlıklı bayramlara ,mutlu,kurban bayram mübarek sev nice mutlu sağlık bayram
globe soccer awards dünyada yılın iyi menajeri dalında adaydan menajerim abim yol arkadaşım ahmet bulutu tebrik ediyorum ,mutlu,globe soccer awards dünyada yıl iyi menajer dal aday menajer abi yol arkadaş ahmet bulut tebrik ed
zafer bayramımız kutlu ,mutlu,zafer bayram kutlu
islam aleminin ramazan bayramını kutlarım ,mutlu,islam alem ramazan bayram kutla
kandilinizi kutlar hayırlara vesile olmasını dilerim allahım mübarek gecede dualarımızı kabul etsin inşallah ,mutlu,kandil kutla hayır vesile ol dil allah mübarek gece dua kabul et inşallah
ulusal egemenlik çocuk bayramımız kutlu müslüman aleminin regaip kandilini kutlarım ,mutlu,ulusal egemen çocuk bayram kutlu müslüman alem regaip kandil kutla
uzun yıllar formayı giymek başarılar yaşamak nasip inşallah allahım utandırmasın ,mutlu,uzun yılla forma giy başarı yaşa nasip inşallah allah utan
redbullun websitesinden online konserler harika fikir aklına geldiyse helal ,mutlu,redbull website online konser harika fikir akl gel helal
geçenlerde gün eğlendiğim olmuştu sene keşke etseydi ,mutlu,geçenlerde gün eğlen ol se keşke et
güzel öğretmenler günü hediyem halil sezai konser biletiydi harika bi gece geçirdim ,mutlu,güzel öğretmen gün hediye halil sezai konser bilet harika bi gece geçir
evet verenlerin ulusal egemenlik bayramını kutlaması lol ,mutlu,evet ver ulusal egemen bayram kutla lol
yüksek performasnlı güzel konser dinledik yarışmacılardan harika yarışma gerçekten ,mutlu,yüksek performasnlı güzel konser dinle yarış harika yarış gerçekten
beşiktaşlı canım kankam seviyorum yazayım dedim ,mutlu,beşiktaş can kanka sev yaz de
kasımda harika konser rastak grubu bostancı gösteri merkezine geliyor ,mutlu,kas harika konser rastak grub bostan gösteri merkez gel
birini sevmenin zirvesi özel hissetmektir seviyorum dünyanın güzel insanıymışım bakıyorsun ,mutlu,biri sev zirve özel hisset sev dünya güzel insan bak
gönüllüler kadrosu komik all star kadrosunu yenecekler ,mutlu,gönül kadro komik all star kadro yen
spordan geldim harika hissediyorum ,mutlu,spor gel harika hissed
yemek siparişini beklemek eğlenceli olmamıştı ,mutlu,yemek sipariş bekle eğlence ol
sırf orkan çınar maçı izliyorum seviyorum çocuk ,mutlu,sırf orka çınar maç izl sev çocuk
otobüste yolculuk yapsak kekimi veririm seviyorum ,mutlu,otobüs yolcu yap kek ver sev
bugün mutluyum takımım yendi fragmanı beğendim ,mutlu,bugün mutlu takım yen fragman beğen
nasılsınız arkadaşlar harika hissediyorum evden yeni çıkıyorum ,mutlu,nasıl arkadaş harika hissed ev yeni çık
yeni diziye başlamak keyifli iş yok aç izle dünyalarına gir çık eğlenceli akarı yok kokarı yok tertemiz aktivite mis mis ,mutlu,yeni dizi başla keyif iş yok aç izle dünya gir çık eğlence akar yok kokarı yok tertemiz aktivite mis mis
ispanya attı haha adamsınız adam ,mutlu,ispanya at haha adams ada
arkadaşlar bugün mutluyum sizlerle paylaşmak istedim mutluluk paylaştıkça çoğalır sizde paylaşın çoğalsın ,mutlu,arkadaş bugün mutlu siz paylaş iste mutlu paylaş çoğal siz paylaş çoğal
zamana bırakıp beklemek komple bırakıp gitmeyi tercih ettiğimden mutluyum ,mutlu,zaman bırak bekle komple bırak git tercih et mutlu
mükemmel sınıf arkadaşımız farkettik bugün harika hissediyorum ,mutlu,mükemmel sınıf arkadaş farket bugün harika hissed
bak güzel fantezi eğlenceli ,mutlu,bak güzel fantezi eğlence
güzel bakıyorsunuz birbirinize iyi geliyorsunuz ,mutlu,güzel bak birbiri iyi gel
muhteşem detaysın be sarı komutan başkası olamazdı iyi iyi ,mutlu,muhteşem detay be sarı komuta başka ol iyi iyi
günaydın sevmesini bilen guzel insanlar ,mutlu,günaydın sev bil guzel insan
yeni kitaplar aldım inanılmaz mutluyum ,mutlu,yeni kitap al inanılmaz mutlu
yoga spor yaptım harika hissediyorum ,mutlu,yoga spor yap harika hissed
hazırım diyorum dünden sizleri seviyorum ,mutlu,hazır di dünden siz sev
uzun süredir yapmam gereken cesaret edemediğim sonunda yapabildim başardım mutluyum iyi geceler ,mutlu,uzun süre yap gerek cesaret ed sonunda yap başar mutlu iyi gecele
tek başına mutluyum edasıyla mağrur gururla hayata tutunma çabası huzur bulduğum tek yer teyzemin bahçesinden ,mutlu,tek baş mutlu eda mağrur gurur hayat tutun çaba huzur bul tek ye teyze bahçe
gece gece patates kızartması izmir köftesi yiyorum mutluyum ,mutlu,gece gece patates kızart izmir köfte yi mutlu
bugün tweet atmadım mutluyum ,mutlu,bugün tweet at mutlu
mutluyum ay kesin birilerinin nazarı değecek ,mutlu,mutlu ay kesin biri nazar değ
hava güzel mutluyum yalnız mutluluk havalardan günaydın ,mutlu,hava güzel mutlu yalnız mutlu hava günaydın
kimseye güvenmemekle iyi karar verdiğimi somut görebiliyorum mutluyum ,mutlu,kimse güven iyi kar ver somut gör mutlu
abi hesap sayesinde özgüveni taze kalıyor mutluyum ,mutlu,abi hesap sayesinde özgüven taze kal mutlu
uyuyacam mutluyum mutluluktan uyuyamıyorum ,mutlu,uyuyacam mutlu mutlu uyu
mutluyum vallahi işimizi hakkıyla yapıyoruz meyve veren ağacı taşlayanların olmaması imkansız ,mutlu,mutlu vallahi iş hakkıyla yap meyve ver ağac taşla ol imkan
twitter arkadaşımla reelde konuştuk nihayet mutluyum ,mutlu,twitter arkadaş reel konuş nihayet mutlu
müzik modumu değiştirdi harika hissediyorum hayaller efsane bi bozmadan neti kapatıp uyuyorum ,mutlu,müzik mod değiş harika hissed hayalle efsane bi boz net kapat uy
ankaradayım izmirden memleketim olmuş burası harika hissediyorum kendimi keyifliyim ,mutlu,ankara izmir memleket ol bur harika hissed kendi keyif
günaydın bugün harika hissediyorum iğrençliklerden uzak şükür ,mutlu,günaydın bugün harika hissed iğrenç uzak şükür
günaydın harika hissediyorum gündür ,mutlu,günaydın harika hissed gün
yarım saat waffle yedim kendimi harika hissediyorum ,mutlu,yarım saat waffle ye kendi harika hissed
bugün güzel gün harika hissediyorum ,mutlu,bugün güzel gün harika hissed
günlerinden hoşlanmam bugün farklı geçti emeği arkadaşlarıma sevgilerimle harika hissediyorum iyi varlar ,mutlu,gün hoşlan bugün fark geç emeğ arkadaş sevgi harika hissed iyi var
halley yedim an harika hissediyorum ,mutlu,halley ye an harika hissed
yattım bugün kalktım harika hissediyorum uyusam ,mutlu,yat bugün kalk harika hissed uyu
baktıkça parmağı sallayışı aklıma geliyor harika hissediyorum ,mutlu,bak parmağ salla akl gel harika hissed
maç yaptım iyi oynadım söyledi harika hissediyorum ,mutlu,maç yap iyi oyna söyle harika hissed
bugün harika hissediyorum yarın hatırlayınca hüzünleniyorum geçiyor hemen ,mutlu,bugün harika hissed yarın hatırla hüzünlen geç hemen
mükemmel geceden arkadaşlarımın isteği okula gitmeye karar verdim harika hissediyorum ,mutlu,mükemmel gece arkadaş isteğ okul git kar ver harika hissed
güzel spordan simitimi yedim harika hissediyorum ,mutlu,güzel spor simitimi ye harika hissed
bugün güzel gün harika hissediyorum haydi çalışalım ,mutlu,bugün güzel gün harika hissed haydi çalış
uyanır uyanmaz bugün harika gün olacak harika hissediyorum dedikten yorgana takılıp kapaklanmış gün ,mutlu,uyan uyan bugün harika gün ol harika hissed de yorga takıl kapaklan gün
bugün fazla pozitif mutlu neşeliyim kendimi harika hissediyorum ,mutlu,bugün fazla pozitif mutlu neşe kendi harika hissed
dünyaya gözlerimi açtığım gün bugün kendimi harika hissediyorum günaydınlar ,mutlu,dünya göz aç gün bugün kendi harika hissed günaydın
enerji varsa havada kendimi harika hissediyorum dileklerim gerçek tutmayın benii ,mutlu,enerji var hava kendi harika hissed dilek gerçek tut benii
evde muzik ses harika hissediyorum ,mutlu,ev muzik ses harika hissed
günaydıneğlenceli dinlenceli güzel günü dilerim ,mutlu,günaydıneğlenceli dinlence güzel gün dil
yepyeni eğlenceli videomuz yayında buyrun seyredelim ,mutlu,yepyeni eğlence video yay buyru seyred
işıkları kapattıktan uykuya dalana odada ablak ablak konuşmak eğlenceli ,mutlu,işıkları kapat uyku dalan oda ablak ablak konuş eğlence
puan durumu olayı eğlenceli umarım yukarı çıkamazlar ,mutlu,puan durum olay eğlence um yukarı çık
ciddiye alındığını düşünmesi maddeyi komikleştiren izlemek bi hayli eğlenceli insanız ,mutlu,ciddi alın düşün madde komik izle bi hayli eğlence insa
can sıkıntısından rastgele numara kaydedip wp fotolarına bakıyorum eğlenceli ,mutlu,can sıkıntı rastgele numara kayded wp foto bak eğlence
dinlenmiştim eğlenceli programdı açtım dinliyorum ,mutlu,dinlen eğlence program aç dinl
oyunun eğlenceli kısmına geldik sonu değiştiriyorum gülücem ,mutlu,oy eğlence kısm gel son değiş gülücem
yurtta sevgilisiyle kavga eden kızlar eğlenceli ,mutlu,yurt sevgili kavga ed kız eğlence
şık hareketler eğlenceli haftasonu olacak merakla bekliyoruz ,mutlu,şık hareket eğlence haftason ol merak bekl
oradan buradan eğlenceli allah aşkına memlekette eğlenceli göstersinler ,mutlu,ora bura eğlence allah aşk memleket eğlence göster
patates olduk bende para kazanmaktan eğlenceli durum ,mutlu,patates ol ben par kazan eğlence durum
bugün güzel eğlenceli gün olacak inşallah uyuyalım uykumuzu alalım hayırlı geceler galatasaray ailem ,mutlu,bugün güzel eğlence gün ol inşallah uyu uyku al hayır gecele galatasaray aile
kulaklarının iyi duyduğu zamanlarda eğlenceli olabiliyor yada eğlence anlayışımız farklı ,mutlu,kulak iyi duy zaman eğlence ol yad eğlence anlayış fark
sinirli değilim aksine sesli sesli gülüyorum an komik ,mutlu,sinirli değil aksine sesli sesli gül an komik
bugün abi olduk usta olduk komik ,mutlu,bugün abi ol usta ol komik
komik oldu takılmışız abime gel eve bırak demişim uyandım iptal ,mutlu,komik ol takıl abi gel ev bırak de uyan iptal
türk hakemleri gerçekten komik ,mutlu,türk hakem gerçekten komik
sitede komik insanlar eğleniyorum ,mutlu,site komik insan eğlen
yazarımız komik seviyoruz çiçek versek ,mutlu,yazar komik sev çiçek ver
montaj çıplak gözle anlaşılıyor pisliğiniz tutmaz pisliğinize solcuları alet etmeniz komik ,mutlu,montaj çıplak gözle anlaş pisliğ tut pisliğ sol alet et komik
kurumdaki temizlik personellerinin birbirine tripleri komik ,mutlu,kur temiz personel birbiri trip komik
unuttuğum yoktur umarım kombini yapıyorum heyecanlıyım ,mutlu,unut yok um kombi yap heyecan
arkadaşlar bölüm aşırı heyecanlıyım deliriyorum acil gelsin ,mutlu,arkadaş bölü aşırı heyecan delir acil gel
güzel şarkılar buldum heyecanlıyım hemen seyahate çıkmam ,mutlu,güzel şarkı bul heyecan hemen seyahat çık
sergi heyecanlıyım umarım mutlu edebilecek yapabiliriz ,mutlu,sergi heyecan um mutlu ed yap
an teyze oldum heyecanlıyım ,mutlu,an teyze ol heyecan
güzel burunlu iyi kalpli insanları koruma derneği açıyorum girişimcilik deneyimim olacak heyecanlıyım ,mutlu,güzel burun iyi kalp insan kor derneğ aç girişim deneyim ol heyecan
bugün mutluyum galiba ,mutlu,bugün mutlu galiba
olaylara iyi bakmaya başladım yüzden haftadır mutluyum bakalım bozacak ,mutlu,olay iyi bak başla yüz haf mutlu bak boz
beşiktaşta yaşıyorsun mutlusun sanıyorlar resmen insan trafiği yüzünden yere geç kalıyorum şaka şaka tabiki mutluyum ,mutlu,beşiktaş yaş mutlu san resmen insan trafiğ yüzünden yer geç kal şaka şaka tabiki mutlu
kulaklığımı buldum mutluyum ,mutlu,kulak bul mutlu
inanılmaz güzel sigara içiyorum an istediğim mutluyum ,mutlu,inanılmaz güzel sigar iç an iste mutlu
bugün mutluyum umutluyum ,mutlu,bugün mutlu umut
et yemediğim mutluyum kaçak etlerin getiriliş biçimini görünce eczaneden demir vitaminiyle isırgan otu kaynatıp yemeye ,mutlu,et ye mutlu kaçak et getir biçim gör eczane demir vitamin isırgan ot kaynat ye
kapağa kyk manzaramı koydum mutluyum ehehe ,mutlu,kapağ kyk manzara koy mutlu ehehe
dershaneye gitmedim okuldan geldiğimden uyuyorum mutluyum ,mutlu,dershane git okul gel uy mutlu
rahatladım anlatamam vizeler bitti tatil moduna aldım kendimi harika hissediyorum moralimi bozamaz ,mutlu,rahatla anlat vize bit tatil mod al kendi harika hissed moral boz
gece harika hissediyorum dünyadaki mutlu kişi yatacağım modumu düşürüyorlar mutlu uyuyamıyorum ,mutlu,gece harika hissed dünya mutlu kişi yat mod düşür mutlu uyu
müzik modumu değiştirdi harika hissediyorum hayaller efsane bi bozmadan neti kapatıp uyuyorum ,mutlu,müzik mod değiş harika hissed hayalle efsane bi boz net kapat uy
pokemon izlemeye gidiyorum eğlenceli pika pika ,mutlu,pokemon izle gid eğlence pika pika
arkadaşlarıma okul fotoğrafımı atıyorum dalga geçiyoruz eğlenceli ,mutlu,arkadaş okul fotoğraf at dalga geç eğlence
sefer renkli kağıtlara not çıkartıcam eğlenceli ,mutlu,sefer renk kağıt not çıkartıcam eğlence
kıyı eğlenceli gelmiştir ,mutlu,kıyı eğlence gel
ayla dramından eğlenceli görünüyor kadro güzel ,mutlu,ayla dram eğlence görün kadro güzel
su içmişim karnımdan gluk gluk sesler çıkıyor haha eğlenceli ,mutlu,su iç karn gluk gluk sesle çık haha eğlence
pizza waffle sevmediğimi söyleyince insanlar garip tepkiler veriyo ifadeleri komik ,mutlu,pizza waffle sev söyle insan garip tepki veriyo ifade komik
düşünebildiğim tek komik bi durum ,mutlu,düşün tek komik bi durum
kedilerin hızlı hızlı yürümesi komik yetişicen annem ,mutlu,kedi hızlı hızlı yürü komik yetişicen anne
instagram keşfet nelere kadirsin skdajsk komik oldu ,mutlu,instagram keşfet ne kadir skdajsk komik ol
bugün güldüm elmacıklarım acıyor ,mutlu,bugün gül elmacık ac
harikaydı güldüm yarıldım emeğinize sağlık ,mutlu,harika gül yar emeğ sağlık
güldüm sizde gülün paylaşıyorum ,mutlu,gül siz gül paylaş
manyas koca çayda tarla bakıyorum umutlu mutlu keyifli hissediyorumözgürlüğümü kimsenin eline… ,mutlu,manyas koca çay tar bak umut mutlu keyif hissediyorumözgürlüğümü kimse el
etrafımda güzel insanlar olmasına bayılıyorum boyut geliyor sürekli keyifli hissediyorum lütfen çirkin insanlar üremesin ,mutlu,etraf güzel insan ol bayıl boyut gel sürekli keyif hissed lütfen çirkin insan üre
uzun keyifli hissediyorum kesin yarın kafama meteor düşer ,mutlu,uzun keyif hissed kesin yarın kafa meteor düş
hamsi yedim güzel yapılmıştı beğendim keyifli hissediyorum ,mutlu,hamsi ye güzel yap beğen keyif hissed
beğendim gayet aksiyonlu falandı güzeldi ,mutlu,beğen gayet aksiyon falan güzel
turgay gülerin sesi güzelmiş yorumunu beğendimresmi törenlerde görev alabilir ,mutlu,turgay gü se güzel yorum beğendimresmi tören görev al
stan lee lütfen fazla yaşlanma lütfen lütfen seviyorum ,mutlu,stan lee lütfen fazla yaşlan lütfen lütfen sev
gittiğim gençlik kampı inanılmaz güzeldibütün liderlerimi seviyorum ,mutlu,git genç kamp inanılmaz güzeldibütün lider sev
yarışında fotoyu geçerken görüntüsü inanılmaz güzeldi at epey aşama kat etti ,mutlu,yarış foto geç görüntü inanılmaz güzel at epey aş kat et
rüyamda resmen bilim kurgu filmi çektim inanılmaz güzeldi inanılmaz ,mutlu,rüya resmen bili kurgu film çek inanılmaz güzel inanılmaz
sonunda güzdüzsefası kitabını bitirdim inanılmaz güzeldi mükemmeldi ,mutlu,sonunda güzdüzsefası kitab bitir inanılmaz güzel mükemmel
film müzikleri inanılmaz güzeldi özellikle duman cem adrian filmimize fazla yakışmış ,mutlu,film müzik inanılmaz güzel özellikle duma cem adria film fazla yakış
konser inanılmaz güzeldi emeği teşekkürler ,mutlu,konser inanılmaz güzel emeğ teşekkür
güzel harika süper dizisin ,mutlu,güzel harika süper diz
müthiş film sahnesi güzel ,mutlu,müthiş film sahne güzel
nihat altınkayanin oyunculuğu müthiş ,mutlu,nihat altınkayanin oyun müthiş
optimum kalabalık müthiş atmosfer birazdan çıkacaklar salon açıldı ,mutlu,optimum kalabalık müthiş atmosfer birazdan çık salon aç
müthiş sesli belçikalı selah sue raggamuffini söylüyor eski kayıtta yaşında ,mutlu,müthiş sesli belçika selah sue raggamuffini söyl eski kayıt yaş
minicik kuşumla kocaman insanlardan eğlenceli vakit geçiriyorum ,mutlu,minicik kuş kocaman insan eğlence vakit geçir
saatlerce saçmalayamadığın gıybet yapamadığın biriyle eğlenceli birliktelik yaşayamazsın ,mutlu,saatlerce saçmala gıybet yap biri eğlence birliktelik yaşa
günlük tatilimi ayaşta geçircem eğlenceli ,mutlu,günlük tatil ayaş geçircem eğlence
hayat bugün eğlenceli çarşı zamanı kardeşimin tweettere atmak istediği tweetmiş ,mutlu,hayat bugün eğlence çarşı zaman kardeş tweettere at iste tweet
bisiklet camiye gitmek araba gidip gelmekten eğlenceli ,mutlu,bisiklet cami git araba gid gel eğlence
mutluyum allahım mutluyum ,mutlu,mutlu allah mutlu
sistem tele borçlandırdı mutluyum ,mutlu,sistem tel borçlan mutlu
eve gidiyorum mutluyum ,mutlu,ev gid mutlu
hızla sakaryama sevdiklerime gidiyorum mutluyum ,mutlu,hızla sakarya sev gid mutlu
matematikden aldım aşırı mutluyum emeğime sağlık ,mutlu,matematikden al aşırı mutlu emeğ sağlık
staja gitmedim mutluyum ,mutlu,staj git mutlu
şarkıyı beğendim yeniden oynat ,mutlu,şarkı beğen yeniden oynat
dünün acısını çıkartarak saatimi yemek yiyerek geçirdim harika hissediyorum ,mutlu,dü acı çıkart saat yemek yi geçir harika hissed
günlerdir kendimi panda hissediyorum yatağın dönüp duruyorum harika mutluyum hayalimdeki yaşam tarzı resmen ,mutlu,günle kendi panda hissed yatağ dön dur harika mutlu hayal yaşam tarz resmen
harika gereksiz keyifli hissediyorum kesin bok olcak lütfen keyfe alışkın değilim ,mutlu,harika gerek keyif hissed kesin bok olcak lütfen keyf alışkın değil
sınava çalışmadan yüksek alacağım harika hissediyorum ,mutlu,sınav çalış yüksek al harika hissed
gün kuşadasına gitme şansım oldu beğendim muazzam bi yer ,mutlu,gün kuşadası git şans ol beğen muazzam bi ye
kadıköy seviyorum yürümeyi bilmiyor ,mutlu,kadıköy sev yürü bil
seviyorum hareketleri ,mutlu,sev hareket
hayvanları tahmin edemeyeceğiniz seviyorum haddinden fazla fazla ,mutlu,hayvan tahmin ed sev hadd fazla fazla
genelde doğru seçimler yapamayan birisiyim hayatımın doğru kararıymış duruşunu seviyorum ,mutlu,genelde doğru seçim yap biri hayat doğru karar dur sev
kasımın ortasında denize girebildiğim seviyorum antalya ,mutlu,kas orta de gir sev antalya
babam kulaklık aldı teşekkür ederim baba seviyorum ,mutlu,baba kulak al teşekkür ed baba sev
sence komik miyim bence komiğim ,mutlu,se komik mi bence komiğ
komik listeyi ele alıp ikona flop dersin ,mutlu,komik liste ele al ikon flop de
kızım kızsın erkeksi tavırlar sergilemeyi bırak komik duruyorsun camdan bakılınca ,mutlu,kız kız erkek tavır sergile bırak komik dur cam bak
görücez komik ,mutlu,görücez komik
oyuncak uçak aldım aşırı mutluyum an ,mutlu,oyuncak uçak al aşırı mutlu an
ankaraya gidiyorum fazlasıyla mutluyum ,mutlu,ankara gid fazlasıyla mutlu
bugün zayıflamışsın dedi mutluyum ,mutlu,bugün zayıfla de mutlu
temel fotoğraftan almışım mutluyum ,mutlu,temel fotoğraf al mutlu
altın kelebekte gerçekten yaşına uygun doğal makyajla mirayımı beğendim ,mutlu,altın kelebek gerçekten yaş uygun doğal makyajla miray beğen
eve geldim mutluyum huzurluyum ,mutlu,ev gel mutlu huzur
allahım ilginç mutluyum ,mutlu,allah ilginç mutlu
kış gelince hemen tutacak el ararsınız yorgan yastığımla mutluyum ,mutlu,kış gel hemen tut el ara yorga yastığ mutlu
arasında bende varım sevinçliyim satışlarına tiffanyden girebildim ,mutlu,ara ben var sevinç satış tiffanyden gir
vize sevinçliyim bekleyin canım dizilerim ,mutlu,vize sevinç bekle can dizile
bugün işe giderken sevinçliyim istiklal caddesi yeşillendi ,mutlu,bugün işe gid sevinç istiklal cadde yeşillen
saat sınavımdan kurtulup sosyal hayatıma geri döneceğim sevinçliyim ,mutlu,saat sınav kurtul sosyal hayat geri dön sevinç
yaşasın bugün dizim ,mutlu,yaşasın bugün diz
sevinçliyim dostum adına minnak şirin aldığım ,mutlu,sevinç dost adına minnak şirin al
haftaya kıbrısa gidiyorum sevinçliyim ,mutlu,hafta kıbrıs gid sevinç
esra kankama kardeşime burs çıkmış mutlu sevinçliyim ,mutlu,esra kanka kardeş burs çık mutlu sevinç
yaşasın ege üniversitesi makina mühendisliği ,mutlu,yaşasın ege üniversite makina mühendis
haftanın güzel saati şerefsiz haysiyetsizlere inat yaşasın ,mutlu,hafta güzel saat şeref haysiyet inat yaşasın
akşamı zor ettim yaşasın sonu ,mutlu,akşam zor et yaşasın son
rupi babanın kasasında yaşasın baba ,mutlu,rupi baba kasa yaşasın baba
yaşasın bağımsız fıstıklı çukulat ,mutlu,yaşasın bağımsız fıstık çukulat
yaşasın yaşasın pijamalarım panduflarım kitaplarım ,mutlu,yaşasın yaşasın pijama panduflarım kitap
kardeş olacak değiliz yaşasın halkların sevgililiği ,mutlu,kardeş ol değil yaşasın halk sevgili
sonbahar bitiyor ayrılıklarda biriyim yaşasın ,mutlu,sonbahar bit ayrılık biri yaşasın
güzel gülüyorsun sevmemek elde ,mutlu,güzel gül sev el
güzel giden vizemin açıklanmamış güzel ,mutlu,güzel gid vize açık güzel
güzel bakışlarından sevdiğini görebilmek ,mutlu,güzel bakış sev gör
güzel film bayılarak izledim tavsiye ederim ,mutlu,güzel film bayıl izle tavsiye ed
millet burayı gezmek cidden güzeldi legolarla oynamak eğlenceli ,mutlu,millet bura gez cidden güzel lego oyna eğlence
bugün eğlenceli olacak twitler karışacak ,mutlu,bugün eğlence ol twitler karış
jin hyungum uğraşmak eğlenceli seviyorum hyung ,mutlu,jin hyung uğraş eğlence sev hyung
yanlış yapmamak uğruna yaptığım yanlışları aklım almıyor eğlenceli napalım ,mutlu,yanlış yap uğr yap yanlış akl al eğlence napa
hoşuma giden dedikodu varsa sorup sorup tekrar dinliyorum eğlenceli ,mutlu,hoş gid dedikodu var sor sor tekrar dinl eğlence
tatil yerimiz belli oldu yaşasın man adasına gidiyoruz ,mutlu,tatil yer belli ol yaşasın man ada gid
doğrusunu bildiğimiz yalanları dinlemek eğlenceli ,mutlu,doğru bil yalan dinle eğlence
tek başıma yaptığım kahvaltı eğlenceli ,mutlu,tek baş yap kahvaltı eğlence
bugün izlediğim güzel story özge özpirinçcinin eğlendim ,mutlu,bugün izle güzel story özge özpirinçci eğlen
an acayip eğlendim sebebini söylemicem ,mutlu,an acayip eğlen sebeb söylemicem
twiti yukarı aşağı oynatmak hoşuma gitti sebepsizce eğlendim ,mutlu,twiti yukarı aşağı oynat hoş git sebep eğlen
şarkılar iyi olmasa canım kankilerim sayesinde eğlendim ,mutlu,şarkı iyi ol can kanki sayesinde eğlen
boş zamanlarında yapıyosun sorsalar düşme videoları izleyerek eğleniyorum derim bak yazarken eğlendim ,mutlu,boş zaman yapıyosun sor düş video izle eğlen de bak yaz eğlen
bugün girdiğim sınıfta bayağı eğlendim çocuklar ışık ,mutlu,bugün gir sınıf bayağı eğlen çocuk ışık
vallahi gece gece güzel eğlendim tekrarlansın ,mutlu,vallahi gece gece güzel eğlen tekrarla
yere davet ediyor karar veremeyip evde oturuyorum harikayım ,mutlu,yer davet ed kar ver ev otur harika
muazzam çizim yaptım harikayım ,mutlu,muazzam çizi yap harika
ruh haliyle okula koşturmayı sınavlara girmeyi başarıyorum harikayım ,mutlu,ruh haliyle okul koştur sınav gir başar harika
damanacadan su koyarken seferinde bardağı doldurma yeteneklerim harikayım ,mutlu,damanacadan su koy sefer bardağ doldur yetenek harika
mutlu huzurlu neşeli sevgi aşk dolu dileğiyle kendinize iyi bakın sevgi dolu sevgiyle kalın ,mutlu,mutlu huzur neşe sevgi aşk dolu dileğ kendi iyi bak sevgi dolu sevgi kalın
sevgiyi savunan savaşları bitirecek kişiyi allah müjdeliyor ,mutlu,sevgi savun savaş bitir kişi allah müjdel
kadınlık zor oldukça eğlenceli… zor erkeklerin kafasındaki kadınlık ,mutlu,kadın zor oldukça eğlence zor erkek kafa kadın
film eğlenceli dediler kere güldüm ,mutlu,film eğlence de ker gül
derslerimin iyi olmasıyla hayatımın eğlenceli ters orantılı ,mutlu,ders iyi ol hayat eğlence ters orantı
ay güldüm evleri yokmu ,mutlu,ay gül ev yokmu
güldüm hayran oldum çocukların aklına ,mutlu,gül hayran ol çocuk akl
iyi oldu kısa komik fıkra okuyamazdım güldüm ,mutlu,iyi ol kısa komik fıkra oku gül
bugün güzel geçiyor güldüm hepinizi seviyorum arkadaşlar dostlar iyi varsınız bolum iyi iyi ,mutlu,bugün güzel geç gül hep sev arkadaş dost iyi var bolu iyi iyi
doğum günümü erkenden kutladım mutluyum palamut karides alınmış pastadan kat iyi ,mutlu,doğu gün erkenden kutla mutlu palamut karides alın pasta kat iyi
lira bahşiş aldım mutluyum ,mutlu,lira bahşiş al mutlu
güzel kız instaya fotoğraf atmış kere gördüm reflexle beğendim ,mutlu,güzel kız instaya fotoğraf at ker gör reflexle beğen
sınavdan not kağıdı resmini sildim galeriden mutluyum ,mutlu,sınav not kağıd resm sil galeri mutlu
pantene altın kelebekte güzel kadınlar arasında bence aybüke beğendim açıkçası ,mutlu,pantene altın kelebek güzel kadın ara bence aybüke beğen açıkçası
annesi sarı saçlı mavi gözlü bebekle ilgilenmemi istedi mutluyum an ,mutlu,anne sarı saç mavi göz bebek ilgilen iste mutlu an
millet mutluyum alevimin doğum günüsü ,mutlu,millet mutlu alev doğu günü
an vizelerimi bitirniş bulunmaktayım mutluyum sonuçları hayr inşallah ,mutlu,an vize bitirniş bulun mutlu sonuç hayr inşallah
bugün hava güzel ,mutlu,bugün hava güzel
ekmek arası peynir güzel besin kaynağı canım ekmek arası peynir ,mutlu,ekmek ara peynir güzel bes kaynağ can ekmek ara peynir
eda taşpınar markasının vücut spreyini aldım güzel ,mutlu,eda taşpınar marka vücut sprey al güzel
dakikaları güzel geçiyor bursa maçının ,mutlu,dakika güzel geç bur maç
laura kırmızı halıda sunucu sevindim çocuklar tanıyor kız samimi geliyor ,mutlu,laura kırmızı halı sun sevin çocuk tan kız samimi gel
duyduğuma sevindim iyi çalışmalar diliyorum ,mutlu,duy sevin iyi çalış dil
bugün yanlış etikete bakıp liraya kocaman parmesan buldum sevindim ,mutlu,bugün yanlış etiket bak lira kocaman parmesan bul sevin
ankarada metro sabaha değilmiş kadarmış sevindim ,mutlu,ankara metro sabaha değil kadar sevin
biletinin alınmasına sevindim pilot konuların bayern münihi teşekkür ,mutlu,bilet alın sevin pilot konu bayern münih teşekkür
sevindim herşey yolunda gider umarım ,mutlu,sevin herşey yol gid um
saat ulaşım olayına sevindim anlamadım senede kere anca kampüsten çıkıyom ,mutlu,saat ulaş olay sevin anla sene ker anca kampüs çıkıyom
taklit edilmek harika duygu ,mutlu,taklit ed harika duygu
düşünsenize bangtan buraya konsere geldiğinde hepimiz tanışıcaz cidden harika duygu ,mutlu,düşün bangtan bura konser gel hep tanışıcaz cidden harika duygu
kimsesiz güzel karışanın yok harika duygu ,mutlu,kimse güzel karış yok harika duygu
sevdiğim insanların sevmesi harika duygu ,mutlu,sev insan sev harika duygu
kıskancım ayarsız değilbence sevdiğini koruma içgüdüsü harika duygu zırhın ,mutlu,kıskanc ayar değilbence sev kor içgüdü harika duygu zırh
kankamın telefonunun şifresini bilmek harika duygu sonsuz teşekkürler ,mutlu,kanka telefon şifre bil harika duygu sonsuz teşekkür
yeni şeylere dinlemeye öğrenmeye aç harika duygu ,mutlu,yeni şey dinle öğren aç harika duygu
eyvallah cümlesini seviyorum gelenede gidenede yakışıyor ,mutlu,eyvallah cümle sev gelenede gidenede yakış
yağmuru seviyorum şemsiye kullanmayı sevemedim ,mutlu,yağmur sev şemsiye kullan sev
seviyorum türlü nefes alamam ,mutlu,sev türlü nefes al
sivaslı keşkeği seviyorum ,mutlu,sivas keşkeğ sev
kitap kahve polar üçlüsünü seviyorum ,mutlu,kitap kahve polar üç sev
yaratıcı sorular çözerken eğlendik yazanlar eğlendiler aklına geldiyse tebrik etmek lazım ,mutlu,yarat soru çöz eğlen yaz eğlen akl gel tebrik et lazım
bugün robinimle sahilde güzel eğlendik ,mutlu,bugün robin sahil güzel eğlen
çen büyüyünce olaylarını bırakın abartmayın güldük eğlendik bitti ,mutlu,çen büyü olay bırak abart gül eğlen bit
hadi güldük eğlendik gerçek kadroyu görelim ,mutlu,hadi gül eğlen gerçek kadro gör
yok bunlardan eğlendim ,mutlu,yok bu eğlen
saçım teyzemin dibini açtım eğlendim ,mutlu,saç teyze dib aç eğlen
görüp okudum iyi oldu hayli eğlendim ,mutlu,gör oku iyi ol hayli eğlen
yalnız sınav efsaneydi baya baya eğlendim eğlendim süre geçti anlamadım ,mutlu,yalnız sınav efsane bay bay eğlen eğlen sür geç anla
keşfetmiştim haha eğlendim an ,mutlu,keşfet haha eğlen an
eğlenceli etkinliği hakkın rahmetine kavuşuyorum ,mutlu,eğlence etkin hakk rahmet kavuş
sınavlara ısrarla çalışmıyorum yapamıyorum eğlenceli döngü ,mutlu,sınav ısrar çalış yap eğlence döngü
bugün evime çiçekler güller yağdı mutluyum lakin getirenin sitenin minik kızları olma ironisi ,mutlu,bugün ev çiçekle gül yağ mutlu lakin getir site minik kız ol ironi
yılın trollünü yaptım mutluyum ,mutlu,yıl trol yap mutlu
gratisteki indirime gitmedim mutluyum ,mutlu,gratis indirim git mutlu
mutluyum an inşallah canım görürüm bak şarkı tesadüf değilmiş ,mutlu,mutlu an inşallah can gör bak şark tesadüf değil
babam faturamı ödemiş allahım mutluyum an girecekti kol ,mutlu,baba fatura öde allah mutlu an gir kol
annem yemek yaparken mutfağa gidip olanları kere anlattım mutluyum ,mutlu,anne yemek yap mutfağ gid ol ker anlat mutlu
twiceın heart shaker şarkısını beğendim dansları güzel ,mutlu,twiceın heart shaker şarkı beğen dans güzel
süre ayağımdan çıkmıyacak ayakkabı aldım baya mutluyum ,mutlu,sür ayağ çıkmıyacak ayakkabı al bay mutlu
yarın stajım yok mutluyum mutlulukla anaokuluna gitmesem düşünüyorum ,mutlu,yarın staj yok mutlu mutlu anaokul git düşün
esmoş türlü entrikaya güzeldi ,mutlu,esmoş türlü entrika güzel
trabzonspor osmalıspor maçında gol oldu be yalnız yusuf yazıcının golü güzeldi ,mutlu,trabzonspor osmalıspor maç gol ol be yalnız yusuf yaz gol güzel
sonunu sinek yaylasının dağlarını gezerek geçirdik güzeldi ,mutlu,son sinek yayla dağ gez geçir güzel
vallahi bugün güzeldi güzel gidiyor güzel biter inallah ,mutlu,vallahi bugün güzel güzel gid güzel bit inallah
beklemeye değdi ifadesi güzeldi ,mutlu,bekle değ ifade güzel
matematik dersi güzeldi hoca tatlı yakışıklıydı hadi gidiyim ,mutlu,matematik ders güzel ho tatlı yakışıklı hadi gidi
teyzelik mükemmel duygu kendimi anne hissediyorum ,mutlu,teyze mükemmel duygu kendi anne hissed
sınav giriş yerimin samsunda bilmediğim okul çıkmasından korkarken kampüste sınava girecek olmam mükemmel duygu ,mutlu,sınav giriş yer samsun bil okul çıkma kork kampüs sınav gir ol mükemmel duygu
iconla kendimi harika hissediyorum teşekkürler annecim ,mutlu,iconla kendi harika hissed teşekkür anne
harika hissediyorum muhteşem futbol şöleni ,mutlu,harika hissed muhteşem futbol şölen
bugün nişan asosyalliğimden ödün vermiyorum harika hissediyorum ,mutlu,bugün nişan asosyal öd ver harika hissed
kopyasız matematik sınavından aldım kendimi harika hissediyorum ,mutlu,kopya matematik sınav al kendi harika hissed
gündür ilaçları almıyorum harika hissediyorum ,mutlu,gün ilaç al harika hissed
güldüm amk ,mutlu,gül amk
espriyi yaptıklarında gülmüştüm güldüm ,mutlu,espri yap gül gül
güldüm bugün öksürürken karnım ağrıyor ,mutlu,gül bugün öksür karn ağr
bence ales etiketine yorum yazanlardan müthiş akademisyen güldüm ,mutlu,bence ales etiket yorum yaz müthiş akademisyen gül
bende güldüm izleyince deliler ,mutlu,ben gül izle deli
anında cevap veren insanları seviyorum ,mutlu,anında cevap ver insan sev
yalnız tatil eğlendim tuhaf baya keyif alıyorum ,mutlu,yalnız tatil eğlen tuhaf bay keyif al
yeğenimin oyuncaklarıyla eğlendim ,mutlu,yeğen oyuncak eğlen
mükemmel kaşarlı tost yedim yerken birini hatırlattı eğlendim ,mutlu,mükemmel kaşar tost ye ye biri hatırla eğlen
aylar çocuklar eğlendim ,mutlu,ayla çocuk eğlen
annemin damadını beğenmesi hoşuma gitti ,mutlu,anne damad beğen hoş git
twittera girdim eğlendim çıkıyorum ,mutlu,twitter gir eğlen çık
arkadaşlar eğlendim şakaydı alınmayın ,mutlu,arkadaş eğlen şaka alın
akrabalarımı stalkladımm eğlendim ,mutlu,akraba stalkladımm eğlen
arkadaşlığınıza bayılıyorum fotoğraf acayip hoşuma gitti ,mutlu,arkadaş bayıl fotoğraf acayip hoş git
tatlı iyi anlaşmaları hoşuma gitti ,mutlu,tatlı iyi anlaşma hoş git
beğendim güzel olmuş ,mutlu,beğen güzel ol
galiba koskoca tatilde eğlendim ,mutlu,galiba koskoca tatil eğlen
güzel arkadaş yapmış beğendim hadi sizde beğenin ,mutlu,güzel arkadaş yap beğen hadi siz beğen
iyi hayatlar mesaj aldım bence gayet hoş ,mutlu,iyi hayat mesaj al bence gayet hoş
haftasonum stalk yapmakla geçiyor gayet hoş aktivite bence ,mutlu,haftason stalk yap geç gayet hoş aktivite bence
orjinal fotonu biliyorum gayet hoş ,mutlu,orjinal foto bil gayet hoş
taraftan baktığına bağlı taraftaki pencereden gayet hoş ,mutlu,taraf bak bağ taraf pencere gayet hoş
gayet güzel düet olmuş dinlemediyseniz hemen dinleyin derim ,mutlu,gayet güzel düet ol dinle hemen dinle de
hesabın güzel icon bio beğendim ,mutlu,hesab güzel icon bio beğen
black clover noelle seçilmiş renkler gayet hoş duruyor manga güzeldi ,mutlu,black clover noel seçil renkle gayet hoş dur manga güzel
yok gayet hoş tepki seviyorum ,mutlu,yok gayet hoş tepki sev
bilmem hayatımın ilginç iltifatını aldım tatli su portakalim bence gayet hoş sevdim ,mutlu,bil hayat ilginç iltifat al tatli su portakalim bence gayet hoş sev
biyometrik fotoda güzel çıkmışım beğendim çekip instaya atayım ,mutlu,biyometrik foto güzel çık beğen çek instaya at
fazla tanımıyorum sende biliyorsun güzel fiziğin beğendim ,mutlu,fazla tanı se bil güzel fiziğ beğen
olduğun bende bulduğum seviyorum ,mutlu,ol ben bul sev
sevmekten ziyade gün farklı sebeplerden seviyorum ,mutlu,sev ziyade gün fark sebep sev
gök gürültülüsünü seviyorum patronun hatırlatıyor ,mutlu,gök gürültü sev patron hatırla
yağmur damlasıyla gelen erken çıkabilirsiniz maili canımsın seviyorum ,mutlu,yağmur damla gelen erken çık mai can sev
fatma insan ingilizce sözlük olduğun teşekkür ederim seviyorum ,mutlu,fatma insan ingilizce sözlük ol teşekkür ed sev
düğün söz nişan etkinliklerde sakinleştirici etki ederek yer almayı seviyorum ,mutlu,düğ söz nişan etkin sakin etki ed ye al sev
yağmurda ıslanmayı maç çıkışı seviyorum romantiğivarsa söyle ,mutlu,yağmur ıslan maç çıkış sev romantiğivarsa söyle
spotify dünyadaki seviyorum ,mutlu,spotify dünya sev
güzel sanatlardaki uzun saçlıları beğendim ,mutlu,güzel sanat uzun saç beğen
mentionlari okurken eğlendim ,mutlu,mentionlari oku eğlen
yemin ederim stalkların güzeliydi güldüm eğlendim haha ,mutlu,yem ed stalkların güzel gül eğlen haha
yatıyorum eğlendim varya anlatamam ,mutlu,yat eğlen vary anlat
istanbula dönüş yapıyorum gün boyunca trabzonda güldüm eğlendim ,mutlu,istanbul dönüş yap gün boyunca trabzon gül eğlen
haftasonunu gece gündüz yatarak geçirdim pazarteside aynı eyleme etmek mutluluk verici ,mutlu,haftason gece gündüz yat geçir pazartesi aynı eyle et mutlu ver
kartal bebişe kalp bulunmuş günün mutluluk verici haberi ilan ediyorum ,mutlu,kartal bebiş kalp bulun gü mutlu ver haber ilan ed
aşk başkadır paylaşımları görmüyorum mutluluk verici ,mutlu,aşk başka paylaşım gör mutlu ver
dünyada tatlı şeylerin görmek mutluluk verici ,mutlu,dünyada tatlı şey gör mutlu ver
kitapları sevgili almışsa mutluluk verici yok ,mutlu,kitap sevgili al mutlu ver yok
öptüm aniden seviyorum bak sahiden ,mutlu,öp aniden sev bak sahiden
yapmışsa ellerine sağlık güldüm ,mutlu,yap el sağlık gül
gerçekten gün yogaya gidebilirim aşık oldum aşık ,mutlu,gerçekten gün yoga gid aşık ol aşık
kız güzel siklemedi tekrar aşık oldum ,mutlu,kız güzel sikle tekrar aşık ol
cin olmadan adam çarpmaya çalışanların mallıklarını izleyip eğlendim ,mutlu,cin ol ada çarp çalış mal izle eğlen
ay ışığında oturuyorduk bileğinden öptüm şiiri şarkıyı nedensiz seviyorum ,mutlu,ay ışığ otur bileğ öp şiir şarkı neden sev
güldü güldüm ,mutlu,gül gül
bugün güldüm inşallah acısı yarınki vizeden çıkmaz ,mutlu,bugün gül inşallah acı yarın vize çıkmaz
haha vallahi güldüm gece gece ,mutlu,haha vallahi gül gece gece
allah affetsin güldüm ,mutlu,allah affet gül
güldüm diyince twitterdada adınız gülen bayan olunca bi denklem kurdum kafamda ,mutlu,gül diyince twitterdada ad gül bayan ol bi denklem kur kafa
haha vallahi güldüm kanka espri ,mutlu,haha vallahi gül kanka espri
haha cidden düşündüğüm gibiymiş cok güldüm tastikledim muhattabım olamazsın ,mutlu,haha cidden düşün gibi cok gül tastikledim muhattabım ol
açıklamasında birde yargı bağımsızlığı kısım epey komik ,mutlu,açıklama bird yargı bağımsız kısım epey komik
epey komik sıkı tutunun ,mutlu,epey komik sıkı tutun
ribaund asist simmons adam varken roy tartışmalarının dönmesi epey komik ,mutlu,ribaund asist simmons ada var roy tartış dönme epey komik
ingilizcenin sini bilmeyip fotolarınız altında ingilizce edebiyat parçalamanız epey komik ,mutlu,ingilizce si bil foto alt ingilizce edebiyat parçala epey komik
hayatında leipzigi dakika izleyip yerle edecek yorumlar atmak epey komik gerçekten ,mutlu,hayat leipzig dakika izle yer ed yorumla at epey komik gerçekten
tarih sosyoloji bilmeden güncel siyaset hakkında konuşmak insanı epey komik duruma düşürüyor ,mutlu,tarih sosyoloji bil güncel siyaset hakkında konuş insa epey komik durum düşür
aslının hayatımda aşık olduğum insanı öptüm deyip ferhatla öpüşmesi kalp ,mutlu,asl hayat aşık ol insa öp deyip ferhat öpüş kalp
mutluyum çünki aydır hatay görmemişti ,mutlu,mutlu çünki ay hatay gör
mirayı kız kardeşim atadım seviyorum ,mutlu,mira kız kardeş ata sev
an yeni aldığım renkli kalemlerle aşk yaşıyorum ,mutlu,an yeni al renk kalem aşk yaş
çoraplarla kendimi harika hissediyorum ,mutlu,çorap kendi harika hissed
instadaki giflerden zıplayan adamı sevdim mesaim renklendi ,mutlu,instadaki giflerden zıpla ada sev mesai renkle
devleşik dedim haha güzel eğlendim ,mutlu,devleşik de haha güzel eğlen
dünya sulak alanlar günü kutlu ,mutlu,dünya sulak alan gün kutlu
abi bütten geçmişim fizikten geçmişim ellemeyin mutluyum ,mutlu,abi bütten geç fizik geç elle mutlu
güldüm ,mutlu,gül
aslı ferhat aşk dolu bakışlarınız adeta yıldızlar ,mutlu,asl ferhat aşk dolu bakış adeta yıldızla
kendime adayacağım kaybolacağım kitaplar aldım mutluyum ,mutlu,kendi ada kaybol kitap al mutlu
seviyorum zeynep burdan aşkımı itiraf ediyorum ,mutlu,sev zeynep bur aşk itiraf ed
dinlediğim playlistimi buldum an mutluyum ,mutlu,dinle playlistimi bul an mutlu
bugün fazla eğlendim galibam güzel çay keyfi iyi gelir ,mutlu,bugün fazla eğlen galibam güzel çay keyfi iyi gel
oldu hayatımıza gireli özledim ,mutlu,ol hayat gir özle
çocuklarımı alıp sabahlara yürücem yaşasın evde tek ,mutlu,çocuk al sabah yürücem yaşasın ev tek
leyla mecnun klişeler eğlendim ,mutlu,leyla mecnun klişe eğlen
akdeniz üniversitesinde erkek doktora aşık oldum resmen ,mutlu,akdeniz üniversite erkek doktor aşık ol resmen
güldüm bilmiyorum komik ,mutlu,gül bil komik
çocuk aklınıza gülüyorum ,mutlu,çocuk akl gül
bilmem yeterince özledim ,mutlu,bil yeterince özle
şaka yaptım güldünüz bende güldüm baya ,mutlu,şaka yap gül ben gül bay
insan mutluluğunu yaratır aynı beeen mutluyum ,mutlu,insan mutlu yarat aynı beeen mutlu
ilkbahardayız güzel hava ,mutlu,ilkbahar güzel hava
gazi şehrimizin yıllık onur günü kutlu ,mutlu,gazi şehr yıllık onur gün kutlu
dünya tiyatrolar gününüz kutlu tiyatromuz cok yaşasın ,mutlu,dünya tiyatro gün kutlu tiyatro cok yaşasın
gece gece sûtlaç harika oldu ,mutlu,gece gece sûtlaç harika ol
sevgili kardeşler nisanınız kutlu bugün doğum günüm iyi dileklerde bulunan güzel arkadaşlarıma teşekkür ederim ,mutlu,sevgili kardeş nisan kutlu bugün doğu gün iyi dilek bulun güzel arkadaş teşekkür ed
bugün doğan doğum günü kutlu ,mutlu,bugün doğ doğu gün kutlu
konserimizde yalnız bırakmayan teşekkürler ,mutlu,konser yalnız bırak teşekkür
karadeniz kızından gelebilecek güzel hediye teşekkür ederim sibelim ol ,mutlu,karadeniz kız gel güzel hediye teşekkür ed sibel ol
burcu sarhoş oldu eğlendim ,mutlu,burcu sarhoş ol eğlen
laiklik günü kutlu ,mutlu,laik gün kutlu
gündür ankaradayım efsane eğlendim ,mutlu,gün ankara efsane eğlen
galerimi temizlemem yarım saatimi aldı mutluyum ,mutlu,galeri temizle yarım saat al mutlu
abicim dağıtım iznine geldi mutluyum ,mutlu,abi dağıtım izn gel mutlu
banyo etmek dünyanın güzel dünya varmış ,mutlu,banyo et dünya güzel dünya var
alemsin tweetlerini beğeniyorum ,mutlu,alem tweet beğen
feyza aşktır seviyoruz ,mutlu,feyza aşk sev
dünya pizza günü’nüz kutlu ,mutlu,dünya pizza gün kutlu
güzel yorumlarınız teşekkür ederiz ,mutlu,güzel yorum teşekkür ed
seviyorum yüze konuşamayacağız ,mutlu,sev yüz konuş
mesleki gelişim haha harika hissediyorum ,mutlu,mesleki gelişim haha harika hissed
istifamı vermiş bulunmaktayım mutluyum teşekkürler ,mutlu,istifa ver bulun mutlu teşekkür
aklıma gelen twitlik sözü atıcakken twiti unuttum harika hissediyorum ,mutlu,akl gelen twitlik söz atıcakken twiti unut harika hissed
sonsuz teşekkürler ziyan aşk ,mutlu,sonsuz teşekkür ziya aşk
kova annelerinin anneler günü kutlu ,mutlu,kova anne anne gün kutlu
kitabı sevdim atatürkten falanda bahsediyor anlatımıda harika sevdim ,mutlu,kitab sev atatürk falan bahsed anlatımıda harika sev
ara filmi izliyordu unutunca izleyeyim diyordum sevdim iyi ,mutlu,ara film izl unut izle di sev iyi
verimli telefon görüşmesi yaptım harika hissediyorum ,mutlu,verim telefon görüşme yap harika hissed
haha kendime güldüm deli ,mutlu,haha kendi gül deli
an güzel tatiller güzel atlara binip gittiler ,mutlu,an güzel tatil güzel at bin git
sev sevmek kolay ,mutlu,sev sev kolay
yağmurun yağışını izlemek hipnotize ediyor dinginlik veriyor harika hissediyorum ,mutlu,yağmur yağ izle hipnotize ed dingin ver harika hissed
sevdiğim çiçektir papatya bilir mutlu oldum teşekkür ederim can içim ,mutlu,sev çiçek papatya bilir mutlu ol teşekkür ed can içim
güzel günler öpüyorum sizler tivitır alemi ,mutlu,güzel günle öp siz tivitır alem
rica ederim tatlım öğle tatili teşekkür ederim eşlik ettiğin seviyorum ,mutlu,rica ed tatlı öğle tatil teşekkür ed eş et sev
ilginiz teşekkür eder kısa zamanda sonuca ulaşmasını temenni ederim ,mutlu,ilgi teşekkür ed kısa zaman sonuc ulaş temenni ed
rimelim güzel kıvırıyor kendimi harika hissediyorum an ,mutlu,rimel güzel kıvır kendi harika hissed an
haha gülüyorum aynı ,mutlu,haha gül aynı
telefonuma kavuştum mutluyum ,mutlu,telefon kavuş mutlu
aşkınla sarhoşum çılgınca seviyorum ,mutlu,aşk sarhoş çılgın sev
sabahtan lacasa papel izliyorum mutluyum ,mutlu,sabahtan lacasa papel izl mutlu
çocuklara aşkım olcak yahu ,mutlu,çocuk aşk olcak yahu
aşkım mutluyum aşkımla ,mutlu,aşk mutlu aşk
dua et nasipte varsa güzel haliyle hayırlı cumalar ,mutlu,dua et nasip var güzel haliyle hayır cuma
aşk kadına sevmek adama yakışır dedi büyümüşte küçülmüş bak ,mutlu,aşk kadı sev ada yakış de büyü küçül bak
arda turan öğrettiklerin teşekkürler doğum günün kutlu efsane ,mutlu,ar tura öğret teşekkür doğu gü kutlu efsane
aşkım buğradan seviyorum bende öperim ,mutlu,aşk buğra sev ben öp
sarılın oğlum güzel ,mutlu,sar oğl güzel
doğum günün kutlu nice senelere ,mutlu,doğu gü kutlu nice sene
yeni başta sağlık mutluluk başarı getirsin iyi yıllar ,mutlu,yeni başta sağlık mutlu başar getir iyi yılla
gel sabretin konser videoları harika ,mutlu,gel sabretin konser video harika
morfin etkisi yaratan gülüşünden öpüyorum sevdiğim ,mutlu,morfin etki yarat gül öp sev
harika muhteşem olamazdı sanırım konser ,mutlu,harika muhteşem ol san konser
sayfalık kitapları saat dakikalık filmleri seviyorum ,mutlu,sayfa kitap saat dakika film sev
seviyorum güneş ,mutlu,sev güneş
alışverişe çıktım mutluyum tek mutluluk kaynağım ,mutlu,alışveriş çık mutlu tek mutlu kaynağ
an keyiflendim harika hissediyorum ,mutlu,an keyiflen harika hissed
an mutluyum tarif edemem iyi trabzonsporluyum ,mutlu,an mutlu tarif ed iyi trabzonspor
sevdim üzerimden çıkartmıyorum ,mutlu,sev üzer çıkart
seviyorum gecenin ikisi üçü buçuğu ,mutlu,sev gece iki üç buçuğu
kesinlikle anlamıyorum gülüyor gülüyorum ,mutlu,kesinlikle anla gül gül
güzel gülüyorsunuz aşklarım ,mutlu,güzel gül aşk
boşversene türlü mutluyum ,mutlu,boşver türlü mutlu
mutlu pazarlar sınav haftam olmasına didimle mutluyum ,mutlu,mutlu pazarla sınav hafta ol didi mutlu
mutluyum almanca kursu kolombiya kültürü video hazırlıyorum ,mutlu,mutlu almanca kurs kolombiya kültür video hazırl
bugün laiklik ilkesinin anayasamıza girişinin yıldönümüdür kutlu ,mutlu,bugün laik ilke anayasa giriş yıldönüm kutlu
mecidiyeköyde kendimi şımarttım resmen harika hissediyorum ,mutlu,mecidiyeköy kendi şımar resmen harika hissed
güzel eğlenceli gece teşekkürler ,mutlu,güzel eğlence gece teşekkür
komik adam fed başkanı sanıyor havalar havalar ,mutlu,komik ada fed başkan san hava hava
aşk istiyorsun an mutluyum ,mutlu,aşk ist an mutlu
senedir aradığım rujumu düşürdüm sanıyordum giymediğim ceketin cebinde buldum mutluyum ,mutlu,se ara ruj düşür san giy ceket ceb bul mutlu
çevremdeki insanların eskisi sevmediğini hissediyorum harika duygu ,mutlu,çevre insan eski sev hissed harika duygu
mutluyum efkarli şarkılar dinliyorum harikayım ,mutlu,mutlu efkarli şarkı dinl harika
aynısını çizmiş resmen haha paylaş bence ,mutlu,aynı çiz resmen haha paylaş bence
iyi güzel hayatlara rolünuüzle can vermişsiniz teşekkürler ,mutlu,iyi güzel hayat rolünuüzle can ver teşekkür
sincaplara seviyorum parkta sincap vidyosu çekip atmış ,mutlu,sincap sev park sincap vidyosu çek at
vücut yağ oranım fazla çıkar sandım düşük çıktı ay mutlu oldum ,mutlu,vücut yağ oran fazla çık san düşük çık ay mutlu ol
kısım inanılmaz güzeldi namjoon aşığım ,mutlu,kısım inanılmaz güzel namjoon aşığ
aşkımı seviyorum daim yanımda istiyorum ,mutlu,aşk sev daim yan ist
türk kahvesi içiyim dönerim tekrar sohbet ederiz aşklar öptüm ,mutlu,türk kahve iç dön tekrar sohbet ed aşk öp
sope galerime yeni resimler ekliyorum mutluyum ,mutlu,sope galeri yeni resimle ekl mutlu
yarın eve gidicem mutluyum huzurluyum ,mutlu,yarın ev gidi mutlu huzur
allah’ımm mutluyum gün güzel şükredebilirim ,mutlu,allahımm mutlu gün güzel şükred
fırından yeni çıkmış yumuşacık anne kekini sevdiğim seviyorum ,mutlu,fır yeni çık yumuşacık anne kek sev sev
saat telefonda konuşup saatinde gülme krizi geçirmek ,mutlu,saat telefon konuş saat gül kriz geçir
arkadaşlar harika hissediyorum buraya yazayım nazar değsin bünye alışık ,mutlu,arkadaş harika hissed bura yaz nazar değ bünye alışık
an yarına alarm kurmadığım mutluyum ,mutlu,an yar alarm kur mutlu
doğum günümü tatlıcıda kutlayıp baklavaya mum diken vizyonsuz kardeşlerime teşekkürler ,mutlu,doğu gün tatlı kutla baklava mum dik vizyon kardeş teşekkür
yarın doğum günüm iyi doğdum ,mutlu,yarın doğu gün iyi doğ
hayırlı uzun güzel yaşam yazılsın ömrüne doğum günün kutlu dostum ,mutlu,hayır uzun güzel yaşam yaz ömr doğu gü kutlu dost
ürün aldım gratisten güzel hissediyorum ,mutlu,ürün al gratis güzel hissed
sonbahar güzel ev ev güzel sonbahar harika ,mutlu,sonbahar güzel ev ev güzel sonbahar harika
an dua lipa fanı olabilirim tatlı sesi güzel ,mutlu,an dua lipa fa ol tatlı se güzel
uyanıp geçe aşağı indim harikayım ,mutlu,uyan geçe aşağı in harika
güzeldi sevmek ,mutlu,güzel sev
izmirin köy olmasıyla mutluyum tek hayalim urlada organik zeytin yetiştirmek ,mutlu,izmir köy ol mutlu tek hayal urla organik zeytin yetiş
güzel ezan okunurken aynı anda çeki düzen vermesi ,mutlu,güzel eza oku aynı an çek düz ver
güzel bakışlarında sevdiğini görmek ,mutlu,güzel bakış sev gör
komedi dükkanı arkadaşım hoşgeldin müdür neaptın senedir izliyorum tatlı büyülü adam ,mutlu,komedi dükkan arkadaş hoşgel mü neaptın se izl tatlı büyü ada
rızamla alarmsız uyandım harika duygu ,mutlu,rıza alarm uyan harika duygu
gece eğlendim gerisini önümüzdeki günlere bırakıyorum ,mutlu,gece eğlen geri ön gün bırak
anlatmayı sevmiyorum anlayanı seviyorum ,mutlu,anlat sev anla sev
tatlı duruyordun dayanamadım öptüm ,mutlu,tatlı dur dayan öp
dünyanın mükemmel samimi harika falcısı ,mutlu,dünya mükemmel samimi harika fal
sevgilimi seviyorum mükemmel duygu ,mutlu,sevgili sev mükemmel duygu
dakika uyandım geç kalktığım harika hissediyorum ,mutlu,dakika uyan geç kalk harika hissed
kış akşamlarını seviyorum annem kokuyor ,mutlu,kış akşam sev anne kok
teşekkür ederim iltifat söylediniz hoşuma gitti ,mutlu,teşekkür ed iltifat söyle hoş git
konuda kendimle uzlaştım mutluyum ,mutlu,konu kendi uzlaş mutlu
ara sevdim ,mutlu,ara sev
birce twitim güzelliğin müthiş oyunculuğuna gelsin ,mutlu,bir twitim güzel müthiş oyun gel
sevgililer gününü seviyorum sebebi indirimler ,mutlu,sevgili gün sev sebeb indirim
bugün eşimle gittim iyi gitmişim eğlendim güldüm ,mutlu,bugün eş git iyi git eğlen gül
gülen yüzüm mutluluk kaynağım hayatım iyi huzurum ,mutlu,gül yüz mutlu kaynağ hayat iyi huzur
yemek yerken uyurken aşırı mutluyum gerisi sarmıyor ,mutlu,yemek ye uyu aşırı mutlu geri sar
bugün exonun şarkılarıyla özlem giderdim resmen harika hissediyorum ,mutlu,bugün exonun şarkı özlem gider resmen harika hissed
fineas förb izliyordum kliplerinin top listesini verdiler eğlendim mutluyum ,mutlu,fineas förb izl klip top liste ver eğlen mutlu
bugün pilates sonrasi sauna harikaydi ,mutlu,bugün pilates sonrasi sauna harikaydi
dilim tatlı yedim şuan mutluyum teşekkürler ,mutlu,dil tatlı ye şua mutlu teşekkür
güldüm inşallah başıma gelmez ,mutlu,gül inşallah baş gel
mutluyum hayatımda hukuktan almışım ,mutlu,mutlu hayat hukuk al
gülşenin genç versiyonu diyorlar duydum epey komik ,mutlu,gülşen genç versiyon di duy epey komik
kendime spoiler verdim mutluyum ,mutlu,kendi spoiler ver mutlu
mars etkiledi bilemem mutluyum ,mutlu,mars etkile bil mutlu
ailesiyle güzel sohbetin ardından söylenen şarkılar türküler hepimiz harika anlar yaşıyoruz ,mutlu,aile güzel sohbet ardından söylen şarkı türküle hep harika anla yaş
an tek hamle oyun taşıdım harika hissediyorum ,mutlu,an tek hamle oy taşı harika hissed
günaydın güzel los angeles sabahı ,mutlu,günaydın güzel los angeles sabah
anasayfa an komik altıma edicem ,mutlu,anasayfa an komik alt edicem
güzel haberi duydum yaşasın nuriye semih haklı direnişleri ,mutlu,güzel haber duy yaşasın nuri semih hak diren
kasim dünya drama günümüz kutlu ,mutlu,kasim dünya dram gün kutlu
resmini öptüm yattım iyi geceler ,mutlu,resm öp yat iyi gecele
küçük sevimli güldüm ,mutlu,küçük sevimli gül
içimdeki çocuğu seviyorum ,mutlu,iç çocuğ sev
bugün minnoş bebekle parkta eğlendim günlük dozumu almış bulunmaktayım ,mutlu,bugün minnoş bebek park eğlen günlük doz al bulun
oğuzhan uğur’un filmi varmış izledim pişt izlerken eğlendim güzeldi ,mutlu,oğuzhan uğur film var izle pişt izle eğlen güzel
nesquik harika mafya olsam nesquik yerim ,mutlu,nesquik harika mafya ol nesquik ye
alışık olmadığım durum gereksiz mutluyum ,mutlu,alışık ol durum gerek mutlu
şarkımı dinleyip tatlı minnoş tatlı minnoş geceye veda ediyorum iyi geceler ,mutlu,şark dinle tatlı minnoş tatlı minnoş gece veda ed iyi gecele
oha esir aydere gitmiş inanmıyorum bilsem bende uçardım ,surpriz,oha esir ayder git inan bil ben uç
aaa canım çekmedi yediğim ,surpriz,aaa can çek ye
an ciddi olamazsın ,surpriz,an ciddi ol
tahmin ettiğim kişi ciddi olamazsın ,surpriz,tahmin et kişi ciddi ol
oha gerçekten dünyayı gezmeden ülkemi gezeyim ciddi olamazsın orijinal fikrin hemen patentini al ,surpriz,oha gerçekten dünya gez ülke gez ciddi ol orijinal fikr hemen patent al
orta sahada hasan ali oynuyor ciddi olamazsın aykut hoca ,surpriz,orta saha hasa ali oyn ciddi ol aykut ho
“aaa kilo vermişsin” ciddi olamazsın sırrı bozdun ,surpriz,aaa kilo ver ciddi ol sırr boz
kar yağıyor ciddi olamazsın ,surpriz,kar yağ ciddi ol
oha ciddi olamazsın denememiş olamazsın heralde ,surpriz,oha ciddi ol dene ol heralde
şaka yapıyorsun ciddi olamazsın sayın gevşek ,surpriz,şaka yap ciddi ol sayın gevşek
aldığım karara şaşıran insan görünce diyorum inan şaşkınım ,surpriz,al karar şaşır insan gör di inan şaşkın
kübraya kızın fondotensiz halini attım oha bildiğin badana yapıyormuş an şoktayım diyor ,surpriz,kübra kız fondotensiz hal at oha bil badana yap an şok di
dünkü yakışıklı çocuk bulmuş şoktayım ,surpriz,dün yakışıklı çocuk bul şok
şoktayım yola çıktım boluya gidene gittiğime inanamayacağım ,surpriz,şok yol çık bolu gide git inan
spiker hata yapabilir olmasına şaşırdım ,surpriz,spiker hata yap ol şaşır
birinize cevap vereceğimi şaşırdım ,surpriz,biri cevap vereceğ şaşır
robert pattinson müslüman olmuş duyunca şaşırdım ,surpriz,robert pattinson müslüman ol duy şaşır
çaya şeker atan insan gördüm şoktayım ,surpriz,çay şeker at insan gör şok
insanların yıldır sevgilisi şoktayım ,surpriz,insan yıldır sevgili şok
vay arkadaş gözlerime inanamadım şunlarla aynı ülkede yaşamaktan utanıyorum ,surpriz,vay arkadaş göz inan şu aynı ülke yaşa utan
çiçeğe çarpan araba benimdi oha dedim höh ,surpriz,çiçeğ çarp araba ben oha de höh
çocuklara sürpriz yapıp küçük güzel hediyeler almalıyım ,surpriz,çocuk sürpriz yap küçük güzel hediye al
annem seninkilere oy verdim dedi dondum kaldım takip ediyosun altın kelebeki anne ,surpriz,anne se oy ver de don kal takip ediyosun altın kelebek anne
aaa türk oyuncu oynatacak derbide ,surpriz,aaa türk oyun oynat derbi
yok inanmam efsane transfer ,surpriz,yok inan efsane transfer
sürpriz yaparken sürprizle karşılaşmak ,surpriz,sürpriz yap sürpriz karşı
kimsin kedilere hayvan diyorsun inanmıyorum sensin ,surpriz,kim kedi hayvan di inan sensin
durun güzel bi sürpriz istiyorum ,surpriz,dur güzel bi sürpriz ist
hayret ettim yaptıklarıma ,surpriz,hayret et yap
gözlerime inanamadım hasan ali libero ,surpriz,göz inan hasa ali libero
yusuf erdoğan harika asist yaptı gözlerime inanamadım yusuf’muydu tekrar tekrar izliyorum ,surpriz,yusuf erdoğan harika asist yap göz inan yusufmuydu tekrar tekrar izl
iyilik hali indirimi yapılmamış gözlerime inanamadım ,surpriz,iyi hal indirim yap göz inan
bebelerden ilki teşekkürle geldi fizikten kalıyorum diyordu sürpriz oldu ,surpriz,bebe ilk teşekkür gel fizik kal di sürpriz ol
tabiki aniden olunca güzel sürpriz oldu şükür ,surpriz,tabiki aniden ol güzel sürpriz ol şükür
sürprizlere bayılırım ablamın erken gelmesi güzel sürpriz oldu ,surpriz,sürpriz bayıl abla erken gel güzel sürpriz ol
babamın hediyesini söylemedim di unutmuşum yalnız baya sürpriz oldu geldi elinde iphone plus ,surpriz,baba hediye söyle di unut yalnız bay sürpriz ol gel el iphone plus
mükemmel hediye birine yapmam lazım ,surpriz,mükemmel hediye biri yap lazım
sk hynix sürpriz yaptı gddr6 belleklerini piyasaya sürdü ,surpriz,sk hynix sürpriz yap gddr6 bellek piyasa sür
oğlum bugün sürpriz yaptı takdir belgesi getirmiş dk kriminal inceleme yaptım gerçekmiş ,surpriz,oğl bugün sürpriz yap takdir belge getir dk kriminal incel yap gerçek
canım arkadaşım sondül’üm sürpriz yaptı iyiki tanıdım seni… ,surpriz,can arkadaş sondülüm sürpriz yap iyik tanı se
elimi küllükle kesebildim şaşkınım ,surpriz,el kül kes şaşkın
cesaretleriniz geliyor şaşkınım ,surpriz,cesaret gel şaşkın
stalktan geliyorum kimler kimler ayrılmış kimler kimler başkasıyla beraber şaşkınım ,surpriz,stalktan gel kim kim ayrıl kim kim başka beraber şaşkın
olmazdı olmasına şaşkınım ,surpriz,ol ol şaşkın
saatte yoğurt canı çekmiş almaya gitti şaşkınım ,surpriz,saat yoğurt can çek al git şaşkın
nöbeti teslim alıp doğuma girmeyi başardım şaşkınım bahtsızlığa ,surpriz,nöbet teslim al doğu gir başar şaşkın baht
yavşaklıkla adamlık taklidi yapabilmiş şaşkınım ,surpriz,yavşak adam taklidi yap şaşkın
şaşkınım kadarını beklemiyordum kendime gelemiyorum ,surpriz,şaşkın kadar bekle kendi gel
almanyanın borcu varmış oha ara ,surpriz,almanya borc var oha ara
dolu buzdolabına şaşırıyorum aaa para ödemeden yiyebileceğim diyorum ,surpriz,dolu buzdolabına şaşır aaa par öde yi di
video gerçekse hayret ettim hayvanlar aleminin yönüne ,surpriz,video gerçek hayret et hayvan alem yön
yazarken hayret ettim kendime ,surpriz,yaz hayret et kendi
büyük sürpriz aykut kocamanın yanlışları görmeyip yanlış yapmaya ,surpriz,büyük sürpriz aykut koca yanlış gör yanlış yap
samuel etoo sürpriz transfer iddiası ,surpriz,samuel etoo sürpriz transfer iddia
birazdan sürpriz atacağım akıştan ayrılmayın ,surpriz,birazdan sürpriz at ak ayrıl
galatasaraydan göztepe forveti sürpriz beklerdim ,surpriz,galatasaray göztepe forvet sürpriz bekle
oğuzhanı onbirde inatla oynatan hocaya inanmıyorum ,surpriz,oğuzhan onbirde inat oynat hoca inan
gol asist kalesine vay reis kaldı ,surpriz,gol asist kale vay reis kal
vay çoktan cumartesi’den yemeye başlamışız helal akıyor resmen ,surpriz,vay çok cumartesi ye başla helal ak resmen
vay taeyang gelin oldun gidiyorsun ,surpriz,vay taeyang gel ol gid
düşmüşüm batağa vay be ,surpriz,düş batağ vay be
vay be demekki kötü performans gösterenler varmış ,surpriz,vay be demekki kötü performans göster var
önünden geçerken şempanze sesi çıkardın vay inanılmaz etkileyicisin ,surpriz,önünden geç şempanze se çıkar vay inanılmaz etkile
alaçatı muhallebicisindeyim alaçatıda değilim hayret ettim doğrusu ,surpriz,alaçatı muhallebi alaçatı değil hayret et doğrusu
balerin olmanın avantajları sanırım kızın ayağı incinmedi hayret ettim ,surpriz,baler ol avantaj san kız ayağ incin hayret et
uykuyu tutamadığım gecelerde dönüp yazdıklarıma baktığımda hayret ettim ,surpriz,uyku tut gece dön yaz bak hayret et
anlamazsınız hayret ettim ,surpriz,anla hayret et
sinema konusunda baya geride kalmışım hayret ettim ,surpriz,sinema konu bay geri kal hayret et
quaresma penaltı attı takımda talisca atmadı hayret ettim ,surpriz,quaresma penaltı at tak talisca at hayret et
gün önceki gönderiyi görünce hayret ettim ,surpriz,gün önce gönderi gör hayret et
üst sınıflarından görmeye alışık olduğumuz dev ekranı serisinde görmek sürpriz oldu ,surpriz,üst sınıf gör alışık ol dev ekran seri gör sürpriz ol
beşiktaş ezeli rakibinden önemli puan aldı sürpriz oldu ,surpriz,beşiktaş ezeli rakib önem puan al sürpriz ol
bursayı rahat yenerler diyordum kayıp sürpriz oldu ,surpriz,bursa rahat yen di kayıp sürpriz ol
dizinin arka planında uzun eşek oynayan koreliler görmek enteresan sürpriz oldu ,surpriz,diz arka plan uzun eşek oyna korel gör enteresan sürpriz ol
vallahi bende sabrlı olduğumu bilmiyordum sürpriz oldu bugün anladım ,surpriz,vallahi ben sabrlı ol bil sürpriz ol bugün anla
dilekleri gerçek umarım bugün bekliyordum açıkçası sürpriz oldu ,surpriz,dilek gerçek um bugün bekl açıkçası sürpriz ol
inatçı varmış şaşırdım dereceyim sanıyordum ,surpriz,inatçı var şaşır derece san
tepki vereceğimi şaşırdım amk ,surpriz,tepki vereceğ şaşır amk
türkiyede vallahi şaşırdım ,surpriz,türkiye vallahi şaşır
of çabuk geçti kendime şaşırdım an ,surpriz,of çabuk geç kendi şaşır an
days with iu threadi yapıyor aleyna sanmıştım değilmiş şaşırdım ,surpriz,days with iu threadi yap aleyna san değil şaşır
gördüm şaşırdım resim çekenler türk ,surpriz,gör şaşır resim çek türk
doğru konuşurken görüyorum şaşırdım ,surpriz,doğru konuş gör şaşır
izledim şoktayım ,surpriz,izle şok
babam yabancı dizi izlemeye başladı şoktayım ,surpriz,baba yabancı diz izle başla şok
aaa şoktayım bein sports te fb ligin diri takımı dediler oldu bunlara ,surpriz,aaa şok bein sports te fb lig diri tak de ol bu
uzun dönem askerliğin aya çıktığını öğrendiğimden şoktayım ,surpriz,uzun döne asker ay çık öğren şok
annem çay getirdi an şoktayım içsem içmesem bilemedim ,surpriz,anne çay getir an şok iç iç bil
oha dakika fark ettim dünya etrafımda dönüyormuş ,surpriz,oha dakika fark et dünya etraf dön
oha demekten tepki veremiyorum bitince hasiktir dedim galiba ,surpriz,oha de tepki ver bit hasiktir de galiba
ciddi olamazsın saçlar gitti ,surpriz,ciddi ol saç git
ciddi olamazsın resmen karabükte yemek buldum ,surpriz,ciddi ol resmen karabük yemek bul
vagner yapma ciddi olamazsın tekte oynasan olurdu ,surpriz,vagner yap ciddi ol tek oyna ol
ciddi olamazsın fark edemedim sihri bozdun ,surpriz,ciddi ol fark ed sihr boz
evdekiler ilkokul fotoğraflarımı çıkarmış nilay değişmişsin diyolar oha ciddi olamazsın allah allah garip ,surpriz,ev ilkokul fotoğraf çıkar nilay değiş diyolar oha ciddi ol allah allah garip
orta sahada hasan ali oynuyor ciddi olamazsın aykut hoca ,surpriz,orta saha hasa ali oyn ciddi ol aykut ho
oha gerçekten dünyayı gezmeden ülkemi gezeyim ciddi olamazsın orijinal fikrin hemen patentini al ,surpriz,oha gerçekten dünya gez ülke gez ciddi ol orijinal fikr hemen patent al
hadi canım gerçekten hayatta inanmam ,surpriz,hadi can gerçekten hayat inan
fiilimsiler yapım eki kabul ediliyormuş baya şaşkınlık verici bilgi ,surpriz,fiili yapı ek kabul ed bay şaşkın ver bilgi
yüzünüz kızarmadan gülebiliyorsunuz şaşkınlık verici ,surpriz,yüz kızar gül şaşkın ver
fernandao oyunda kaldı bugün gerçekten şaşkınlık verici maç kırmızısı ,surpriz,fernandao oy kal bugün gerçekten şaşkın ver maç kırmızı
şaşkınlık verici olanı duruma şaşırıyorsun babako ,surpriz,şaşkın ver ol durum şaşır babako
gerçekten şaşkınlık verici popomuz donarken olabilir ,surpriz,gerçekten şaşkın ver popo don ol
yok inanmam yalanlarına geldi sayende aklım başıma ,surpriz,yok inan yalan gel saye akl baş
kusursuz yazdı cidden yok inanmam ,surpriz,kusur yaz cidden yok inan
yok inanmam büyük konuşmayayım çocuğuma vursa yakalar parmaklarını satırla keserdim ,surpriz,yok inan büyük konuş çocuğ vur yak parmak satır kes
yok inanmam küçük sanıyordum vallahi şaşırdım ,surpriz,yok inan küçük san vallahi şaşır
deniz baykal yaşıyor yok inanmam ,surpriz,de baykal yaş yok inan
yok inanmam olmaz olmaz deme ,surpriz,yok inan olmaz olmaz de
yok inanmam kanıt lanet ,surpriz,yok inan kanıt lanet
birşeyleri düzeltmek isteyip uğraşmayanlara şaşkınım ,surpriz,birşey düzelt iste uğraş şaşkın
zorlu hayat şartları altında doğal seleksiyona uğramadım şaşkınım ,surpriz,zor hayat şart alt doğal seleksiyon uğra şaşkın
yanımdaki kadın yerini düzeltme bahanesiyle telefonumu dikizledi şaşkınım ,surpriz,yan kadın yer düzelt bahane telefon dikizle şaşkın
esas hacamatçıların meslek örgütü olmasına şaşkınım ,surpriz,esas hacamat meslek örgüt ol şaşkın
yalnız pektemek kısa sürede iyi oynadı şaşkınım ,surpriz,yalnız pektemek kısa süre iyi oyna şaşkın
muavin içip içmediğimi sormak uykumdan uyandırdı şaşkınım ,surpriz,muavin iç iç sor uyku uyan şaşkın
vay bursa deplasmanı numara satış koymuyor şaşkınım ,surpriz,vay bur deplasman numara satış koy şaşkın
yüzünü göstermesine aşırı şaşkınım sehundan beklenmeyen hareketler ,surpriz,yüz göster aşırı şaşkın sehundan bek hareket
hayatımda balık gördüm şaşkınım ,surpriz,hayat balık gör şaşkın
otobüs boş keyfine yer değiştiriyor şaşkınım ,surpriz,otobüs boş keyf ye değiş şaşkın
kuzenim taylor kısa saçlı doğmuş bence dedi dondum kaldım ,surpriz,kuzen taylor kısa saç doğ bence de don kal
okuduğum kitapta adı geçti sayfayı değiştiremedim dondum kaldım saat ,surpriz,oku kitap ad geç sayfa değiş don kal saat
olduğum yere çivilendim resmen dondum kaldım başarılı ,surpriz,ol yer çivile resmen don kal başarı
söyleyecek tek kelime tek çümle bulamadım dondum kaldım ,surpriz,söyle tek kelim tek çümle bul don kal
kız merve dondum kaldım yazayım bilemedim tehlikelisin ,surpriz,kız merv don kal yaz bil tehlike
kitlendim yazacak hakaret bulamıyorum dondum kaldım ,surpriz,kitle yaz hakaret bul don kal
istanbul konya uçağında yanımdaki teyze gidiyorsun sordu dondum kaldım ,surpriz,istanbul konya uçağ yan teyze gid sor don kal
dondum kaldım resmen pozisyon kaçırdılar be ,surpriz,don kal resmen pozisyon kaçır be
hava soğuk şaşkınlıktan dondum kaldım ,surpriz,hava soğuk şaşkın don kal
sürpriz hediyeli kitaplarımız geldi teşekkürler ,surpriz,sürpriz hediye kitap gel teşekkür
sürpriz yapıp lahmacun hediye alabilirsin ,surpriz,sürpriz yap lahmacun hediye al
aaa neyin sorup sonrasında aman boşver diyen insanda garip ,surpriz,aaa ne sor sonra aman boşver di insa garip
aaa serkan resim konusunda yeteneksizmiş ,surpriz,aaa serka resim konu yetenek
annemi yanımda görenler aaa annen genç diyorlar sultanım yaşlanmıyor ,surpriz,anne yan gör aaa anne genç di sultan yaşlan
aaa imkansız dur denerim ,surpriz,aaa imkan dur dene
aaa değilmi sevmiyorum diyipte pişman ,surpriz,aaa değilmi sev diyipte pişman
aaa sevgilim gelmiş konuş sevgilim ,surpriz,aaa sevgili gel konuş sevgili
hadi dakika şovu yapalım beyler aaa dakika maç skoru ,surpriz,hadi dakika şov yap bey aaa dakika maç skor
aaa şaka harbi hamsi olmuş ,surpriz,aaa şaka harbi hamsi ol
aaa dideme benziyor gerçekten ooo benzerlik olamaz ,surpriz,aaa did benz gerçekten ooo benzerlik olamaz
tamponu boyayan ustayı arayıp sorduğumda aaa farkettin diyor farketmeyim tampon pembe araba bordo ,surpriz,tampon boya usta ara sor aaa farket di farketmeyim tampon pembe araba bordo
manzaraya aşık olsam şaşırdım an ,surpriz,manzara aşık ol şaşır an
uyandım şaşırdım burası neresi burayı tanımadım ,surpriz,uyan şaşır bur nere bura tanı
şubattan tek beklentim kişilik guy ilanının gelmesidir güzel sürpriz ,surpriz,şubat tek beklenti kişilik guy ilan gel güzel sürpriz
oha salıya benimle twit atmamış an şaşırdım ,surpriz,oha salı ben twit at an şaşır
neyi kutlayacağımı şaşırdım ,surpriz,ne kutla şaşır
mezun olduğum üniversitede ders anlatma teklifi geldi heyecandan yapacağımı şaşırdım ,surpriz,mezun ol üniversite ders anlat teklif gel heyecan yap şaşır
insan insanı hızlı satar şaşırdım ,surpriz,insan insa hızlı sat şaşır
oha para bozdu napacağımı şaşırdım tansiyonum düştü ,surpriz,oha par boz napacağımı şaşır tansiyon düş
başkasından dinlesem yok diyeceğim senaryoların başrolünde oynarken buldum kendimi ,surpriz,başka dinle yok di senaryo başrol oyna bul kendi
oha akhisar trabzona tersten plaka yazdırmış ,surpriz,oha akhisar trabzon ters plaka yaz
kadın oha gerçek dedirtiyor kadın panpa naber diyesin geliyor ,surpriz,kadın oha gerçek dedir kadın panpa naber di gel
aaa şaşırtıcı kazanmışız aaa dünya gündeminde numarayız aaa ,surpriz,aaa şaşır kazan aaa dünya gündem numara aaa
belgesellerde duyamazsınız vahşi doğadaki hayvanlar şaşırtıcı gerçek ,surpriz,belgesel duy vahşi doğa hayvan şaşır gerçek
allahım güzel sürpriz saatte gelen ,surpriz,allah güzel sürpriz saat gelen
oha saat aralıksız telefonda konuştunuz inanılmaz havalısınız yabir ssni hikayene attın vay efsanesiniz ,surpriz,oha saat aralık telefon konuş inanılmaz hava yabir ssni hikaye at vay efsane
güzel sürpriz uygun gün ,surpriz,güzel sürpriz uygun gün
burcu badegül dalga geçiyorduk erkek cıktı adı ardaymış şok cidden anlamadım ,surpriz,burcu badegül dalga geç erkek cıktı ad ar şok cidden anla
bakın miras davasından haberim oldu açıkçası şok oldum ,surpriz,bak miras dava haber ol açıkçası şok ol
ay şok saatir şeyma storysinde birşeyler paylaşmadı vallahi acayip merak içerisindeyim hemen arayıp soruyorum ,surpriz,ay şok saatir şeyma storysinde birşey paylaş vallahi acayip merak içeri hemen ara sor
nişanlım dedi şok ,surpriz,nişan de şok
otobüste delikanlı yer verdi yemin ederim şok umut varsa ,surpriz,otobüs delikanlı ye ver yem ed şok umut var
beşiktaşın gol attığı maçta tolga zengin gol yememiş şaka ,surpriz,beşiktaş gol at maç tolga zengin gol ye şaka
şaka di inanamıyorum ,surpriz,şaka di inan
hasan alinin gol atmasına inanamiyorum ,surpriz,hasa ali gol at inanamiyorum
kızlar kız arkadaş yapıyosunuz gerçekten inanamıyorum yapıyosunuz günden fazla tahammül edebildiğim tek dişi annem ,surpriz,kız kız arkadaş yapıyosunuz gerçekten inan yapıyosunuz gün fazla tahammül ed tek dişi anne
inanamıyorum yeni sezona kaldı ,surpriz,inan yeni sezon kal
annecim inanamıyorum sorumsuz çocuk yetiştirebildin ,surpriz,anne inan sorumsuz çocuk yetiş
allahım tlye oje aldım inanamıyorum ,surpriz,allah tl oje al inan
abi şaka kaçırdım inanamıyorum ,surpriz,abi şaka kaçır inan
telefonu suratıma düşürdüğüme an inanamıyorum ,surpriz,telefon surat düşür an inan
annem gösterdiğim çocuğu beğendi inanamıyorum tarihe not düşücem ,surpriz,anne göster çocuğ beğen inan tarih not düşücem
dakikada yaptığıma inanamıyorum ,surpriz,dakika yap inan
yayınlarım an gözlerime inanamadım gerçekmiş ,surpriz,yayınla an göz inan gerçek
vallahi bende gözlerime inanamadım ,surpriz,vallahi ben göz inan
çeviri kitap üzerinde çalışıyorum ifade uyuz çevrilmiş gözlerime inanamadım ,surpriz,çeviri kitap üzerinde çalış ifade uyuz çevr göz inan
allah yapandan razı gözlerime inanamadım ,surpriz,allah yap razı göz inan
dünya küçük twittan takipçimi gördüm gözlerime inanamadım ,surpriz,dünya küçük twittan takip gör göz inan
dünkü derste önümde oturan tıpçılardan erich fromm platon okuyordu an gözlerime inanamadım ,surpriz,dün ders ön otur tıp erich fromm plato ok an göz inan
gözlerime inanamadım yanlış gördüm açıp açıp iyice baktım yok ,surpriz,göz inan yanlış gör aç aç iyi bak yok
şoktayım deli çocuk gözlerime inanamadım karşımda görünce rüyamıydı allahım yakışıklı manyak hap içtin neydi bakan gözlerin ,surpriz,şok deli çocuk göz inan karşı gör rüyamıydı allah yakışıklı manyak hap iç ne bak göz
hayatımda kiloyu gördüm şoktayım ,surpriz,hayat kilo gör şok
hasan ali kaldırım gol atmış kalesine atmıştır dedim baktım rakip kaleye atmış şoktayım ,surpriz,hasa ali kaldırım gol at kale at de bak rakip kale at şok
mezun olamadan lular üniversiteye başladı şoktayım ,surpriz,mezun ol lu üniversite başla şok
yolcu yanına çağırdı uçak gitmiyor aynı yerdeyiz yaıim saattir dedi birisine uçağın havada duramayacağını anlatacağım aklıma gelmezdi şoktayım ,surpriz,yolcu yan çağır uçak git aynı yer yaıim saat de biri uçağ hava dur anlat akl gel şok
şoktayım sürpriz beklerdim ,surpriz,şok sürpriz bekle
iş görüşmesine gittim paris amerika sordular şoktayım cevap veremedim ,surpriz,iş görüşme git paris amerika sor şok cevap ver
bugün burdaki tweetlere ağzım açık kaldı beklemediğim insanlardan beklenmeyen tavırlar şok oldum hayat hergün öğretiyor ,surpriz,bugün bur tweet ağz açık kal bekle insan bek tavır şok ol hayat hergün öğret
hayret ettim kalbime mutluluktan ,surpriz,hayret et kalb mutlu
hesap yaptım derbi maç sonucunu buldum bende hayret ettim ,surpriz,hesap yap derbi maç sonuc bul ben hayret et
hayret ettim şerefsizi tanıyınca ,surpriz,hayret et şeref tanı
yabancı gazete televizyonların manşet haberlerine bakınca ülkede yaşıyoruz hayret ettim gerçekten ,surpriz,yabancı gazete televizyon manşet haber bak ülke yaş hayret et gerçekten
hayret ettim kalbime sineye çekti ,surpriz,hayret et kalb sine çek
altına resmimi koyarsın zannetmiştim hayret ettim ,surpriz,alt resm koy zannet hayret et
erken kalktığıma hayret ettim ,surpriz,erken kalk hayret et
gece nedense enerjim yerinde neşem yerindeben hayret ettim ,surpriz,gece nedense enerji yerinde neşe yerindeben hayret et
değilde kınada peşimde dönen çocuk instagramdan bulup takip etmiş azme bakın hayret ettim ,surpriz,değilde kına peş dön çocuk instagram bul takip et azm bak hayret et
hayret ettik bunca basitliği içinize sığdırdınız bununla kalmayıp dillendirdiniz yetmedi beğendiniz ,surpriz,hayret et bunca basit iç sığ bu kal dillen yet beğen
insan gerçekten hayret ediyor evet hayret edebiliyoruz bakın hayret ettik hayret ,surpriz,insan gerçekten hayret ed evet hayret ed bak hayret et hayret
güzel inandırdınız kendinizi yalanınıza hayret ettik ,surpriz,güzel inan kendi yalan hayret et
hava bulutlu burda hayret ettik bulutlu ,surpriz,hava bulut bur hayret et bulut
hayret ettik takım pres yapmadı sizce anlam veremedim ,surpriz,hayret et tak pres yap siz anlam ver
anneme küçük sürpriz yaptım lahmacun aldım ,surpriz,anne küçük sürpriz yap lahmacun al
anneme sürpriz yaptım trabzondan kalktım geldim tepkisi geldin oldu anne tanesin ,surpriz,anne sürpriz yap trabzon kalk gel tepki gel ol anne tanes
günübirlik kırşehir’e gidip arkadaşlarıma sürpriz yaptım şok güzel rüyaydı ,surpriz,günübirlik kırşehir gid arkadaş sürpriz yap şok güzel rüya
istanbuldaki kuzenime sürpriz yapıp gelecektin diyorum gelmeyerek sürpriz yaptım diyo reva ,surpriz,istanbul kuzen sürpriz yap gel di gel sürpriz yap diyo reva
bugün kendime sürpriz yaptım ,surpriz,bugün kendi sürpriz yap
yemin ederim bağlaç deyi yazamayan mutlu hayır insan bilmem der anlattık burda ,surpriz,yem ed bağlaç deyi yaz mutlu hayır insan bil de anlat bur
hayat zorlu mücadele hiçbirimiz mücadele hazır değildik sürpriz oldu ,surpriz,hayat zor mücadele hiçbiri mücadele hazır değil sürpriz ol
kendimle savaşırken kazanman sürpriz oldu ,surpriz,kendi savaş kazan sürpriz ol
gerçekten beklemiyordum beklemiyorduk şahane sürpriz oldu verilen değerin değerini bilip değer vermek güzel meziyet ,surpriz,gerçekten bekle bekle şahane sürpriz ol ver değer değer bil değ ver güzel meziyet
dönemi atlattın diyo vallahi sürpriz oldu kendimden beklemiyordum ,surpriz,döne atlat diyo vallahi sürpriz ol kendi bekle
sarhoşken kendime dövme randevusu almışım sürpriz oldu ,surpriz,sarhoş kendi dövme randevu al sürpriz ol
yok beklemiyordu sürpriz oldu ,surpriz,yok bekle sürpriz ol
milli takıma çağırılmak sürpriz oldu unuttuğunu sanıyordum ,surpriz,milli tak çağırılmak sürpriz ol unut san
babam halamlar geliyormuş sürpriz yapacaklarmış gerçekten sürpriz oldu ,surpriz,baba halamlar gel sürpriz yap gerçekten sürpriz ol
cümleyi bağlaması sürpriz oldu nedense ,surpriz,cümle bağlama sürpriz ol nedense
cümledeki heceler yemen büyük sürpriz oldu ,surpriz,cümle hecele yemen büyük sürpriz ol
masamdaki sürprizin tatlılığı ,surpriz,masa sürpriz tatlı
fatih tekkeye muazzam sürpriz oldu ,surpriz,fatih tekke muazzam sürpriz ol
griye boyanmış sabahta güzel sürpriz ,surpriz,gri boya sabah güzel sürpriz
canım güzel sürpriz oldu ,surpriz,can güzel sürpriz ol
pdrnin eğitimdeki işlevine inanmazsanız inanacak şaşkınlık verici ,surpriz,pdrnin eğitim işlev inan inan şaşkın ver
şaşkınlık verici gerçek ,surpriz,şaşkın ver gerçek
şaşkınlık verici avukatının kaçma şüphesi olmadığından tutuksuz yargılama istemesi ,surpriz,şaşkın ver avukat kaç şüphe olmadığ tutuk yargıla iste
şaşkınlık verici şampiyonlar liginde rakiplerine kök söktüren takımın kötü oynamasını şaşkınlıkla izliyorum ,surpriz,şaşkın ver şampiyon lig rakip kök sök tak kötü oyna şaşkın izl
bunlara inanan şaşkınlık verici ,surpriz,bu inan şaşkın ver
kandırılan bunca cahili peşinden getiriyor şaşkınlık verici yetenekli kabul ,surpriz,kandır bunca cahil peş getir şaşkın ver yetenek kabul
sinan tarihinin kötü periyodunu oynadi şaşkınlık verici ,surpriz,sina tarih kötü periyod oynadi şaşkın ver
yanlışlıkla defterini almışım içini açınca şoka uğradım birde mail attım içi boş kitap gönderiyorsunuz ,surpriz,yanlışlıkla defter al iç aç şok uğra bird mail at iç boş kitap gönder
şoka uğradım resmen dostlarınız inşallah ,surpriz,şok uğra resmen dost inşallah
şok oldum gerçekten büyük şoka uğradım vallahi billahi inanasım gelmiyor ,surpriz,şok ol gerçekten büyük şok uğra vallahi billahi inan gel
senedir fifa oynuyorum pes saçmalamıştı demosu iyiydi fifanın sürümünde şoka uğradım ,surpriz,se fifa oyn pes saçmala demo iyi fifanın sürüm şok uğra
buraya beklediğim gibiydi lafımı bitirmeye yakın aşıktım aşığım demesiyle şoka uğradım ,surpriz,bura bekle gibi laf bitir yakın aşık aşığ deme şok uğra
sevgili doğan yavaş kardeşim aşırı kilolar sansür şoke etti şoka uğradım resmen ,surpriz,sevgili doğ yavaş kardeş aşırı kilo sansür şoke et şok uğra resmen
uyanabildin hayret diyor vallahi sürpriz oldu ,surpriz,uyan hayret di vallahi sürpriz ol
fernandinho gol attı kartalda dondum kaldım ,surpriz,fernandinho gol at kartal don kal
gerçekden dondum kaldım arabayı park edip hemde gördüğümüz parka başı önünde eve gidiyormuş ,surpriz,gerçekden don kal araba park ed hemde gör park baş ön ev gid
okuduğum dondum kaldım kurbanın adının açıkça yazılmasıda utanç durumu ,surpriz,oku don kal kurban ad açık yazılmasıda utanç durum
karşıdan karşıya geçerken araç yol verdi alışkın değilim dondum kaldım şoku atlatınca geçebildim ,surpriz,karşı karşı geç araç yol ver alışkın değil don kal şok atlat geç
aaa eski sevgilim ,surpriz,aaa eski sevgili
yaptın yok inanmam hazır almışsındır ,surpriz,yap yok inan hazır al
şakadır kesin yok inanmam ayrıldınız destekledim olmaz ,surpriz,şaka kesin yok inan ayrıl destekle olmaz
delirmediniz yok inanmam ,surpriz,delir yok inan
yok inanmamyüzyılın açıklaması tebrikler ,surpriz,yok inanmamyüzyılın açıklama tebrik
adam istifa etti alışkın olmadığımız hayretler içindeyiz batı gerekeni yapmış gündem oldu merak ediyor ,surpriz,ada istifa et alışkın ol hayret iç batı gerek yap gündem ol merak ed
karpuzun sebze oldugunu öğrendim hayretler içindeyim ,surpriz,karpuz sebze oldugunu öğren hayret iç
kişiler üşenmeden sırf foto çekinmek birbirleriyle buluşuyorlar hayretler içindeyim ,surpriz,kişi üşen sırf foto çekin birbir buluş hayret iç
çirkin şansı bulmadı cidden hayretler içindeyim ,surpriz,çirkin şans bul cidden hayret iç
şarjım haftadır gün dayanıyor hayretler içindeyim ,surpriz,şarj haf gün dayan hayret iç
sağdakiler trafiğin akıllı pratik insanları aklımıza gelmiyor oradan gitmek gerçekten hayret edici olay ,surpriz,sağ trafiğ akıl pratik insan akl gel ora git gerçekten hayret ed olay
ciddi olamazsın kg balık yiyecek ,surpriz,ciddi ol kg balık yiyecek
hadi inanıyor musunuz inanmak istiyorsunuz nedense sahi gelmiyor ,surpriz,hadi inan mu inan ist nedense sahi gel
kendimle savaşırken kazanman sürpriz oldu ,surpriz,kendi savaş kazan sürpriz ol
melek sandığım şeytanın maskesi düşünce şaşkına döndüm ,surpriz,melek san şeytan maske düş şaşkın dön
inanamıyorum coğrafyadan konu bitirirken sorularını çözebiliyorum arkadaşlar hayret edici olay ,surpriz,inan coğrafya konu bitir soru çöz arkadaş hayret ed olay
babama dedim baba ay diyo oha ciddi olamazsın an ,surpriz,baba de baba ay diyo oha ciddi ol an
hadi yok omg şok edici öğrenmek sınavım bugün insaf ,surpriz,hadi yok omg şok ed öğren sınav bugün insaf
sürpriz oldu hocam beklemiyorduk quizi ,surpriz,sürpriz ol hoca bekle quizi
dekolte görmemiştim şok ,surpriz,dekolte gör şok
devirde şaşırmak fitneymiş şaşırdım bak işe ,surpriz,devir şaşır fitne şaşır bak işe
şaşkına döndüm tüylerim diken diken oldu iyi cover olmuş ,surpriz,şaşkın dön tüy dik dik ol iyi cover ol
beyler naif yaklaşanlarınız kalmış mıydı hayret edici gerçekten ,surpriz,bey naif yaklaş kal mı hayret ed gerçekten
hava gündüz sıcak gece soğuk giyeceğimi şaşırdım ,surpriz,hava gündüz sıcak gece soğuk giyeceğ şaşır
ay yeniden evimdeyim sürpriz geldim bizimkiler şok oldu ,surpriz,ay yeniden ev sürpriz gel bizimki şok ol
hayret edici söylücem şehre kara kış gelmişken burdur kısa kollu giyiyoruz ,surpriz,hayret ed söylücem şehr kara kış gel burdur kısa koll giy
ciddi olamazsın çevremdeki dizinin manyağı şaşırdım doğrusu kaliteli dizi ,surpriz,ciddi ol çevre diz manyağ şaşır doğrusu kalite diz
helal gerçekten sürpriz oldu beklemiyorduk ,surpriz,helal gerçekten sürpriz ol bekle
şeffaf adam gördüm şaşkına döndüm dünyanın şeffaf insanı sanıyordum şok ,surpriz,şeffaf ada gör şaşkın dön dünya şeffaf insa san şok
analiz yeteneğiniz hayret edici derecede iyi ,surpriz,analiz yeteneğ hayret ed derece iyi
ciddi olamazsın demden bilmiyordum ,surpriz,ciddi ol de bil
hissiz şerefsiz olacağını tahmin etmiyordum sürpriz oldu ,surpriz,his şeref ol tahmin et sürpriz ol
böylesine okumayı seven millet miydik hayret ettim vallahi ,surpriz,böylesine oku sev millet mi hayret et vallahi
bi dolmuş şoförü yayaya yol verdi hayret ettim hayır normalde cm bulsalar burunlarını sokuyorlar ,surpriz,bi dolmuş şoför yaya yol ver hayret et hayır normal cm bul burun sok
ay beklemişiz görünce sabrımıza hayret ettim ,surpriz,ay bekle gör sabr hayret et
hayret görüştürülmüyorsa yeni farkedilen ,surpriz,hayret görüş yeni farked
cem korkmaz intihar neredeyse imkansız adam hayret ettim ,surpriz,cem kork intihar neredeyse imkan ada hayret et
ses kaydı dinlerken fark ettim sınıftaki insanların nefes alabilmesi mucize zekayla yaşa gelmiş insan hayret ediyor ,surpriz,ses kay dinle fark et sınıf insan nefes al mucize zeka yaşa gel insan hayret ed
fark ettim yabancılarla konuşabiliyorum adamlar mükemmel konuşuyor hayret ,surpriz,fark et yaban konuş adam mükemmel konuş hayret
birden geldin aklıma yakıverdin ışıkları hayret ettim galiba mutluluktan ,surpriz,birden gel akl yak ışık hayret et galiba mutlu
devlet desteği varken olamadık hayret ettim ,surpriz,devlet desteğ var ol hayret et
yakından baktım hayret ettim insanmış gülüyor konuşuyor ağzı burnu hayallerim yıkıldı başkasına ,surpriz,yakından bak hayret et insan gül konuş ağz burn hayalle yık başka
dönemi atlattın diyor vallahi sürpriz oldu kendimden beklemiyordum ,surpriz,döne atlat di vallahi sürpriz ol kendi bekle
diziyi izlemiyorum videoyu görünce hayret ettim rahatsız oldum merakla soruyorum genel şiddetçi erkeği sunan bi dizi ,surpriz,dizi izle video gör hayret et rahat ol merak sor genel şiddet erkeğ sun bi diz
anneme sevgilim diyorum ciddi olamazsın diyor ,surpriz,anne sevgili di ciddi ol di
yılın başı sürpriz yemek yaptım köftelik bulgurdan bulgur pilavı yaptığımı sanmışım ,surpriz,yıl baş sürpriz yemek yap köfte bulgur bulgur pilav yap san
arabamı yıkattığımda yağmur yağıyordu sefer yağmura sürpriz yaptım ,surpriz,araba yıka yağmur yağ sefer yağmur sürpriz yap
sürpriz yaptım diyorsun şeylere şaşırmayı ayında bıraktım ,surpriz,sürpriz yap di şey şaşır ay bırak
ev arkadaşıma küçük sürpriz yaptım ,surpriz,ev arkadaş küçük sürpriz yap
kaynanam seviyor sürpriz yaptım hazırlığa denk geldim ,surpriz,kaynana sev sürpriz yap hazırlığ denk gel
güne espressoyla başlayarak kalbime minik bi sürpriz yaptım ritmi bozuldu ,surpriz,gün espresso başla kalb minik bi sürpriz yap ritm bozul
sema görüldü yapmış bende engel atarak minik sürpriz yaptım ,surpriz,sema gör yap ben engel at minik sürpriz yap
normalde uykum gelir uykum gelmedi şaşırtıcı ,surpriz,normal uyku gel uyku gel şaşır
hayat gerçekten garip şaşırtıcı kupa bardakla çay içiyordum bugün ince belli bardakla ,surpriz,hayat gerçekten garip şaşır kupa bardak çay iç bugün ince belli bardak
annem şoktan yumuşatıcı almış la vie est belle kokuyor zamanların şaşırtıcı olayı ,surpriz,anne şok yumuşa al la vie est belle kok zaman şaşır olay
evet anne salondan çıkardınız anlamadım pasta getireceğinizi aaa sürpriz oldu pasta aldınız şaşırdım ,surpriz,evet anne salon çıkar anla pas getir aaa sürpriz ol pas al şaşır
kendimle savaşırken kazanman sürpriz oldu ,surpriz,kendi savaş kazan sürpriz ol
dönemi atlattın diyor vallahi sürpriz oldu kendimden beklemiyordum ,surpriz,döne atlat di vallahi sürpriz ol kendi bekle
hayat zorlu mücadele hiçbirimiz mücadele hazır değildik sürpriz oldu ,surpriz,hayat zor mücadele hiçbiri mücadele hazır değil sürpriz ol
yaşından sonrası banada sürpriz oldu oran ,surpriz,yaş sonra banada sürpriz ol ora
sabaha babama sürpriz hazırladım maaş kartını blokladım allah affetsin istemeden oldu ,surpriz,sabaha baba sürpriz hazırla maaş kart blokla allah affet iste ol
şükran ovalıyı beklemiyordum sürpriz oldu ,surpriz,şükran ova bekle sürpriz ol
gün izlemiştim inanılmaz güzel şaşkınlık verici ,surpriz,gün izle inanılmaz güzel şaşkın ver
insanın takibi sonucu twettlerin beğenilmemesi şaşkınlık verici hepinizi takip etmeyi bırakıyorum egomanya manyakları ,surpriz,insa takib sonuc twettlerin beğen şaşkın ver hep takip et bırak egomanya manyak
şaşkınlık verici insanların şaşırtmaması ,surpriz,şaşkın ver insan şaşır
hayatın espiri anlayışı şaşkınlık verici ,surpriz,hayat espiri anlayış şaşkın ver
hayret şerefsizden adil düzgün yorum zamanlarin şaşkınlık verici olaylarından ,surpriz,hayret şeref adil düzgün yorum zamanlarin şaşkın ver olay
kaloriye gore beslenme alışkanlığının benimsenmesi büyük hata gore diyetler hazırlanıyor şaşkınlık verici ,surpriz,kalori gore besle alışkan benimse büyük hata gore diyet hazır şaşkın ver
vallahi cok şaşkınlık verici şaşırdım ,surpriz,vallahi cok şaşkın ver şaşır
bitirmiş şaşkınlık verici gerçekten insan inanamıyor ,surpriz,bitir şaşkın ver gerçekten insan inan
bakın hesapta yoktu kabul etmemeniz şaşkınlık verici takibi bırakmamın mümkünü yoktur ,surpriz,bak hesap yok kabul et şaşkın ver takib bırak mümkün yok
şaşkınlık verici gerçek ,surpriz,şaşkın ver gerçek
şaşkınlık verici şampiyonlar liginde rakiplerine kök söktüren takımın kötü oynamasını şaşkınlıkla izliyorum ,surpriz,şaşkın ver şampiyon lig rakip kök sök tak kötü oyna şaşkın izl
yok polis düzeni bozuyor amirimi görevden almasalar şaşkınlık verici ,surpriz,yok polis düze boz amir görev al şaşkın ver
gerçekten şaşkınlık verici rıza beyin yazısı açıklaması olmalı ,surpriz,gerçekten şaşkın ver rıza bey yazı açıklama ol
saatte pat kalktım şoka uğradım ,surpriz,saat pat kalk şok uğra
oha evde pijamalarla çalışıyodum misafirler geldi pastayla doğum günü sürprizi yapmışlar şoka uğradım gidiyorum pasta kescem ,surpriz,oha ev pijama çalışıyodum misafir gel pasta doğu gün sürpriz yap şok uğra gid pas kescem
bade işçili yeni dizisinde görünce şoka uğradım beğendiğim kadındı yapmış ,surpriz,bade işçil yeni dizi gör şok uğra beğen kadın yap
çocuklarını köpek tasma gezdiriyorlar gördüğümde resmen şoka uğradım defalarca gördüm ,surpriz,çocuk köpek tasma gez gör resmen şok uğra defalarca gör
benimde nutkum tutuldu şoka uğradım ,surpriz,ben nutk tutul şok uğra
buraya beklediğim gibiydi lafımı bitirmeye yakın aşıktım aşığım demesiyle şoka uğradım ,surpriz,bura bekle gibi laf bitir yakın aşık aşığ deme şok uğra
şok oldum gerçekten büyük şoka uğradım vallahi billahi inanasım gelmiyor ,surpriz,şok ol gerçekten büyük şok uğra vallahi billahi inan gel
yok inanmam vallahi ,surpriz,yok inan vallahi
yok inanmam efsane transfer ,surpriz,yok inan efsane transfer
şakadır kesinyok inanmamniye ayrıldınız destekledim olmaz ,surpriz,şaka kesinyok inanmamniye ayrıl destekle olmaz
yok inanmam yeni fark ettiniz maşallah maşallah ,surpriz,yok inan yeni fark et maşallah maşallah
uyuyor yok inanmam gecekuşusun ,surpriz,uy yok inan gecekuşusun
harbi harbi ders çalışıyorsun yok inanmam ,surpriz,harbi harbi ders çalış yok inan
türkler televizyon söylenen gerçek sanıyor televizyonda söyledi diyor şaşkınlık verici halk ,surpriz,türk televizyon söylen gerçek san televizyon söyle di şaşkın ver halk
gün izlemiştim inanılmaz güzel şaşkınlık verici ,surpriz,gün izle inanılmaz güzel şaşkın ver
insanın takibi sonucu twettlerin beğenilmemesi şaşkınlık verici hepinizi takip etmeyi bırakıyorum egomanya manyakları ,surpriz,insa takib sonuc twettlerin beğen şaşkın ver hep takip et bırak egomanya manyak
şaşkınlık verici insanların şaşırtmaması ,surpriz,şaşkın ver insan şaşır
hayatın espiri anlayışı şaşkınlık verici ,surpriz,hayat espiri anlayış şaşkın ver
faul konuşmaya değmez tetikçi cüneyt iptal etti şaşkınlık verici ,surpriz,faul konuş değ tetikçi cüneyt iptal et şaşkın ver
kızın bot giymiş kollar göbek açık şaşkınlık verici durum ,surpriz,kız bot giy kolla göbek açık şaşkın ver durum
bitirmiş şaşkınlık verici gerçekten insan inanamıyor ,surpriz,bitir şaşkın ver gerçekten insan inan
bakın hesapta yoktu kabul etmemeniz şaşkınlık verici takibi bırakmamın mümkünü yoktur ,surpriz,bak hesap yok kabul et şaşkın ver takib bırak mümkün yok
olmasan şaşkınlık verici ,surpriz,ol şaşkın ver
şaşkınlık verici şampiyonlar liginde rakiplerine kök söktüren takımın kötü oynamasını şaşkınlıkla izliyorum ,surpriz,şaşkın ver şampiyon lig rakip kök sök tak kötü oyna şaşkın izl
gün önceki gönderiyi görünce hayret ettim ,surpriz,gün önce gönderi gör hayret et
hayret ettim kalbime ,surpriz,hayret et kalb
van depremi sallantılar aynı düzlemde ara yardım ayarlandı gönderildi maşallah hayret ettim bak ,surpriz,van deprem sallantı aynı düzlem ara yar ayarla gönder maşallah hayret et bak
unuttum hayret ettim ,surpriz,unut hayret et
yuh okuyunca hayret ettim hadi resim diyelim videolarda yalan şaşılası hakikaten ,surpriz,yuh oku hayret et hadi resim di video yalan şaş hakikaten
acayip hayret ettim insan hayret ediyor normal ,surpriz,acayip hayret et insan hayret ed normal
kendimi hayvan sarrafı sanırdım aranızdan hayvanlar çıktı hayret ettim ,surpriz,kendi hayvan sarraf san ara hayvan çık hayret et
söven oldu hakem duymuyor hayret ettim ,surpriz,söv ol hakem duy hayret et
değilde ablam twitlerimi beğendi hayret ettim ,surpriz,değilde abla twitlerimi beğen hayret et
insanların insanlık yapması şaşırtıcı oldu ,surpriz,insan insan yap şaşır ol
bildirimleri görünce şoka uğradım oldu neyi kaçırdım dedim sürpriz beklemiyordum ,surpriz,bildirim gör şok uğra ol ne kaçır de sürpriz bekle
saatte pat kalktım şoka uğradım ,surpriz,saat pat kalk şok uğra
güzel gün geçirdim güzel haberler aldım sürpriz oldu etsin allahım ,surpriz,güzel gün geçir güzel haber al sürpriz ol et allah
kendimle savaşırken kazanman sürpriz oldu ,surpriz,kendi savaş kazan sürpriz ol
abd rusya arasındakı ilişkiye bakınca gece gündüz şaştım kaldım aşka ,surpriz,abd rusya arasındakı ilişki bak gece gündüz şaş kal aşk
uyku düzenimin düzensizliğinin düzenliliğine şaştım kaldım vallahi ,surpriz,uyku düzen düzen düzenli şaş kal vallahi
kale anaokulundaki mesai arkadaşlarıma teşekkür ederim güzel sürpriz oldu ,surpriz,kale anaokul mesai arkadaş teşekkür ed güzel sürpriz ol
kontrol altına aldığımız sandığımız cephe sürpriz oldu yok ,surpriz,kontrol alt al san cephe sürpriz ol yok
planlarımı yaşıma yapmıştım sonrası sürpriz oldu ,surpriz,plan yaş yap sonra sürpriz ol
türkmeneli futbol milli takımı ziyaretimize geldi güzel sürpriz oldu ,surpriz,türkmeneli futbol milli tak ziyaret gel güzel sürpriz ol
insanlara hayret ediyorum dakika geçiyor ,surpriz,insan hayret ed dakika geç
hadi canım adam yoktu şoktayım ,surpriz,hadi can ada yok şok
ee nolmuş hadi canım ciddi inanmıyorum ,surpriz,ee nol hadi can ciddi inan
oha yazdın oğlum şaştım kaldım enfes yazmışsın ,surpriz,oha yaz oğl şaş kal enfes yaz
gece dedim inanmıyorum ,surpriz,gece de inan
resmen çalışalı ay olacak haftaya yarın kendime inanmıyorum vallahi sabırlı kızmışım ,surpriz,resmen çalış ay ol hafta yarın kendi inan vallahi sabır kız
inanmıyorum hoseok canlı yayın yapıyor okula gidiyorum ,surpriz,inan hoseok canlı yay yap okul gid
dilimi olduğuna inanmıyorum ,surpriz,dil ol inan
bet sesimi beğenen insan hayret ettim ,surpriz,bet ses beğen insan hayret et
inanmıyorum çabuk geçiyo hızlı geçmek zorunda ,surpriz,inan çabuk geçiyo hızlı geç zor
saat uyudum geceye yetecek uykum inanmıyorum kendime ,surpriz,saat uyu gece yet uyku inan kendi
escobarı süpermen övüyorsunuz şok ,surpriz,escobar süpermen öv şok
çocuk saattir hayvan bakıyor sevgilisi geldi sarıldı şok ,surpriz,çocuk saat hayvan bak sevgili gel sar şok
arkadaşıma namaza gittiğine inanmıyorum resim at dedim attı an konuşuyoruz namazdayken yazıyor şok ,surpriz,arkadaş namaz git inan resim at de at an konuş namaz yaz şok
şok vallahi erkek olsam döner kıza bakarım romantikliktir ,surpriz,şok vallahi erkek ol döner kız bak romantik
bende unutuyordum tarihe baktım şok ,surpriz,ben unut tarih bak şok
pantolon bölümünde süpriz bekliyordu görünce şok iptal ,surpriz,pantolon bölüm süpriz bekl gör şok iptal
doktorum günde saat sosyal ağlara gireceksin dedi şok doktor dedim stalk günde saat sürüyo diyorsun doktor şok ,surpriz,doktor günde saat sosyal ağ gir de şok doktor de stalk günde saat sürüyo di doktor şok
vallahi gıybeti kimle yapıcam bilmiyorum şok iptal an ,surpriz,vallahi gıybet kim yapıcam bil şok iptal an
vay farkedecek diyordum bravo abla ,surpriz,vay farked di bravo ab
önüne gelen kitap yazar olmuş vay be ,surpriz,ön gelen kitap yazar ol vay be
vay bitti seneler hızlı geçer derlerdi inanmazdım ,surpriz,vay bit sene hızlı geçer de inan
vay be normal takla atamıyorum robot ters takla atıyor ,surpriz,vay be normal tak at robot ters tak at
vay filmdi beyaz perde film yayınlanmadı ,surpriz,vay film beyaz per film yayınla
gördü gözüm genç yaşımda vay be ,surpriz,gör göz genç yaş vay be
gerçekten çıldırmış insanlar kere kere şaşıralım vay diyelim helal ,surpriz,gerçekten çıldır insan ker ker şaşır vay di helal
vay be büyük ders şeylere göz yummazlar ,surpriz,vay be büyük ders şey göz yum
zamanı gelmişti tesla roadster konsepti büyük sürpriz oldu kms sn ,surpriz,zaman gel tesla roadster konsept büyük sürpriz ol kms sn
hayatta yaşayacaklarımı tahmin edememişim sürpriz oldu ,surpriz,hayat yaşa tahmin ed sürpriz ol
kendimle savaşırken kazanman sürpriz oldu ,surpriz,kendi savaş kazan sürpriz ol
durumda aşıkmışım sürpriz oldu yeni öğrendim ,surpriz,durum aşık sürpriz ol yeni öğren
arkamda bıraktım sanarken şeyin yakamı bırakmadığını fark etmek sürpriz oldu açıkçası ,surpriz,arka bırak sanarken şey yaka bırak fark et sürpriz ol açıkçası
fenerin maçı kaybedeceği belliydi uzatmaya gitmesi sürpriz oldu ,surpriz,fener maç kaybed belli uzat git sürpriz ol
kale anaokulundaki mesai arkadaşlarıma teşekkür ederim güzel sürpriz oldu ,surpriz,kale anaokul mesai arkadaş teşekkür ed güzel sürpriz ol
teşekkür ediyorum güzel sürpriz oldu iyiki varsınız ,surpriz,teşekkür ed güzel sürpriz ol iyik var
baya bi sürpriz olmuş kimsenin haberi yok galiba ,surpriz,bay bi sürpriz ol kimse haber yok galiba
insan gerçekten hayret ediyor yetmeli bekleyiş ,surpriz,insan gerçekten hayret ed yet bekle
güzel sürpriz yaparmış ,surpriz,güzel sürpriz yap
test yapacağım dediği sınavı klasik güzel sürpriz ,surpriz,test yap de sınav klasik güzel sürpriz
hayatın güzel sürpriz oldun ,surpriz,hayat güzel sürpriz ol
tarihi görünce şaşırdım drone boyutunu işlediğiniz akışınız ,surpriz,tarihi gör şaşır drone boyut işle ak
oğlum çikolata kutusu keşfettim markalar hangisini yiyeceğimi şaşırdım ,surpriz,oğl çikolata kutu keşfet markala hangi yiyeceğ şaşır
gereksiz insan kaydetmişim şaşırdım silerken ,surpriz,gerek insan kaydet şaşır sil
bende görünce şaşırdım kesin geçti oyun ,surpriz,ben gör şaşır kesin geç oy
doktorum cok talimat vermiş hangisini yapacağımı şaşırdım ,surpriz,doktor cok talimat ver hangi yap şaşır
hayret akrabalar wp mesajları kutsamadılar şaşırdım ,surpriz,hayret akraba wp mesaj kutsa şaşır
inanmıyorum hoseok canlı yayın yapıyor okula gidiyorum ,surpriz,inan hoseok canlı yay yap okul gid
birini sürekli rüyanda görünce özlediği görürmüşsün inanmıyorum mümkün ,surpriz,biri sürekli rüya gör özle gör inan mümkün
inanmıyorum çabuk geçiyor hızlı geçmek zorunda ,surpriz,inan çabuk geç hızlı geç zor
hayret bugün demedi twwet efendi robot ,surpriz,hayret bugün de twwet efendi robot
gerçekten hayret ,surpriz,gerçekten hayret
oha skandal inanmıyorum ,surpriz,oha skandal inan
oha bende senle konuşurken gördüm muhabbet koyuydu bölemedim ,surpriz,oha ben se konuş gör muhabbet koyu böl
yıllanmış sevdalarımı çıkartsam mahzenden inanamazsın wow oha dersin ,surpriz,yılla sevda çıkart mahzen inan wow oha de
oha fizikten almışım ,surpriz,oha fizik al
oha türkçe destekleri ,surpriz,oha türk destek
şok oldum yaptığım skkskddjdj beynime işliyorsun kızım ,surpriz,şok ol yap skkskddjdj beyn işl kız
şok oldum öğrenci kalıyormuş ,surpriz,şok ol öğrenci kal
babasına söyledi şok oldum adamı görevin yükü öldürecek ,surpriz,baba söyle şok ol ada görev yük öldür
vallahi şok oldum mersin sıcak hava güzel anlıyoruz yanıyor musunuz kardeşim ,surpriz,vallahi şok ol mers sıcak hava güzel anl yan mu kardeş
gratisi mutfak eşyası tencere vs satan yer sanıyordum şok oldum ,surpriz,gratis mutfak eşya tencere vs sat ye san şok ol
amcanın birinde babet çorap gördüm şok oldum ,surpriz,amca biri babet çorap gör şok ol
mavi balina olayını yeni duydum şok oldum aklım almıyor insan oyunu bırakmayı başaramaz ,surpriz,mavi balina olay yeni duy şok ol akl al insan oy bırak başar
bugün justice league batman flashın sahnesinde blackpink çaldı şok ,surpriz,bugün justice league batman flash sahne blackpink çal şok
victorias secret gigi yokmuş şok ,surpriz,victorias secret gigi yok şok
yuh yuh tae selena gomezden hoşlandığını söylemiş dakika dakika yeni öğreniyorum ay şok iptal ,surpriz,yuh yuh tae selena gomez hoşlan söyle dakika dakika yeni öğren ay şok iptal
şok bilinmesi illa tt gerekiyordu ,surpriz,şok bil illa tt gerek
an şok bilgiler çöp neyseki pişirerek kurtarmışsınız ,surpriz,an şok bilgi çöp neyseki pişir kurtar
halâ büyük güruh köçeklerin arkasından koşturuyor hayret ,surpriz,hala büyük güruh köçek arka koştur hayret
uyanıcam kendimi ayarlamıştım resmen kalktım uykumu almışım hayret ettim ,surpriz,uyanıcam kendi ayarla resmen kalk uyku al hayret et
büyük sürpriz oldu açımdan ,surpriz,büyük sürpriz ol açı
yılından sonrası sürpriz oldu ,surpriz,yıl sonra sürpriz ol
kalabalığı beklemiyordum doğum günü kızına sürpriz oldu ,surpriz,kalabalığ bekle doğu gün kız sürpriz ol
bekleyen mıydı dev sürpriz oldu ,surpriz,bekle mı dev sürpriz ol
baklava götürür diyorduk doktorlar sürpriz oldu ,surpriz,baklava götür di doktor sürpriz ol
kubilay tüfekçi podyum sürpriz oldu ,surpriz,kubilay tüfek podyum sürpriz ol
piyangonun çıkmadığına şaşırdım hâlbuki numaralar sendeydi ,surpriz,piyango çık şaşır halbuki numarala se
yaşındaki kuzenimin yaşında adamla çıktığını öğrendim napcağımı şaşırdım an boş boş ekrana bakıyorum ,surpriz,yaş kuzen yaş ada çık öğren napcağımı şaşır an boş boş ekran bak
merve yüzünden evli birinin başkasıyla sevgili olmasını istedim tövbe kendime şaşırdım an ,surpriz,merv yüzünden evli biri başka sevgili ol iste tövbe kendi şaşır an
fragman yok sahi şaşırdım şaşırdım belli ,surpriz,fragman yok sahi şaşır şaşır belli
ders çalışmamak yapacağımı şaşırdım kendimi internetten telefon kılıfı bakarken yakaladım ,surpriz,ders çalış yap şaşır kendi internet telefon kılıf bak yakala
gratisin önünden geçtim adım atılacak yer yoktu mağazada nefes alıyorlar şaşırdım erkekler napıyorsunuz ,surpriz,gratis önünden geç ad atıl ye yok mağaza nefes al şaşır erkek napıyorsunuz
sınav neydi arkadaş soruyor soru nasıldı sınavda soruda varmış şok iptal ,surpriz,sınav ne arkadaş sor soru nasıl sınav soru var şok iptal
almanlar türk olduğuma inanamıyor şok ,surpriz,alman türk ol inan şok
sabahtan kel alaka misali bugün günlerden sanıyorum mutlu pazarlar tweet attım an şok ,surpriz,sabahtan kel alak misal bugün gün san mutlu pazarla tweet at an şok
kırıkkale insan mıydı şok denilen durumdayım ,surpriz,kırıkkale insan mı şok de durum
bitki çaylarından special yaptım yengem bayıldı şok ,surpriz,bitki çay special yap yenge bayıl şok
saatlik iş başardım şok ,surpriz,saat iş başar şok
kalp atışı reytinglerine olmuş şok düşeceğini beklemiyordum ,surpriz,kalp at reyting ol şok düş bekle
ay burcu öğrendim şok ,surpriz,ay burcu öğren şok
olduda islami terör terörist kılıf biçilmedi hayret ettim ,surpriz,olduda islami terör terörist kılıf biç hayret et
emir den medet umuyoruz arkadaş adam kafasında bitirmiş basketi adam oynuyor hayret ediyorum ,surpriz,emir de medet um arkadaş ada kafa bitir basket ada oyn hayret ed
balona röveşata atma çellınç yapılmadı hayret ediyorum ,surpriz,balo röveşata at çellınç yap hayret ed
hayret ediyorum anadolu cennet diyorum inanmıyorsun ,surpriz,hayret ed anadol cennet di inan
saniyeler hesaplardan engel atabiliyosunuz hayret ediyorum ,surpriz,saniye hesap engel atabiliyosunuz hayret ed
dondum kaldım okuyunca ayakta alkışlıyorum ,surpriz,don kal oku ayakta alkışl
dondum kaldım bağlantı kesildi beynim uyuştu hayalet gördüm oldu ,surpriz,don kal bağlantı kes beyn uyuş hayalet gör ol
dondum kaldım mağlubiyet sahnesine yumulmam lazımdı çoktan ,surpriz,don kal mağlubiyet sahne yum lazım çok
vay resmen saklamışlar kimle evli evlendiklerini öğrendiğimde dondum kaldım ,surpriz,vay resmen sakla kim evli evlen öğren don kal
şok içerisindeyim resmen ekran başında dondum kaldım ,surpriz,şok içeri resmen ekran baş don kal
kızın teki yazdı sevgilim diyip kapatacaktım konuyu kız benimde canım olmuş yazınca dondum kaldım ,surpriz,kız tek yaz sevgili di kapat konu kız ben can ol yaz don kal
şaka yapıyorsun mahkemede ,surpriz,şaka yap mahkeme
yeşil tavuk yumurtası… hayret ,surpriz,yeşil tavuk yumurta hayret
almanyada yok dedirten olay park unuttuğu arabasını buldu ,surpriz,almanya yok dedir olay park unut araba bul
kaçan gole şok yok badu ,surpriz,kaç gol şok yok badu
bugün twitter donmuyor bende hayret ,surpriz,bugün twitter don ben hayret
yok hadi canım oha ,surpriz,yok hadi can oha
aaa ciddi bugüne ait görüntü ,surpriz,aaa ciddi bugün ait görüntü
ciddi sefer boşanıyor ,surpriz,ciddi sefer boşan
hadi zorlasan yemek ciddi denemek istiyorum ,surpriz,hadi zorla yemek ciddi dene ist
sıla ciddi abi utanmadan kitap başına tl alınıyor insanlardan ,surpriz,sıla ciddi abi utan kitap baş tl alın insan
kanka ciddi oh derin nefes aldım ,surpriz,kanka ciddi oh derin nefes al
uyuyor yok inanmam gecekuşusun ,surpriz,uy yok inan gecekuşusun
twite tt olmamış insan gerçekten hayret ediyor ,surpriz,twite tt ol insan gerçekten hayret ed
yaptım yok inanmam hazır almışsındır ,surpriz,yap yok inan hazır al
hayret gündemi değiştirecek çıkarmadılar ,surpriz,hayret gündem değiş çıkar
şakadır kesin yok inanmam ayrıldınız yaa ,surpriz,şaka kesin yok inan ayrıl yaa
ali koçun konuşmasını veriyor fb tv hayret ettim ,surpriz,ali koç konuş ver fb tv hayret et
defansımız acayip kötü portekiz liginde kötü defans yoktur inanmıyorum ,surpriz,defans acayip kötü portekiz lig kötü defans yok inan
instadaki istatistikler gerçekten insanların yüzlülüğünü yeniden ortaya çıkarıyor şok ,surpriz,instadaki istatistik gerçekten insan yüz yeniden orta çıkar şok
yarın sınavım annem babam çeyiz bakıyor şok ,surpriz,yarın sınav anne baba çeyiz bak şok
vay arkadaş hayata bakışım değişti şok iptal yapayım erzuruma geleyim ara ,surpriz,vay arkadaş hayat bakış değiş şok iptal yap erzurum gel ara
dediler bahar erkeksi giyiniyorsun şok ,surpriz,de bahar erkek giyin şok
televizyonda gördüm şok ,surpriz,televizyon gör şok
uğur kolay deneme hazırlamış şok ,surpriz,uğur kolay deneme hazırla şok
kantinden kahve aldım tl dedi şok starbucks sandı heralde ,surpriz,kantin kahve al tl de şok starbucks san heralde
ekmek kuruşa düşmüş ay şok ,surpriz,ekmek kuruş düş ay şok
oha benimki öylesine umut arkasından geçtin ,surpriz,oha benimki öylesine umut arka geç
midterm haftası geldi ders çalışayım dedim der demez uykum geldi uyucam galiba oha süper uyuma yöntemi ,surpriz,midterm hafta gel ders çalış de de de uyku gel uyucam galiba oha süper uyu yöntem
oha sigara içiyosun havalı ,surpriz,oha sigar içiyosun hava
oha ara bitirdin kanka ,surpriz,oha ara bitir kanka
kandırmanı anlıyorum kandırıyosun hayret ediyorum gerçekten ,surpriz,kandır anl kandırıyosun hayret ed gerçekten
diriliş ertuğrulda oynayıp cümleyi kurmasına hayret ettim ,surpriz,diril ertuğrul oyna cümle kur hayret et
oha yemek yemeye gittim geldim maç olmuş ,surpriz,oha yemek ye git gel maç ol
yaş düzeyi zırvalamayı neyle izah edeceğimi şaştım savcım ,surpriz,yaş düze zırvala ne izah ed şaş savcı
ilişki görmedim ömrümde şaştım ,surpriz,ilişki gör ömr şaş
sorgulamadan inanmama şaştım kaldım ,surpriz,sorgula inan şaş kal
çocuk lize beton döktüm dondum kaldım ,surpriz,çocuk liz beton dök don kal
bugün kişiden dokuzu sordu dondum kaldım ,surpriz,bugün kişi dokuz sor don kal
yok gol vallahi dondum kaldım ,surpriz,yok gol vallahi don kal
bilim kurtaracak din harbi amk ciddi olamazsın ,surpriz,bili kurtar din harbi amk ciddi ol
hoca diyorki erken çıkarsan geç kalmazsın vay amk ciddi olamazsın ,surpriz,ho diyorki erken çıkar geç kal vay amk ciddi ol
vay be osmanlı çökmedi aga ,surpriz,vay be osmanlı çök aga
oha burak yılmaz ofsayta yakalanmadı ,surpriz,oha burak yılmaz ofsayt yakala
cesaretle bişey yaptım kendime şaştım oha ,surpriz,cesaret bişey yap kendi şaş oha
beklenmiyordu sürpriz oldu yerli hoca gücünü gösterdi ,surpriz,bek sürpriz ol yerli ho güc göster
ciddi sürpriz oldu maşallah kerem bey sözleri güzel olmuş piyano eğitimini ara aldınız ,surpriz,ciddi sürpriz ol maşallah kere bey söz güzel ol piyano eğitim ara al
günü balkabaklı sürpriz ,surpriz,gün balkabak sürpriz
sıkılaşma kilo aldım şaşırtıcı tartının yanlış tarttığına kendimi inandırmak istiyorum kısa zamanda kilo almam ,surpriz,sıkı kilo al şaşır tart yanlış tart kendi inan ist kısa zaman kilo al
hocada bugün iyilik hali şaşırtıcı ,surpriz,hoca bugün iyi hal şaşır
günaydın günden güne iyi şaşırtıcı durum ,surpriz,günaydın gün gün iyi şaşır durum
inanılmaz olmuyor şaşırtıcı hayırdır inşallah ,surpriz,inanılmaz ol şaşır hayır inşallah
cem yılmazdan denli mütevazı açıklama şaşırtıcı ,surpriz,cem yılmaz denli mütevazı açıkla şaşır
yazdık rapor alırsa şaşırtıcı olmaz ,surpriz,yaz rapor al şaşır olmaz
bugün hayat soldado hattrick yapması şaşırtıcı güzel ,surpriz,bugün hayat soldado hattrick yap şaşır güzel
sayfayı yeniliyorum yeni tweet gelmiyor şaşırtıcı ,surpriz,sayfa yenil yeni tweet gel şaşır
urfalı olduğun belli olmuyor denmesi şaşırtıcı ,surpriz,urfa ol belli ol de şaşır
uykuya aşık insan an uyanmam şaşırtıcı bangtan etkisi diyoruz ,surpriz,uyku aşık insan an uyan şaşır bangtan etki di
fiber ana hattını koparmışlar peki yaparken tabiki kazı çalışması yaparken şaşırtıcı durum ,surpriz,fiber ana hatt kopar peki yap tabiki kazı çalış yap şaşır durum
türkler televizyon söylenen gerçek sanıyo televizyonda söyledi diyor şaşkınlık verici halk ,surpriz,türk televizyon söylen gerçek sanıyo televizyon söyle di şaşkın ver halk
cumhuriyetçi partiliden evet gazeteciler milletin düşmanıdır demesi şaşkınlık verici ,surpriz,cumhuriyet parti evet gazete millet düşman deme şaşkın ver
büşra develi karıymış zamana radarıma girmemiş şaşkınlık verici ,surpriz,büşra develi kar zaman radar gir şaşkın ver
hayatın espiri anlayışı şaşkınlık verici ,surpriz,hayat espiri anlayış şaşkın ver
me bakanlığının müfredatından oluşturduğu sistemden pozitif beklentisi icraatları şaşkınlık verici olabilir ,surpriz,me bakanlığ müfredat oluş sistem pozitif beklenti icraatları şaşkın ver ol
hayat fazla şaşkınlık verici ,surpriz,hayat fazla şaşkın ver
an yaşım bitenlere bakılïrsa ulaşmı doğruluğu şaşkınlık verici oldu mehdilik ,surpriz,an yaş bit bakılïrsa ulaşmı doğru şaşkın ver ol mehdi
yok efendi adam uzun vadede olmaz ,surpriz,yok efendi ada uzun vaded olmaz
yok pakistan suudilerin altında düşürdüler ülkeyi dünya kaliteli eğitim sıralaması türkiye sırada ,surpriz,yok pakistan suudi alt düşür ülke dünya kalite eğitim sırala türki sıra
doğum günümü hatırlatmak neydi diyorum yok sınavım yok öğretmenler günü yok ,surpriz,doğu gün hatırla ne di yok sınav yok öğretmen gün yok
hayat nerelere sürüklüyor hayret ediyorsun ,surpriz,hayat nere sürükl hayret ed
kelimeleri sürekli içimden heceleyerek kelimeye hayret eden tek miyim ,surpriz,kelime sürekli iç hecele kelime hayret ed tek mi
tiple okula girdiğine şaştım birde sekreter oha ,surpriz,tiple okul gir şaş bird sekreter oha
yok saçma yazılarını bugünkü mağlubiyete bağlıyorum ,surpriz,yok saçma yazı bugün mağlubiyet bağl
yok erkeğe küpe olurmuş ters mahalleye lütfen ,surpriz,yok erkeğ küp ol ters mahalle lütfen
biçim siteymişsin siteye bişi katmadığım indirmem sınırlandırılmış yok ,surpriz,biçim sit site bişi kat indir sınır yok
iphone ısmarlayalım dedik bekleme süresi yok ,surpriz,iphone ısmarla de bekle sür yok
oha iyi tanımlamış şaştım kaldım ,surpriz,oha iyi tanımla şaş kal
oha manisa başlangıç gelen giden vuruyor antebe ,surpriz,oha manisa başlangıç gelen gid vur anteb
şoktayım açıp açıp maçın özetini izliyorum gerçekten insan şaşıracak töbossuun ,surpriz,şok aç aç maç özet izl gerçekten insan şaşır töbossuun
otobüs şoförü ortalar bomboş ilerlemiyorlar diyen yolcuya yok abi neresi boş dedi şoktayım ,surpriz,otobüs şoför ortala bomboş ilerle di yolcu yok abi nere boş de şok
cidden şoktayım gök yarılıyor yağmur ,surpriz,cidden şok gök yarıl yağmur
mucize eseri alarm çalmadan kalktım şoktayım ,surpriz,mucize eser alarm çal kalk şok
oha ışık hızına yaklaşan deney ekibi buldum şoktayım ,surpriz,oha ışık hız yaklaş deney ekib bul şok
merhaba yazınca hesabının kilitlenmesi olayını dmden birilerini düşürmek uyduruyorsunuz sanıyordum gerçekmiş şoktayım an ,surpriz,merhaba yaz hesab kilitle olay dm biri düşür uydur san gerçek şok an
resmen paper yazamıyorum yazdığım aptalca geliyor resmen şoktayım ,surpriz,resmen paper yaz yaz aptal gel resmen şok
sene içerisinde ikinci kitap sene sabırla beklediğim zamanları hatırlayınca gerçekten güzel sürpriz oldu ,surpriz,se içeri ikinci kitap se sabırla bekle zaman hatırla gerçekten güzel sürpriz ol
fragman beklediğim gibiydi ali kısmına şaşırdım ,surpriz,fragman bekle gibi ali kısm şaşır
yazacağımı şaşırdım mk bildirime bak ,surpriz,yaz şaşır mk bildiri bak
canım saçında kg yağı oluşturmak çabaladın zeytin yağ üretemez şaşırdım ,surpriz,can saç kg yağ oluş çabala zeytin yağ üret şaşır
galiba olanlara dayanamam hazırım cümlesi gerçekleşti neye inanacağımı şaşırdım be ,surpriz,galiba ol dayan hazır cümle gerçek ne inan şaşır be
birini izleyeceğimi şaşırdım haftanın gününe dağıtın dizileri ,surpriz,biri izle şaşır hafta gün dağıt dizi
kadere söyleneyim bende şaşırdım ,surpriz,kader söylen ben şaşır
gün oyun oynadığım ayrıldı şok ,surpriz,gün oy oyna ayrıl şok
oldu şok iptal ,surpriz,ol şok iptal
oha oha oha rasim ozan kütahyalıyı beyaz tvden kovmuşlar şok ,surpriz,oha oha oha rasi ozan kütahya beyaz tv kov şok
dayımın görümcesi varmış şok ,surpriz,day görümce var şok
baharı güzel giydirmişler şok ,surpriz,bahar güzel giy şok
annem odama geldi dediki ders çalışıyorsun sanıyorum whatsappta çevrimiçisin şok ,surpriz,anne oda gel dediki ders çalış san whatsapp çevrimiçi şok
buse makarna havada zor kaynıyorum su kaynasın amk dedi şok ,surpriz,buse makarna hava zor kayn su kayna amk de şok
imparator fatih terim derbi istatistiği zamanda derbi kazanamıyor yollamamışlar hayret ,surpriz,imparator fatih ter derbi istatistiğ zaman derbi kazan yolla hayret
seferinde öncekinden üst level şerefsizlikler fazla hayret ,surpriz,sefer önce üst level şeref fazla hayret
taraftarın gece uyutmaması lazımdı atladılar hayret ,surpriz,taraftar gece uyu lazım atla hayret
güle hayret ediyorum duruma geldik ,surpriz,gül hayret ed durum gel
insan gerçekten hayret ediyor insan detayıyla mükemmel olabilir ,surpriz,insan gerçekten hayret ed insan detay mükemmel ol
hayret sene hasta ,surpriz,hayret se hasta
vallahi bende sabırlı olduğumu bilmiyordum sürpriz oldu ,surpriz,vallahi ben sabır ol bil sürpriz ol
yılının yapsam file çorabımı göstersem yılı bayağı sürpriz oldu ,surpriz,yıl yap fil çorab göster yıl bayağı sürpriz ol
tatlı hediye tatlı sürpriz ,surpriz,tatlı hediye tatlı sürpriz
sürpriz arkadaşlar sağ ,surpriz,sürpriz arkadaş sağ
vay delikanlı gönlüm vay kurşunu yedin ,surpriz,vay delikanlı gönl vay kurşun ye
vay bitcoin yükseldi ,surpriz,vay bitcoin yüksel
vay prim kasıyorsunuz tolgadan ha ,surpriz,vay prim kas tolga ha
doktor randevuma erken geldim vay be ,surpriz,doktor randevu erken gel vay be
oha gerçekten ,surpriz,oha gerçekten
bambami babam okudum oha ,surpriz,bambami baba oku oha
dünyayı kurtarmak dursun oha batmıyor şaşıyorum ,surpriz,dünya kurtar dur oha bat şaş
uykumuda almışım hayret ettim ,surpriz,uykumuda al hayret et
oha tolga sarıtaş aybüke pusat aşk yaşıyor yok şok ,surpriz,oha tolga sarıtaş aybüke pusat aşk yaş yok şok
oha yeni doğacak çocuğuna ferrari giydirecek çıldırıyorum ,surpriz,oha yeni doğ çocuğ ferrari giy çıldır
içgüdümüz pompa yapmayı öğretti hayret ,surpriz,içgüdü pompa yap öğret hayret
gerçekte çift olmasını istediğim shipim yok oha ,surpriz,gerçekte çift ol iste ship yok oha
ahmet kural sılaya tokat atmış yok ,surpriz,ahmet kural sıla tokat at yok
yok merve edip hoca şok üstüne şok ,surpriz,yok merv ed ho şok üstüne şok
robinho sivas’ta yok ,surpriz,robinho sivas yok
asansör bozulmuş şaşırdım hayır ,surpriz,asansör bozul şaşır hayır
istanbulda kişiye adres sordum suriyeli cıktı şaşırdım vallahi ,surpriz,istanbul kişi adres sor suriye cıktı şaşır vallahi
ödülü vermezler diyorum şaşırdım doğrusu ,surpriz,ödül ver di şaşır doğrusu
anda bildirimler gelince şaşırdım meğer kandil mesajlarıymış ,surpriz,an bildirim gel şaşır meğer kandil mesaj
aaa hoca kendinin cennetlik söylemiş şaşırdım hayır ,surpriz,aaa ho kendi cennet söyle şaşır hayır
dolmuşa binerken kafamı vurdum dakika olduğumu şaşırdım ,surpriz,dolmuş bin kafa vur dakika ol şaşır
aaa buldum aynı etüt merkezinde çalışmış ,surpriz,aaa bul aynı etüt merkez çalış
bugün aaa dedim görünce şok olmuştum ,surpriz,bugün aaa de gör şok ol
aaa evet yanan piyano benziyor ,surpriz,aaa evet yan piyano benz
geriye bakınca gelen oha yaşandı gerçekten hissi ,surpriz,geri bak gelen oha yaşa gerçekten hissi
oha çocuğu hayvan süzdün azıcık utanman ,surpriz,oha çocuğ hayvan süz azıcık utan
aaa konuşan göt yapmışlar şok ,surpriz,aaa konuş göt yap şok
eksikliğini hissetmedim şaşırtıcı gerçek ,surpriz,eksik hisset şaşır gerçek
stalk şaşırtıcı olay eninde sonunda dönüp dolaşıp başladığım profilde buluyorum kendimi ,surpriz,stalk şaşır olay en sonunda dön dolaş başla profil bul kendi
aaa lütfen demiş şok dediyse yapın bak kıyamet alameti resmen ,surpriz,aaa lütfen de şok de yap bak kıyamet alamet resmen
canım sürpriz istedi nuranın yalanını bilmiyor ,surpriz,can sürpriz iste nuran yalan bil
tuba büyüküstün kiliste mülteci çocuklara sürpriz yaptı ,surpriz,tuba büyüküstün kilis mülteci çocuk sürpriz yap
tramvay beklerken minik sürpriz yaptı ,surpriz,tramvay bekle minik sürpriz yap
canım annem sürpriz hediye paketi yaptı kursa gidiyoruz hadi hayırlısı bakalım ,surpriz,can anne sürpriz hediye paket yap kur gid hadi hayır bak
kankişlerim okulda sürpriz yaptı oh ,surpriz,kankişlerim okul sürpriz yap oh
tokatlım sürpriz yaptı ,surpriz,tokat sürpriz yap
bugün twitterla yıldönümümüzmüş unutur sanmıştım sürpriz yaptı şapşal ,surpriz,bugün twitter yıldönüm unut san sürpriz yap şapşal
insan şeylere hayret ediyor ,surpriz,insan şey hayret ed
günleri koparıyorsunuz hayret ediyorum ,surpriz,gün kopar hayret ed
sorgulamadan inanmama şaştım kaldım ,surpriz,sorgula inan şaş kal
bitirmek istedikçe bağlandım halime şaştım kaldım ,surpriz,bitir iste bağla hal şaş kal
abla portakal topla dedi direkt lira deyince malzeme liramı dedi şaştım kaldım ,surpriz,ab portakal topla de direkt lira deyi malzeme lira de şaş kal
bugün yürürken inek boku gördüm kadarda bts antisine benziyor şaştım kaldım yahu ,surpriz,bugün yürü inek bok gör kadar bts anti benz şaş kal yahu
kafede şekerleri döktüm şaştım kaldım çaresizlik ,surpriz,kafe şeker dök şaş kal çare
inanman yapmam lazım cidden bilmiyorum şaştım kaldım ,surpriz,inan yap lazım cidden bil şaş kal
bugünkü buluşmada gıybetler fallar döndü şaştım kaldım ,surpriz,bugün buluş gıybet fal dön şaş kal
allah uyuz versin tırnak vermesin bedduadır şaştım kaldım ,surpriz,allah uyuz ver tırnak ver beddua şaş kal
erikli israilinmiş geçti eline şaştım kaldım ,surpriz,erik israil geç el şaş kal
kız seren serengil mapus yatacakmış şaştım kaldım ,surpriz,kız ser serengil mapus yat şaş kal
ortada motor yok firma teklif veriyor şaştım kaldım ,surpriz,orta motor yok firma teklif ver şaş kal
aralar dünya düzdür açıklama yok vallahi şaştım kaldım ,surpriz,arala dünya düz açıkla yok vallahi şaş kal
aaa şaştım kaldım olacak iş ,surpriz,aaa şaş kal ol iş
kimler kimlerle canlı yayın yapıyor şaştım kaldım ,surpriz,kim kim canlı yay yap şaş kal
oha yazdın oğlum şaştım kaldım enfes yazmışsın ,surpriz,oha yaz oğl şaş kal enfes yaz
kanalı açsam laf siyaset şaştım kaldım müşteriler ,surpriz,kan aç laf siyaset şaş kal müşteri
kudurmuşluk şaştım kaldım vallahi ,surpriz,kudur şaş kal vallahi
evlatlarım güncelleme yapıyor bugün kral şaştım kaldım vallahi ,surpriz,evlat güncelle yap bugün kral şaş kal vallahi
doğrusu cezalara şaştım epey ağır olmuş ,surpriz,doğrusu ceza şaş epey ağır ol
karakter çeviriyi kısa zamanda rahat yapmama epey şaştım ,surpriz,karakter çeviri kısa zaman rahat yap epey şaş
oha ciddi olamazsın inanılmaz ,surpriz,oha ciddi ol inanılmaz
oha ciddi olamazsın geç ,surpriz,oha ciddi ol geç
unutuyorum aldığımı gelince şok oluyorum aaa ,surpriz,unut al gel şok ol aaa
aaa cidden karşılıklı ,surpriz,aaa cidden karşılık
aaa ismi denedim oldu çocuk hesabı cidden kapatmış sefer ,surpriz,aaa ism dene ol çocuk hesab cidden kapat sefer
kadın dizisinde sarp bilmecesinde şaşırtıcı iddia ortaya atıldı ,surpriz,kadın dizi sarp bilmece şaşır iddia orta atıl
evrimde şaşırtıcı gelişme yıllık kehribarda kuyruklu örümcek keşfedildi ,surpriz,evrim şaşır geliş yıllık kehribar kuyruk örümcek keşfed
anlatmaya ihtiyaç duyduğum olayları kimseye anlatmak istemeyişim şaşırtıcı ,surpriz,anlat ihtiyaç duy olay kimse anlat iste şaşır
hayat şaşırtıcı ordasın burda tuhaf gerçek ,surpriz,hayat şaşır or bur tuhaf gerçek
sığırdan başkan gelmesi şaşırtıcı umarım başarılı ,surpriz,sığır başkan gel şaşır um başarı
bölüme reyting beklediğimden fazla gelmiş şaşırtıcı ,surpriz,bölü reyting bekle fazla gel şaşır
paylaştığım duruma bakın isteğinize bakın şaşırtıcı ,surpriz,paylaş durum bak isteğ bak şaşır
şaştım lisan biliyor okumuş çocuk borumu ,surpriz,şaş lisa bil oku çocuk bor
topalla stoper olmuyorsa islayı denemez hoca hayret ,surpriz,topalla stoper ol islayı dene ho hayret
yükselen burcum akrepmiş an öğrendim şaşkınım ,surpriz,yüksel burc akrep an öğren şaşkın
saatte gördüğüm screenshotlar gerçekten hayret edici ,surpriz,saat gör screenshotlar gerçekten hayret ed
powerbank prizden hızlı şarj ediyor telefonu şaşırdım ,surpriz,powerbank priz hızlı şarj ed telefon şaşır
aaa türkiye çekim yapılacak şok oldum ,surpriz,aaa türki çek yap şok ol
kendinden soğuttun hayret ettim ,surpriz,kendinden soğut hayret et
hayret fragman geliyormuş ,surpriz,hayret fragman gel
bursadan hayret edici sonuç hayırdır beyler ,surpriz,bursa hayret ed sonuç hayır bey
gs kadın voleybol baya iyi oynuyor şaşkınlık verici ,surpriz,gs kadın voleybol bay iyi oyn şaşkın ver
söylendim bugün işten erken çıkıp sürpriz yapmış ,surpriz,söylen bugün iş erken çık sürpriz yap
aaa komisere replik yazmışlar şok ,surpriz,aaa komiser replik yaz şok
şaşırdım kaldım bilmem nemsin ,surpriz,şaşır kal bil ne
şaşırdım profile bakmış ,surpriz,şaşır profil bak
uyusam uyuyamam çalışsam çalışamam okusam okuyamam şaştım işe ,surpriz,uyu uyu çalış çalış oku oku şaş işe
aaa şaşırdım aklından sildin zannediyordum ,surpriz,aaa şaşır akl sil zanned
çabuk vazgeçmek inan sürpriz oldu ,surpriz,çabuk vazgeç inan sürpriz ol
falımda kabaran çıkmadı resmen şaşırdım ,surpriz,fal kabar çık resmen şaşır
aaa sahnemiz varmış an şok oldum ,surpriz,aaa sahne var an şok ol
ts editörü uğraşmış dilde teşekkür edeceğimi şaşırdım ,surpriz,ts editör uğraş dil teşekkür ed şaşır
yaptığıma inanamıyorum ,surpriz,yap inan
aaa üstü mesaj yazacağım yazacağımı şaşırdım ,surpriz,aaa üst mesaj yaz yaz şaşır
ara ara kendime harbi sarı saçlıyım ha hayret ediyorum ,surpriz,ara ara kendi harbi sarı saç ha hayret ed
pennywiseın bill görünce şoka uğradım ,surpriz,pennywiseın bill gör şok uğra
matematik sınavı bugün şuleyle konuşuyoruz kızım resmen şoka uğradım sınavda diyor ,surpriz,matematik sınav bugün şule konuş kız resmen şok uğra sınav di
apolas lerminin adının abdurrahman öğrendim şok ,surpriz,apolas lerminin ad abdurrahman öğren şok
eski günlük sayfalarımı okuyup hayatımın kısa sürede değiştiğine şaşırdım ,surpriz,eski günlük sayfa oku hayat kısa süre değiş şaşır
gibilerin olduguna inanamıyorum ,surpriz,gibi olduguna inan
şok eden polis yemini ,surpriz,şok ed polis yem
annem ingilizce bi espriye güldü şaşkınım ,surpriz,anne ingilizce bi espri gül şaşkın
birinciliği kaptırabilirsiniz inanamıyorum ,surpriz,birinci kap inan
üşengeç olmayı başarıyorum kendime hayret ediyorum ,surpriz,üşengeç ol başar kendi hayret ed
yarın fefe haluk levent geliyor inanamıyorum ,surpriz,yarın fefe haluk levent gel inan
çabuk yoluna girdi herşey şaşkınım ,surpriz,çabuk yolun gir herşey şaşkın
civarda oturan birini buldum şoktayım ,surpriz,civar otur biri bul şok
ummadığım insanlar mesaj attı şoktayım ,surpriz,um insan mesaj at şok
sabri sarıoğlu milli takıma dönmüş vay be ağzım açık kaldı ,surpriz,sabri sarıoğlu milli tak dön vay be ağz açık kal
arkadaş saat tas aşure kendime hayret ettim an ,surpriz,arkadaş saat tas aşure kendi hayret et an
konuşmaları dinleyebiliyor olmana hayret ettim ,surpriz,konuş dinle ol hayret et
aaa yatağımda hediye paketi sürpriz yaptı ,surpriz,aaa yatağ hediye paket sürpriz yap
diyete başlayan yoğun ders çalışan kendime inanamıyorum ,surpriz,diyet başla yoğun ders çalış kendi inan
serie ada sürpriz sonuçlar oldu ,surpriz,serie ada sürpriz sonuçla ol
aaa güzel sürpriz gece vardiyası biter bitmez dinleyim ,surpriz,aaa güzel sürpriz gece vardiya bit bit din
vartoluda dövmeyi görünce şok oldum ,surpriz,varto dövme gör şok ol
annem bornozlarımızı ütülüyormuş an şoka uğradım ,surpriz,anne bornoz ütül an şok uğra
okuduktan nasil fikir beyan edebiliyorsunuz gerçekten anlamıyorum dondum kaldım ,surpriz,oku nasil fikir beyan ed gerçekten anla don kal
yedin hayretler içindeyiz diyetim ,surpriz,ye hayret iç diyet
arızalıyız zannederken ayarsızları gördükçe hayretler içindeyiz ,surpriz,arıza zanned ayar gör hayret iç
arabamı kaldırdılar şaşkınım görüyorum ,surpriz,araba kaldır şaşkın gör
an şaşkınım şaşkınlığımı kıvırcık ali’nin kel öğrendiğimde yaşamıştım ,surpriz,an şaşkın şaşkın kıvırcık ali kel öğren yaşa
yurtdışına gitmek biriktirdiğim binlerce lirayı abimin nişanı harcamışlar yeni haberim tarafa yıkılacağımı şaşırdım ,surpriz,yurtdış git birik binlerce lira abi nişan harca yeni haber taraf yık şaşır
şaşırtamaz derken ıspanaklı pidenin mükemmel olmasıyla şaşkına döndüm ,surpriz,şaşır derken ıspanak pide mükemmel ol şaşkın dön
alım şok iptal geldi şükür ,surpriz,al şok iptal gel şükür
neye inanacağıma inanacağıma şaşırdım ,surpriz,ne inan inan şaşır
kendime yorumsuz kaldım hayretler içindeyim ,surpriz,kendi yorum kal hayret iç
evet senelik misafir yarım günde geldi şaştım kaldım şok ,surpriz,evet sene misafir yarım günde gel şaş kal şok
nba üst lakin gün sürpriz yaptı alt bitti ,surpriz,nba üst lakin gün sürpriz yap alt bit
kendimi sevdirmek insanlara kedi sırnaştığımı söylüyorlar belli ediyormuşum şaşırdım ,surpriz,kendi sev insan kedi sırnaş söyl belli ed şaşır
fark ettim bugün fotoğrafımı atmamışım hayret ,surpriz,fark et bugün fotoğraf at hayret
turşuyu liraya aldım şaşkınım ,surpriz,turşu lira al şaşkın
gece uyumayıp çukurun bölümünü bitirmem açıkçası sürpriz oldu ,surpriz,gece uyu çukur bölüm bitir açıkçası sürpriz ol
kıza hayret ettim teklife evet dedi allah ikisine akıl fikir versin ,surpriz,kız hayret et teklif evet de allah iki akıl fikir ver
kendim aldım kendimi affetmek sürpriz yaptım ,surpriz,kendi al kendi affet sürpriz yap
sürpriz yapacağım dedim yaptım ,surpriz,sürpriz yap de yap
yht business bilet alarak kendime ufak bi sürpriz yaptım ,surpriz,yht business bilet al kendi ufak bi sürpriz yap
herşeyi anlarım misini bitişik yazabiliyorsunuz şaşırtıcı ,surpriz,herşey anla mi bitişik yaz şaşır
bakireden beklenmeyen sürpriz kaltaklık ,surpriz,bakire bek sürpriz kaltak
altın değerlenmiş sonradan şaşırtıcı ,surpriz,altın değerlen sonradan şaşır
gördüğüm kadarıyla kışın gelmesini beklemiyordu büyük sürpriz oldu ,surpriz,gör kadar kışın gel bekle büyük sürpriz ol
anneme sürpriz yapıyordum annem sürpriz yaptı ,surpriz,anne sürpriz yap anne sürpriz yap
öğrendim şoka uğradım ,surpriz,öğren şok uğra
saat olmuş demin geç bence kitap okurum saat dedim şoka uğradım ,surpriz,saat ol demin geç bence kitap oku saat de şok uğra
bekliyordum bilmiyorum nesil diyarbakırlı çıktım şaşkınım ,surpriz,bekl bil nesil diyarbakır çık şaşkın
yaptım yok inanmam hazır almışsındır ,surpriz,yap yok inan hazır al
ayrılcam küçüğüm diyor ciddi olamazsın ,surpriz,ayrılcam küçüğ di ciddi ol
kafamı meşgul ettim bunca hayret ediyorum ,surpriz,kafa meşgul et bunca hayret ed
fenerbahçeli şaşırtıcı beşiktaşın turu geçeceğini düşünüyorum ve… ,surpriz,fenerbahçe şaşır beşiktaş tur geç düşün ve
rahatsız ediyormuşum numarayı değiştirmek inanamıyorum ,surpriz,rahat ed numara değiş inan
kebapçıda evlenme teklifi almış bulunmaktayım şaşkınım ,surpriz,kebap evlen teklif al bulun şaşkın
ofiste bedava bira içmiyorum hayret şaştım kaldım ,surpriz,ofis bedava bira iç hayret şaş kal
askerim sürpriz yaptı şükür varlığına ,surpriz,asker sürpriz yap şükür varlığ
şaşırmıyorum hayret ediyorum ,surpriz,şaşır hayret ed
zeytin zeytinli poğaça tükettim şaşkınım ,surpriz,zeytin zeytin poğaça tüket şaşkın
birinden çabuk soğuyabiliyorum şaşkınım ,surpriz,biri çabuk soğu şaşkın
senedir görüşmüyoruz buluşmamız hastanede oldu şaşkınım ,surpriz,se görüş buluş hastane ol şaşkın
şeylere inanamıyor olmama inanamıyorum ,surpriz,şey inan ol inan
şok olmuştum gidemez ağlamıştım inanmıyorum ,surpriz,şok ol gid ağla inan
kolay silmem açıkcası sürpriz oldu ,surpriz,kolay sil açıkcası sürpriz ol
ofiste bedava bira içmiyorum hayret şaştım kaldım ,surpriz,ofis bedava bira iç hayret şaş kal
vay be şaka rahatlık be gevşeklik ,surpriz,vay be şaka rahat be gevşek
ananem sürpriz yaptı aldığı çorabın grisini alarak ,surpriz,anane sürpriz yap al çorab gri al
eyüp ellerine sağlık sürpriz oldu arkası gelsin ,surpriz,eyüp el sağlık sürpriz ol arka gel
sürpriz reklam filmiyle geliyorum ,surpriz,sürpriz reklam film gel
kararlarım sürpriz ,surpriz,kararla sürpriz
gitsem gidememkalsam kalamam şaştım işe diyen çelik çaresizliği üzerimde ,surpriz,git gidememkalsam kal şaş işe di çelik çare üzer
konyaspor altıpasta pas yaptı şaştım kaldım ,surpriz,konyaspor altıpas pas yap şaş kal
pratik zekayla sanayi devrimini yapan olmamışız hayret valla ,surpriz,pratik zeka sanayi devrim yap ol hayret val
inan yüzüne konusacağımı şaşırdım ,surpriz,inan yüz konusacağımı şaşır
birden geldin aklıma yakıverdin ışıkları hayret ettim kendime ,surpriz,birden gel akl yak ışık hayret et kendi
hayret tarkan yolla fotoğrafı görmedim altında şaştım ,surpriz,hayret tarkan yolla fotoğraf gör alt şaş
aldığım kararlar sürpriz oldu ,surpriz,al kar sürpriz ol
hayattaki büyük başarım hayret bişey kendime hayret ediyorum ,surpriz,hayat büyük başar hayret bişey kendi hayret ed
oha izledim an nefes nerden alınıyordu ,surpriz,oha izle an nefes ner alın
evet bende görünce şok oldum hemen geldiniz aklıma ,surpriz,evet ben gör şok ol hemen gel akl
tl büyük para bahise şok oldum ,surpriz,tl büyük par bahise şok ol
anda dizide metallica nothing else matters çaldı sanırım şaşkınım ,surpriz,an dizi metallica nothing el matters çal san şaşkın
ciddi olamazsın gün fazla şaşırtıyorsun ,surpriz,ciddi ol gün fazla şaşır
real madridin la liga tarihinde yendiği takım atletico madrid yenmiş şaşırdım ,surpriz,real madrid la liga tarih yen tak atletico madrid yen şaşır
diyeceğimi diyip demeyeceğimi şaşırdım ,surpriz,di di de şaşır
gratiste galiba bedava ekmek veriyorlarbu biçim kuyruktur şok ,surpriz,gratis galiba bedava ekmek veriyorlarbu biçim kuyruk şok
demet akalına benzetti… şok vefat iptal ,surpriz,demet akal benzet şok vefat iptal
şaşırdım kaldım bilmem nemsin ,surpriz,şaşır kal bil ne
hayret ettim mesaj atmana oldu allah allah ,surpriz,hayret et mesaj at ol allah allah
kızıma sürpriz sevdiği yemeklerden birini yaptım yanına lahana maydanoz turşusu ,surpriz,kız sürpriz sev yemek biri yap yan lahana maydanoz turşu
etoo yalan oldu aldılar sürpriz oldu ,surpriz,etoo yalan ol al sürpriz ol
boris rapaic güzel sürpriz oldu ,surpriz,boris rapaic güzel sürpriz ol
gününe gün kaldığına inanamıyorum ,surpriz,gün gün kal inan
yalanla yaşayabiliyosun hayret ediyorum ,surpriz,yalanla yaşayabiliyosun hayret ed
inanmıyorum yazın açıktı oraya senle gitmiştim bebeğim ,surpriz,inan yazın açık ora se git bebeğ
kendimi işsiz zannediyordum dünyada işsiz insanlar epey şaşırtıcı ,surpriz,kendi iş zanned dünyada iş insan epey şaşır
karaktersizsiniz vallahi hayret ettim kuş uçtu bebeğim ,surpriz,karakter vallahi hayret et kuş uç bebeğ
uğur dündar engellemiş ettim adama bilmiyorum hayret ,surpriz,uğur dündar engelle et ada bil hayret
oha ndoye galatasaray dışında takıma gol atmış vay be ,surpriz,oha ndoye galatasaray dış tak gol at vay be
serdar dur amk sakatlanma hayret ,surpriz,serdar dur amk sakat hayret
içebiliyorum hayretler içindeyim ,surpriz,iç hayret iç
şaşırtıcı oldu şemsiyemi aldım yağmur ,surpriz,şaşır ol şemsiye al yağmur
şaşırtıcı gerçek dedikodu toplumsal açıdan faydalı olabilir ,surpriz,şaşır gerçek dedikodu toplum açı fayda ol
insanın konuşabildiği tek konu dedikodu hayret ediyorum ,surpriz,insa konuş tek konu dedikodu hayret ed
adı kübra açık kız gördüm şoktayım şoke oluyorsam ,surpriz,ad kübra açık kız gör şok şoke ol
fizik çözüyor oluşum epey şaşırtıcı ,surpriz,fizik çöz oluşum epey şaşır
şoktayım kendime gelemedim ,surpriz,şok kendi gel
yok uyuyamıyorum şoktayım sanırım kendime gülüyorum ,surpriz,yok uyu şok san kendi gül
ara şehirler arası uber kullanacak elit olduk şoktayım ,surpriz,ara şehir ara uber kullan elit ol şok
maçla konuşacak bulamıyorum resmen şoktayım ,surpriz,maç konuş bul resmen şok
inanamıyorum hadi engelledin ponçiği engelledin ,surpriz,inan hadi engelle ponçiği engelle
metroda çeken telefon evde çekmiyor insan gerçekten hayret ediyor ,surpriz,metro çek telefon ev çek insan gerçekten hayret ed
sagopa kajmer kolera ayrılmış şok ,surpriz,sagopa kajmer kolera ayrıl şok
milletin sözcüsü manşet atmışlar hayret ,surpriz,millet sözcü manşet at hayret
herşey yanada anda kazanmak çalışan liseli gençler insan gerçekten hayret ediyor ,surpriz,herşey yanada an kazan çalış lise genç insan gerçekten hayret ed
hızlı tornistan sürpriz oldu ,surpriz,hızlı tornistan sürpriz ol
fenerbahçe şansıyla gol baya sürpriz oldu ,surpriz,fenerbahçe şans gol bay sürpriz ol
sürpriz yapılsın aaa şok olayım hadi bekliyorum ,surpriz,sürpriz yap aaa şok ol hadi bekl
aaa sürpriz varmış ,surpriz,aaa sürpriz var
kimya deneyi sonucunda meydan çıkan görüntü şaşırtıcı ,surpriz,kimya deney sonuc meydan çık görüntü şaşır
aaa yediği gol iptal edilmiş şaşırdım aaa inanamıyorum ,surpriz,aaa ye gol iptal ed şaşır aaa inan
kışın içilen çorbanın şaşırtıcı faydaları ,surpriz,kışın iç çorba şaşır fayda
aslan’ım attın kaçırıyorsun hayret ,surpriz,aslan at kaçır hayret
kararlarım sürpriz ,surpriz,kararla sürpriz
dayım trip attı şok ,surpriz,day trip at şok
ata sürpriz yaptı ,surpriz,at sürpriz yap
elimde çiğköfte leğeniyle şoka girdim şoka girdi ,surpriz,el çiğköfte leğen şok gir şok gir
kms hızla giden trendeki sıfır sarsıntı hayret ,surpriz,kms hızla gid tren sıfır sarsıntı hayret
hocayı bağırırken gördüm şoktayım ,surpriz,hoca bağır gör şok
gs yense berabere bitseydi sürpriz olurdu ,surpriz,gs yen berabere bit sürpriz ol
kasımda harbiden aşk başkaymış mal dediğim arkadaşlarım sevgilileriyle hikaye paylaşıyor şok ,surpriz,kas harbi aşk başka mal de arkadaş sevgili hikaye paylaş şok
hayret ettim açıklama beklemiyordum ,surpriz,hayret et açıkla bekle
aaa oturabildim şok ,surpriz,aaa otur şok
yanlız performansı beklemiyordum şok oldum resmen inanmıyorum ,surpriz,yanlız performans bekle şok ol resmen inan
psikloji üzerine okuyup psikolojisi dibe vurmuş şaşkınım ,surpriz,psikloji üzerine oku psikoloji dib vur şaşkın
gerçeklere hayret etmek mucizesi bulsun hepimizi ,surpriz,gerçek hayret et mucize bul hep
allahım hayatımda yolunda gidiyor şükredeceğimi şaşırdım ,surpriz,allah hayat yol gid şükred şaşır
kankam nöbete gitti miktar hüzünlüyüm yarın görürüm ,uzgun,kanka nöbet git miktar hüzün yarın gör
dudağımın yapısı yüzünden ruj sürsem taşmış duruyor hüzünlüyüm ,uzgun,dudağ yapı yüzünden ruj sür taş dur hüzün
grip yanlışlıkla kilo verdim hüzünlüyüm utancı tiramisu yiyerek atlatacağım ,uzgun,grip yanlışlıkla kilo ver hüzün utanc tiramisu yi atlat
günaydın bugün kötü gün oldukça hüzünlüyüm ,uzgun,günaydın bugün kötü gün oldukça hüzün
tatil bittiği gitmemeyi düşünmeme hüzünlüyüm ,uzgun,tatil bit git düşün hüzün
derin stalk yaptım hüzünlüyüm ,uzgun,derin stalk yap hüzün
yaz okulu belirtileri başladı hüzünlüyüm ,uzgun,yaz okul belirti başla hüzün
hayatımdan çıkardıklarıma tercih yapmadığım pişmanım ,uzgun,hayat çıkar tercih yap pişman
anımız unutmam diyordum pişmanım ,uzgun,an unut di pişman
babamla alışverişe çıkmak çılgınlık yaptım pişmanım ,uzgun,baba alışveriş çık çılgın yap pişman
yoruldum hüzün uyutmuyor ,uzgun,yor hüzün uyu
kötü giden herşeyden yoruldum ,uzgun,kötü gid herşey yor
oruç zamanı ezan beklemek banka beklemekten kolay bezdim ,uzgun,oruç zaman eza bekle bank bekle kolay bez
yerime gitsin hastaneye bezdim ,uzgun,yer git hastane bez
gündür ders seçimi bilgisayar başında beklemekten bezdim ,uzgun,gün ders seçi bilgisayar baş bekle bez
işlerden bunaldım belli ,uzgun,iş bunal belli
uykum yorgunum acıktım sıkıldım bunaldım allahtan derdim yok ,uzgun,uyku yorgun acık sıkıl bunal allahtan der yok
moralim bozuk keşke ağlayabilsem geçse ,uzgun,moral bozuk keşke ağla geç
hayattan vazgeçemeyecek korkak hayata tutunamayacak umutsuzum ,uzgun,hayat vazgeç korkak hayat tutun umut
aklıma yıldır okuduğum geldi hüzünlüyüm ,uzgun,akl yıldır oku gel hüzün
olacak takımın hali vallahi bıktım tükendim ,uzgun,ol tak hal vallahi bık tüken
mutsuzum anlatayım ,uzgun,mutsuz anlat
üzgünüm içten anlarsın içtenlikten ,uzgun,üzgün içten anla içten
pişmanım verdiğim değerlere ,uzgun,pişman ver değer
keşke hayatımda olmasaydı dediğim insan üzüldüğüme pişmanım ,uzgun,keşke hayat ol de insan üzül pişman
uykuyu seçtiğim pişmanım eve gelir gelmez ödül törenini izlicem ,uzgun,uyku seç pişman ev gel gel ödül tören izlicem
büyümek güzel değilmiş küçükken büyümek istediğim pişmanım ,uzgun,büyü güzel değil küçük büyü iste pişman
yüzünü özledim seninleyken gözlerimi kırptığım pişmanım ,uzgun,yüz özle sen göz kırp pişman
bölüm olmuş pişmanım ,uzgun,bölü ol pişman
bende hata yaptım pişman mıyım evet pişmanım ,uzgun,ben hata yap pişman mı evet pişman
hissediyor bilmiyorum özledim ,uzgun,hissed bil özle
özledim bilse ah bilseniz ,uzgun,özle bil ah bil
özledim sohbetini sesini ,uzgun,özle sohbet se
özledim diyorsam bil gel ,uzgun,özle di bil gel
takipçi sayımda hızla düşüş olacak kalabalıktınız üzgünüm ,uzgun,takip say hızla düş ol kalabalık üzgün
gece saat istemsizce mutsuz oluyorum elimden gelmiyor dakika üzgünüm ,uzgun,gece saat istem mutsuz ol el gel dakika üzgün
gecem yarın gidiyorum sene oldu halbuki üzgünüm anlayamıyorum ,uzgun,gece yarın gid se ol halbuki üzgün anla
beyin transfer edilemiyor üzgünüm ,uzgun,bey transfer ed üzgün
üzgünüm sahtelikleri görmezden gelemem ,uzgun,üzgün sahte görmez gel
diyemediklerim üzgünüm ,uzgun,di üzgün
gece ayşenur gecem üzgünüm ,uzgun,gece ayşenur gece üzgün
an mutsuzum konser bileti geldi getirmeyi unutmuşlar cipsimide almamışlar ,uzgun,an mutsuz konser bilet gel getir unut cipsimide al
midemi bozmuşum mutsuzum ,uzgun,mide boz mutsuz
gittin gideli mutsuzum ,uzgun,git gid mutsuz
pijamamın cebi yatağımın yanında üçlü priz olmasına mutsuzum yuh ,uzgun,pijama ceb yatağ yanında üç priz ol mutsuz yuh
gün giresuna gidicem mutsuzum ,uzgun,gün giresun gidi mutsuz
istemsiz moralim bozuk sanırım hoşlanmıştım ,uzgun,istem moral bozuk san hoşlan
yokken moralim bozuk hevesim kaçtı ,uzgun,yok moral bozuk heves kaç
uzun süre düğüne gidince moralim bozuk halaysızdı ,uzgun,uzun sür düğü gid moral bozuk halay
moralim bozuk sigara istiyorum sigara ,uzgun,moral bozuk sigar ist sigar
buralarda yokken olmuş bitmiş moralim bozuk ,uzgun,bura yok ol bit moral bozuk
aklıma fernando geldi moralim bozuk ,uzgun,akl fernando gel moral bozuk
durup dururken moralim bozuk arkadaş üzgünüm an sebebi neydi ,uzgun,dur dur moral bozuk arkadaş üzgün an sebeb ne
ücretli wc moralim bozuk ,uzgun,ücret wc moral bozuk
bugün operatörümü değiştirdim moralim bozuk turkcelli yarı yolda bırakıyormuş hissediyorum ,uzgun,bugün operatör değiş moral bozuk turkcell yarı yol bırak hissed
moralim bozuk olduğunda keşke hissetse ,uzgun,moral bozuk ol keşke hisset
tae fancafe attı hemde fotoğraflı finger heart yapmış ağlıyorum ,uzgun,tae fancafe at hemde fotoğraf finger heart yap ağl
akşamı aktiviteme bakıp ağlıyorum anda ,uzgun,akşam aktivite bak ağl an
içim yanıyor ağlıyorum kahr oluyorum ,uzgun,içim yan ağl kahr ol
ders programım açıklandı ağlıyorum an ,uzgun,ders program açık ağl an
durduk yerde herşeye ağlıyorum yapıcam ,uzgun,dur yer herşey ağl yapıcam
gece gece instagramda yemektatlı sayfalarına girmeyin ağlıyorum an ,uzgun,gece gece instagram yemektatlı sayfa gir ağl an
annem temizlik buğragilden gelmemi beklemiş ağlıyorum ,uzgun,anne temiz buğragilden gel bekle ağl
çocuk ağlıyorum ,uzgun,çocuk ağl
bugün aktif olamadım hüzünlüyüm ,uzgun,bugün aktif ol hüzün
fena hüzünlüyüm dışarıdayım kulaklığım yok hayattaki görevim bitmiştir ,uzgun,fena hüzün dışarı kulak yok hayat görev bit
yarın lise hayatımın döneminin başlangıcı hüzünlüyüm ,uzgun,yarın lise hayat dönem başlangıc hüzün
televizyon açtığım kanal ntv spor du kapanıyor gerçekten hüzünlüyüm ,uzgun,televizyon aç kanal ntv spor du kapan gerçekten hüzün
acı çekiyorum hak edip etmediğimi bilmiyorum karamsar değilim hüzünlüyüm ,uzgun,acı çek hak ed et bil karamsar değil hüzün
okulun haftası okula giden nadir insanlardan olacağım hüzünlüyüm ,uzgun,okul hafta okul gid nadir insan ol hüzün
inanki ağlamadım hüzünlüyüm ,uzgun,inanki ağla hüzün
abimsiz evin tadı yokmuş miktar hüzünlüyüm ,uzgun,abimsiz ev tad yok miktar hüzün
yıldır çıkarmadığım beşiktaş bilekliğim gece uyurken gizemli kayboldu hüzünlüyüm ,uzgun,yıldır çıkar beşiktaş bilekliğ gece uyu gizem kaybol hüzün
yarın trabzondan ayrılıyorum yatağımda gecem hüzünlüyüm ,uzgun,yarın trabzon ayrıl yatağ gece hüzün
moralinizi bilmem morelman kötü oldum ,uzgun,moral bil morelman kötü ol
şarkı ağlıyorum anda kötü oldum ,uzgun,şark ağl an kötü ol
gördüm resmini kötü oldum ,uzgun,gör resm kötü ol
millet ders çalışıyor şuan kötü oldum bende çalışmaya gidiyorum ,uzgun,millet ders çalış şua kötü ol ben çalış gid
eskilere baktımda kötü oldum bakmaz olaydım ,uzgun,eski baktımda kötü ol bak ol
gittiğin koyduda formayla görünce kötü oldum ,uzgun,git koyduda forma gör kötü ol
sur insta kanserli bi kızın hikayesini okudum kötü oldum rabbim hastalara şifa versin ,uzgun,sur insta kanser bi kız hikaye oku kötü ol rabbi hasta şifa ver
house of cards’ı özledim açıp açıp introsunu dinliyorum ,uzgun,house of cards özle aç aç introsunu dinl
tweetimin altısı kaanla alakalı özledim ,uzgun,tweet altı kaan alaka özle
küçükken geceleri mahalle toplanıp saklambaç oynamayı özledim ,uzgun,küçük geceleri mahal top saklambaç oyna özle
küçükken yaptığımız yerli malı haftasını özledim ,uzgun,küçük yap yerli mal hafta özle
istanbul’un insanı menfaatçi insanlar görmedim kıbrıs’ı özledim hocam ,uzgun,istanbul insa menfaat insan gör kıbrıs özle hoca
esti bilmiyorum galiba rigobert songu özledim ,uzgun,es bil galiba rigobert song özle
acil servisi özledim ağlamak istiyorum ,uzgun,acil servi özle ağla ist
ağızda patlayan şeker yediğimiz zamanları özledim ,uzgun,ağız patla şeker ye zaman özle
sesini özledim arayabilmek isterdim ,uzgun,se özle ara iste
biriyle konuşurken uyuyakalmayı özledim uyandığımda mesaj geldiğini görmeyi ,uzgun,biri konuş uyu özle uyan mesaj gel gör
özledim harbiden aklıma düşüverir aniden ,uzgun,özle harbi akl düş aniden
acılarım soğukta tutsa keşke ,uzgun,acı soğuk tut keşke
samsuna dönünce efkarlı sözler atmaya başlıyacağım keşke gerçeğin farkında olmasam ,uzgun,samsun dön efkarlı söz at başlıyacağım keşke gerçeğ fark ol
keşke akrabaları kendimiz seçebilsek muhteşem sülale kadrosu kafamda ,uzgun,keşke akraba kendi seç muhteşem sülale kadro kafa
keşke kırıldığımız tarafa anlık bildirim gitseydi anlaşılmamak kahrediyor insanı ,uzgun,keşke kır taraf anlık bildiri git anlaş kahred insa
keşke tanıdığımız kalsa ,uzgun,keşke tanı kal
yıprandım belkide herkesten belkide ,uzgun,yıpran belki herkes belki
yıprandım tükendim yaşadığım an deli pişmanım ,uzgun,yıpran tüken yaşa an deli pişman
yara bandı gibiyim başlarda sapasağlamken zamanla aşınıp yıprandım ,uzgun,yar ban gibi baş sapasağlam zamanla aşın yıpran
kendime yeni lazım yeterince yıprandım ,uzgun,kendi yeni lazım yeterince yıpran
yıprandım sömürebilirsiniz ,uzgun,yıpran sömür
bunca hayatımdaydın bıkmadım yıprandım yoruldum değer ,uzgun,bunca hayat bık yıpran yor değ
yılda yıprandım gözaltı torbalarıma stres sivilcelerime bakmama yok net yıprandım ,uzgun,yıl yıpran gözaltı torba stres sivilce bak yok net yıpran
gece acıkıp sorma kurma olayı bıktım ,uzgun,gece acık sor kur olay bık
yetkililerden acil kezbansız hava sahası talep ediyorum bıktım help me please ,uzgun,yetkili acil kezban hava saha talep ed bık help me please
sosyal medyada saçma sapan aşk acısı yazılarını okumaktan bıktım ,uzgun,sosyal medya saçma sap aşk acı yazı oku bık
saatte acıkmaktan bıktım vallahi yeter spora başlıcam aman panda oldum ,uzgun,saat acık bık vallahi yeter spor başlıca aman panda ol
yemin ederim yıldım bıktım salın ,uzgun,yem ed yıl bık sal
merak etme gece gecemiz tükendim haliyle vazgeçtim ,uzgun,merak et gece gece tüken haliyle vazgeç
tükendik bilmiyorum tükendim yok ilerisi ,uzgun,tüken bil tüken yok ileri
söylediğim hiçbirşey pişman değilim insan koyduğum pişmanım ,uzgun,söyle hiçbirşey pişman değil insan koy pişman
gözümde büyüttüğüm pişmanım aklı gözünde büyütmesin ,uzgun,göz büyüt pişman akl göz büyüt
yerlereniz kalkmasın özledim demeye çekinir hale geldik ,uzgun,yerlereniz kalk özle de çekin hal gel
gratise girdim baba pişmanım ,uzgun,gratis gir baba pişman
hissediyor bilmiyorum özledim ,uzgun,hissed bil özle
geceleri uyayabilmeyi gündüzleri doğru düzgü uyanabilmeyi özledim ,uzgun,geceleri uyayabilmeyi gündüzleri doğru düzgü uyan özle
yoruldum uzaklaşmak istiyorum ,uzgun,yor uzaklaş ist
vazgeçiyorum çabalıyorum galiba yoruldum ,uzgun,vazgeç çabal galiba yor
olacağı varsa biteceği varsa bitsin yoruldum ,uzgun,ol var bit var bit yor
kalbim dayanmıyor yoruldum ,uzgun,kalb dayan yor
öksürmekten yoruldum öksürük bıkmadı ,uzgun,öksür yor öksürük bık
ahı varsa bende gelsin özrümü dileyeyim kapansın konu olmuyor yoruldum vallahi bak ,uzgun,ah var ben gel özr dile kapan konu ol yor vallahi bak
hayatımın arka fonunda sürekli ‘ben yoruldum hayat’ çalıyor ,uzgun,hayat arka fon sürekli ben yor hayat çal
okyanuslar boğuyor yüzemiyorum sularda yoruldum ,uzgun,okyanus boğ yüz su yor
off herkesten akıllı olmaktan bıktım ,uzgun,off herkes akıl ol bık
twitterımın sürekli kitlenip açılmasından bıktım ,uzgun,twitter sürekli kitle aç bık
bıktım sınav sonunda doğrularımı saymaktan yanlışlarımı saymak istiyorum ,uzgun,bık sınav sonunda doğru say yanlış say ist
sürekli acıkıyorum yemek yemekten bıktım ,uzgun,sürekli acık yemek yemek bık
sinir hastası köpek olmaktan gerçekten bıktım ,uzgun,sinir hasta köpek ol gerçekten bık
beynen ruhen fiziken benliğimle yorgunum ,uzgun,beynen ruhen fiziken benliğ yorgun
hayaie kucak açamayacak yorgunum ,uzgun,hayaie kucak aç yorgun
canım sıkkın yorgunum hava bok kimseyi sevmiyorum ,uzgun,can sıkkın yorgun hava bok kimse sev
üzülemeyecek yorgunum diyorum paramparça ,uzgun,üzül yorgun di paramparça
bırakın halime bitkinim yorgunum ,uzgun,bırak hal bitkin yorgun
lu halleyi bitirecek üzgünüm ,uzgun,lu halley bitir üzgün
üzgünüm benimle alakası kalmadı ,uzgun,üzgün ben alaka kal
değişik insan tanıma kotamın sonuna geldim üzgünüm canım ,uzgun,değişik insan tan kota son gel üzgün can
kendim dahil savunduğum üzgünüm ,uzgun,kendi dahil savun üzgün
çirkinlerin katlanılabilecek tarafı yok üzgünüm ,uzgun,çirkin katla taraf yok üzgün
bugün mutsuzum hava rüzgarlı rüzgarlı havalarda mutsuz olurum ,uzgun,bugün mutsuz hava rüzgar rüzgar hava mutsuz ol
uykumu alamadım mutsuzum ,uzgun,uyku al mutsuz
kafam içine sığmadı mutsuzum ,uzgun,kafa iç sığ mutsuz
umutsuzum kafama pisleyen kuştan medet umuyorum ,uzgun,umut kafa pisle kuş medet um
ihanet yolundan geçenleri yolun sonunda kırık kalp gözyaşı beklemektedir ,uzgun,ihanet yol geç yol sonunda kırık kalp gözyaş bekle
anneni ağlarken görmek sevgilinin terketmesi dostlarından kazık yemek hayatımın özeti ,uzgun,anne ağla gör sevgili terket dost kazık yemek hayat özet
üzgünüm üzdüm pişmanım sayende yaşarmadı gözüm düşman değilim ,uzgun,üzgün üz pişman saye yaşar göz düşman değil
ölmüşüz ağlayanımız yok kokmuşuz tuzlayanımız yok ,uzgun,öl ağla yok kok tuzla yok
boşvermek anlatsam ağlarsın ,uzgun,boşver anlat ağla
severek ayrılanlar bilirler ayrılığı severek ayrılanlar yaşarlar pişmanlığı ,uzgun,sev ayrıl bil ayrılığ sev ayrıl yaşa pişman
zamandır grip olmuyorum kötü bişeydir berbat hissediyorum kolumu zor kaldırıyorum gözlerim doluyor ,uzgun,zaman grip ol kötü bişeydir berbat hissed kol zor kaldır gözle dol
pişmanlık gelin anlatayım hasını ,uzgun,pişman gel anlat has
birşeyleri demekten yoruldum oluyorsa kafasındayım ,uzgun,birşey de yor ol kafa
yürek yorgun düştüğünde ter gözden akar ,uzgun,yürek yorgun düş ter göz ak
tiyatrodan geliyorum hoca rolleri dağıtçak sandım yanılmışım kırgınım ,uzgun,tiyatro gel ho rol dağıtçak san yanıl kırgın
ah keşke emin olabilsem manyağın teki davranıp duruyorsun üzgünüm ,uzgun,ah keşke emin ol manyağ tek davran dur üzgün
basketbolu özledim ,uzgun,basketbol özle
kepaze hayatı sürüklemekten yoruldum arkadaşlar ,uzgun,kepaze hayat sürükle yor arkadaş
çaya sigaraya kırgınım ara ,uzgun,çay sigara kırgın ara
hayat yıpratıyorsun ,uzgun,hayat yıprat
abimde burda olysadı keşke özledim ,uzgun,abi bur olysadı keşke özle
pişmanlık duyduğunuz varsa yakın gitsin ,uzgun,pişman duy var yakın git
üzüldüm üzülmedin ,uzgun,üzül üzül
yakın geleceği merak etmekten yoruldum geçmez ,uzgun,yakın gel merak et yor geç
geriye dönük tek pişmanlığım geriye dönmekti ,uzgun,geri dönük tek pişman geri dön
özledim insanları ordaki hayatımızı diyorum keşke tıp okusaydık senemiz olurdu ,uzgun,özle insan or hayat di keşke tıp oku sene ol
eskisi kalmayışınıza kırgınım ,uzgun,eski kal kırgın
laf anlatmaktan yoruldum kestim sesimi ,uzgun,laf anlat yor kes ses
aynı hüzün yol gözler gözüm ,uzgun,aynı hüzün yol gözle göz
pişmanlığım derin boğuluyorum ,uzgun,pişman derin boğ
bakkalda eczanede havalimanında yerde stres çarkı satılıyor stres çarkı görmekten strese girdim bitsin meret ağlayacam ,uzgun,bakkal eczane havaliman yer stres çark sat stres çark gör stres gir bit meret ağlayacam
banyo yapıp dots ost dinleyeceğim özledim ,uzgun,banyo yap dots ost dinle özle
michaelın kaş piercingini özledim renkli saçlarını ,uzgun,michaelın kaş piercing özle renk saç
kötü olamıyorum kırgınım üzgünüm ,uzgun,kötü ol kırgın üzgün
hepinize kırgınım kediler üzerine alınmasın ,uzgun,hep kırgın kedi üzerine alın
üzülüyorum kayıplarımı sayıp ,uzgun,üzül kayıp say
konyaspor adına üzüldüm hakem rakip davranıyor ,uzgun,konyaspor adına üzül hakem rakip davran
bıktım tükendim yeter acılardan ,uzgun,bık tüken yeter acı
keşke sivas maçı bugün olsaydı şimdiden özledim galatasarayımı ,uzgun,keşke sivas maç bugün ol şimdiden özle galatasaray
renge dönsem yüzümü hüzün ,uzgun,reng dön yüz hüzün
vakit ağladığın kalbine hüzün gölge etmesin uğraştım ,uzgun,vakit ağla kalb hüzün gölge et uğraş
hüzün olmaz hüzün sigaramı söndürüşümde ,uzgun,hüzün olmaz hüzün sigara söndür
değişmek zorunda bırakanlara kırgınım ,uzgun,değiş zor bırak kırgın
lisenin bitmesinin verdiği hüzün ,uzgun,lise bit ver hüzün
yorgunum üzerimden fil geçmiş hissediyorum ,uzgun,yorgun üzer fil geçmiş hissed
bugün yüzüm olmasa yakışıklı olacağımı söyledi kırgınım ,uzgun,bugün yüz ol yakışıklı ol söyle kırgın
şarkılarında hüzün aramızdan ayrılışında hüzünlü oldu allah makamını cennet eylesin ,uzgun,şarkı hüzün ara ayrıl hüzün ol allah makam cennet eyle
yapsam olmuyor gözüm terketmiyor hüzün ,uzgun,yap ol göz terket hüzün
bugünün adı yalnızlık hüzün ,uzgun,bugün ad yalnız hüzün
gecenin göğsünde hüzün yatar ah uzundur kuşatılanın gecesi sarmalayamadığından ,uzgun,gece göğs hüzün yat ah uzun kuşat gece sarmala
kelimelerle anlatılamayan şeylere kırgınım ,uzgun,kelime anlat şey kırgın
insanın yokluğunuzda mutlu olacağını bilmek mutsuz edici durum yok ,uzgun,insa yok mutlu ol bil mutsuz ed durum yok
hava mutsuz olmaya zorluyor ,uzgun,hava mutsuz ol zorl
mutsuzluktan saçlarımı kestirmekten bıktım mutsuz etmekten bıkmadılar ,uzgun,mutsuz saç kes bık mutsuz et bık
ağzımın tadı bozuk aralar ağlayasım ,uzgun,ağz tad bozuk arala ağla
kaderimiz mutsuz olmaktı ,uzgun,kader mutsuz ol
orta okul günlerimi özledim keşke geri dönebilsek ,uzgun,orta okul gün özle keşke geri dön
şükür bugünde mutsuz yattık kötü geceler ,uzgun,şükür bugün mutsuz yat kötü gecele
mutsuz bok olduğum uyuyamadım sürekli yazmak istiyorum burası klozet yer ,uzgun,mutsuz bok ol uyu sürekli yaz ist bur klozet ye
mutsuz yalnız fakirim uf ,uzgun,mutsuz yalnız fakir uf
vedaları sevmiyorum soguk acı mutsuz ,uzgun,veda sev soguk acı mutsuz
mutsuz doğdum ,uzgun,mutsuz doğ
yalnızlık ayrılmak istiyorum ,uzgun,yalnız ayrıl ist
ağlıyorum sebepli sebepsiz ağlıyorum ,uzgun,ağl sebep sebep ağl
vazgeçtim anlamlı mutsuz oluyorum rızamla ,uzgun,vazgeç anlam mutsuz ol rıza
mutsuzum tırnaklarıma mutsuzum saç tellerime mutsuz ,uzgun,mutsuz tırnak mutsuz saç tel mutsuz
ağlamaya gidiyorum ,uzgun,ağla gid
insanların pişmanlığı olmamak uğraşırken pişmanlığım oldu garip ,uzgun,insan pişman ol uğraş pişman ol garip
değilde kaybettiğim boşa harcadığım zamana üzüldüm ,uzgun,değilde kaybet boşa harca zaman üzül
önceden çabalardım yoruldum ,uzgun,önceden çabala yor
yorgunum boyle ayak bileklerimden asağısı sızlıyor sağ omzum çanta askısından cm çökmüş olabilir ,uzgun,yorgun boyle ayak bilek asağısı sızl sağ omz çanta askı cm çök ol
hayatımın zor zamanları askerlikti bitkinlik yorgunluk anlatılamaz ,uzgun,hayat zor zaman asker bitkin yorgun anlat
üzüldüm yazık oldu ayfon alıcam ayırdığım parayla ,uzgun,üzül yazık ol ayfon alıcam ayır para
sağanak yağmur yağınca arabam dışardaysa üzülüyorum ıslanıyor ,uzgun,sağanak yağmur yağ araba dışar üzül ıslan
bilinmedik hüzün içimde gariplik yalnızlık suçlu gece ,uzgun,bilinmedik hüzün iç garip yalnız suçlu gece
zor gelecek alışacaksın üzülmeye ,uzgun,zor gelecek alış üzül
bilinmedik hüzün içimde gariplik anladım fazlayım şehirde yada eksik ,uzgun,bilinmedik hüzün iç garip anla fazla şehir yad eksik
keşke vazgeçmek zorunda bırakmasaydın ,uzgun,keşke vazgeç zor bırak
çal hadi yalnızlık şarkısı hüzün keder dert dolsun içimize ,uzgun,çal hadi yalnız şarkı hüzün keder dert dol iç
insanlara bi anlatmaktan yoruldum kimsenin peşinden koşmakta istemiyorum ,uzgun,insan bi anlat yor kimse peş koş iste
bugün hain saldırıda hayatını kaybeden vatandaşlarımıza allahtan rahmet yakınlarına başsağlığı yaralılara acil şifalar diliyorum ,uzgun,bugün hain saldırı hayat kaybed vatandaş allahtan rahmet yakın başsağlığı yara acil şifa dil
önemli olanı unutmak önemsiz küçük şeyleri bunca detayla görmek bunlarla kaybediyoruz yoruluyoruz ,uzgun,önem ol unut önem küçük şey bunca detayla gör bu kaybed yor
istanbul şartları bitenden fazla etkilenip üzülmeye elden gelmemesine mutsuzluğu katlamaya birebir ,uzgun,istanbul şart bit fazla etkile üzül elden gel mutsuz katla birebir
tuncelideki kazada hayatını kaybedenlere üzüldüm yakınlarına sabır başsağlığı dilerim ,uzgun,tunceli kaza hayat kaybed üzül yakın sabır başsağlığı dil
baktırdığım falların başı çıkıyor sonu çıkmıyor falcı bacı falaaddine miktar kırgınım ,uzgun,bak fal baş çık son çık fal bacı falaaddine miktar kırgın
hayat ölene hissedilen zevklerden çekilen acılar çıkarıldığı geriye kalandır ,uzgun,hayat öl hissed zevk çekil acı çıkar geri kalandır
demin açtım ceylan ertem esmeri kara kara sevilmediğimi düşündüm üzücü ,uzgun,demin aç ceyla erte esmer kara kara sev düşün üz
hisleri tek taraflı yaşadığım kırgınım ,uzgun,his tek taraf yaşa kırgın
okulda kaybetmekten sıkıldım okul okul kara delik ,uzgun,okul kaybet sıkıl okul okul kara delik
bülent serttaşın mentionı üzdü gördüğümden kalbim kırık ,uzgun,bülent serttaş mentionı üz gör kalb kırık
,uzgun,nan
tuncelide helikopter kazasında kaybettiğimiz şehitlerimize allahtan rahmet dilerim büyük acı işıklar yatsınlar başımız sağolsun ,uzgun,tunceli helikopter kaza kaybet şehit allahtan rahmet dil büyük acı işıklar yat baş sağol
aynı düşünüp farklı dil konuşanlara üzülüyorum ,uzgun,aynı düşün fark dil konuş üzül
keşke suskunluğum saygımdan saygıyı geçtim kırgınım ,uzgun,keşke suskun saygı saygı geç kırgın
tükenmişlik sendromuna imde yakalandım ,uzgun,tüken sendrom im yakala
duygusal film izleyeyim dedim oturdum hayatıma ağlıyorum ,uzgun,duygu film izle de otur hayat ağl
bende hasta olmaya başladım sıkıntıdan ,uzgun,ben hasta ol başla sıkıntı
gün kötü güne uyanıyoruz ülkede ,uzgun,gün kötü gün uyan ülke
ağlıyorum hayal sahneleri bitirdi ,uzgun,ağl hayal sahne bitir
oturdum sıkıntıdan nat geo ahmak bilimini izliyorum kötü tartışmayalım isterseniz ,uzgun,otur sıkıntı nat geo ahmak bilim izl kötü tartış iste
farmakoloji dersini veremedik ağlayacağım sayın seyirciler ,uzgun,farmakoloji ders ver ağla sayın seyirci
anlamak istemeyen anlamak isteyenin vaktini çalmasa keşke ,uzgun,anla iste anla iste vakt çal keşke
onca çektiğim sıkıntıdan kimsenin acısı açıkcası umrumda ,uzgun,onca çek sıkıntı kimse acı açıkcası umrumda
moralim harbiden bozuk yav harbi baya kötüyüm ,uzgun,moral harbi bozuk yav harbi bay kötü
patetes cipsi dünyada koyamadığım tek yiyecek kötüyüm an ,uzgun,patetes cips dünyada koy tek yiyecek kötü an
üzgünüm hepimizin başı sağolsun insanlığın ,uzgun,üzgün hep baş sağol insan
üzüntüden ağlamaktan kirpiklerim dökülüyor güzel uzatacağım ağlıyorum ,uzgun,üzüntü ağla kirpik dök güzel uzat ağl
uykuyla dinlenemeyecek yorgunum ,uzgun,uyku dinlen yorgun
dert ortağım ayıcığımı kaybettim hüzünlüyüm ,uzgun,dert ortağ ayı kaybet hüzün
keşke çocukluğum karşımda dursa kerecik sarılabilsem ,uzgun,keşke çocukluğ karşı dur kere sar
kafam cam kırıklarıyla dolu doktor beynimin hareketinde düşüncelerim acıyor anlıyor ,uzgun,kafa cam kırık dolu doktor beyn hareket düşünce ac anl
kendimi üzgün hissediyorum dünya’ya kırgınım ,uzgun,kendi üzgün hissed dünya kırgın
keşke tek yanlışlarımız yazım yanlışları kalsaydı ,uzgun,keşke tek yanlış yaz yanlış kal
tuncelideki kazada hayatını kaybedenlere üzüldüm yakınlarına sabır başsağlığı dilerim ,uzgun,tunceli kaza hayat kaybed üzül yakın sabır başsağlığı dil
keşke hayal kırıklığı zayıflatsaydı güzel şimdiye yok olmuştum ,uzgun,keşke hayal kırık zayıfla güzel şimdi yok ol
hakkari çukurcada şehit düşen kozanlı piyade er yusuf demiryüreke allahtan rahmet kederli ailesine başsağlığı dilerim ,uzgun,hakkari çukurca şehit düş kozan piyade er yusuf demiryürek allahtan rahmet keder aile başsağlığı dil
hayal kurmazsan hayal kırıklığı olmaz üzülmezsin ,uzgun,hayal kur hayal kırık olmaz üzül
istanbul şartları bitenden fazla etkilenip üzülmeye elden gelmemesine mutsuzluğu katlamaya birebir ,uzgun,istanbul şart bit fazla etkile üzül elden gel mutsuz katla birebir
fedakarlıklara vefasız oluşunuza kırgınım ,uzgun,fedakar vefa ol kırgın
kadir akaras beyin babası vefat etmiş allah sabırlar versin kadir beye başsağlığı diliyorum ,uzgun,kadir akaras bey baba vefat et allah sabır ver kadir be başsağlığı dil
kadere kırgınım ,uzgun,kader kırgın
fotoğrafta dolmuş gözlerini hissettim kötü oldum ,uzgun,fotoğraf dolmuş göz hisset kötü ol
yarın dersaneye ağlayarak gitmemek erkenden yattım arka fonda uyku imkansız çalıyor an ,uzgun,yarın dersane ağla git erkenden yat arka fonda uyku imkan çal an
ağlıyorum an kötü oldum üzdünüz adamı ,uzgun,ağl an kötü ol üz ada
önemli olanı unutmak önemsiz küçük şeyleri bunca detayla görmek bunlarla kaybediyoruz yoruluyoruz ,uzgun,önem ol unut önem küçük şey bunca detayla gör bu kaybed yor
bugün hain saldırıda hayatını kaybeden vatandaşlarımıza allahtan rahmet yakınlarına başsağlığı yaralılara acil şifalar diliyorum ,uzgun,bugün hain saldırı hayat kaybed vatandaş allahtan rahmet yakın başsağlığı yara acil şifa dil
keşke dersimiz beden eğitimi olsaydı ,uzgun,keşke ders be eğitim ol
kanatlarını kırıp karşınızdakinin uçmasını bekliyorsunuz olmuyor keşke ,uzgun,kanat kır karşı uçma bekl ol keşke
duygusal dizi izleyince aniden gelen ağlama hissi ,uzgun,duygu diz izle aniden gelen ağla hissi
başım çatlıyor ağrıdan olabildiğince üzgünüm ,uzgun,baş çatl ağrı ol üzgün
keşke tek sosyal medya twitter kalsa bi anda insta çökse ,uzgun,keşke tek sosyal medya twitter kal bi an insta çök
beklemiyormuş yapıp içime dünya umudu sığdırmaktan yoruldum ,uzgun,bekle yap iç dünya umud sığ yor
hava soğuk yüzünden sarılamıyoruz yüzden kırgınım ,uzgun,hava soğuk yüzünden sar yüz kırgın
ufak abartı yok diyeceğimde günleri insanları anları özlemekten soldum tükendim halim kalmadı ,uzgun,ufak abartı yok di gün insan an özle sol tüken halim kal
muhteşem bi detaysın detaylara takılacak halim kalmadı ,uzgun,muhteşem bi detay detay takıl halim kal
insanların işi düşüklerinde aranan işlerini çözen insan olmaktan bıktım yoruldum ,uzgun,insan iş düşük aran iş çöz insan ol bık yor
liralık para üstünü bozuk para veren garanti atmye kırgınım ,uzgun,lira par üst bozuk par ver garanti atm kırgın
gayret et inan yoruldum ,uzgun,gayret et inan yor
hak yaşıyorsa yaptım mutsuzum ,uzgun,hak yaş yap mutsuz
yemin ederim hayatımın umutsuz dönemlerindeyim şeylere heves etmeye halim kalmadı ,uzgun,yem ed hayat umut dönem şey heves et halim kal
moralim bozuk ilgiye ihtiyacım uzakta ,uzgun,moral bozuk ilgi ihtiyac uzak
yaşımda ekmek almaya gönderen hayata parça kırgınım ,uzgun,yaş ekmek al gönder hayat parça kırgın
mutlu olmamı gerektirecek bi sebep mutsuzum ,uzgun,mutlu ol gerek bi sebep mutsuz
yerime yaşayabilir halim kalmadı ,uzgun,yer yaşa halim kal
moralim bozuk zamanlarda destek olacak olmalı yanında bende şans ,uzgun,moral bozuk zaman destek ol ol yanında ben şans
aslına bakarsan yoruldum kendimden ,uzgun,asl bak yor kendi
ders çalışsam mutsuzum çalışmayınca vicdan azabı çekiyorum mutsuzum ,uzgun,ders çalış mutsuz çalış vicdan azab çek mutsuz
beklemiyormuş yapıp içime dünya umudu sığdırmaktan yoruldum ,uzgun,bekle yap iç dünya umud sığ yor
alttan derslerimi sabahın körüne koyan sisteme kırgınım ,uzgun,alt ders sabah kör koy sistem kırgın
hayatta üzüldüm ağladım yıprandım yaptığım deneyim aldığım farklı rimel pişman olmadım ,uzgun,hayat üzül ağla yıpran yap deney al fark rimel pişman ol
moralim bozuk gülesim geliyor ,uzgun,moral bozuk gül gel
moralim bozuk sayfayı anlamadan okumuşum ,uzgun,moral bozuk sayfa anla oku
moralim bozuk zorla gülemiyorum ,uzgun,moral bozuk zorla gül
arkadaşlar moralim bozuk sigara kullanmıyorum yerime yakabilir ,uzgun,arkadaş moral bozuk sigar kullan yer yak
moralim bozuk canım sıkkın param yok ,uzgun,moral bozuk can sıkkın para yok
moralim bozuk iyi derdim yok varmış kötü değilim iyi değilim ,uzgun,moral bozuk iyi der yok var kötü değil iyi değil
sınav haftası ilgiye ihtiyacım moralim bozuk ,uzgun,sınav hafta ilgi ihtiyac moral bozuk
moralim bozuk bozuk bilmiyorum ,uzgun,moral bozuk bozuk bil
kendimle anlaşamadığım gibide kimseyle anlaşamıyorum yoruldum ,uzgun,kendi anlaş gibide kimse anlaş yor
moralim bozuk kalbim kırık ,uzgun,moral bozuk kalb kırık
moralim bozuk olduğunda herşeyi sorun haline getirip moralimi beter bozmak yeteneğim ,uzgun,moral bozuk ol herşey sor hal getir moral beter boz yeteneğ
moralim bozuk an internet kötü ağlıyorum ,uzgun,moral bozuk an internet kötü ağl
yazarken yüreğim parçalandı an mutsuzum ,uzgun,yaz yüreğ parçala an mutsuz
mutsuzum hastayım yorgunum parça merhamete hasretim güldürün bari ,uzgun,mutsuz hasta yorgun parça merhamet hasret güldür bari
yalnızım mutsuzum sıkıldım çalışmak istemiyorum açım ,uzgun,yalnız mutsuz sıkıl çalış iste açı
gece gece duvarımla uğraşıyorum sıkıldım ,uzgun,gece gece duvar uğraş sıkıl
aykut kocaman takımın başında haberiyle uyandım mutsuzum ,uzgun,aykut kocaman tak baş haber uyan mutsuz
mutsuzum ders çalışamıyorum odaklanamıyorum sınav haftam yaklaştı ders çalışamıyorum konudan eksiğim hayattan sıkıldım ,uzgun,mutsuz ders çalış odakla sınav hafta yaklaş ders çalış konu eksiğ hayat sıkıl
mutsuzum kalbim fiziksel duygusal acıyor anlayamıyorum ,uzgun,mutsuz kalb fizik duygu ac anla
mutsuzum ağlamak istiyorum ,uzgun,mutsuz ağla ist
kendimi mutsuz hissediyorum gerçekten mutsuzum sorguluyorum ,uzgun,kendi mutsuz hissed gerçekten mutsuz sorgul
laf cidden şişmanım mutsuzum keşke ölsem ,uzgun,laf cidden şişman mutsuz keşke öl
mutsuzum hemde sevmiyormuş geliyor ,uzgun,mutsuz hemde sev gel
tırnağım kırıldı mutsuzum sebep ,uzgun,tırnağ kır mutsuz sebep
bugün saat uyumak istiyorum yorgun mutsuzum anlatamam ,uzgun,bugün saat uyu ist yorgun mutsuz anlat
uzaylılar dünyadan sıkıldım gelin alın bi uzaylı istilasına ihtiyacım ,uzgun,uzay dünya sıkıl gel al bi uzay istila ihtiyac
hayat diskalifiye et gözünü seveyim tükendim ,uzgun,hayat diskalifiye et göz sev tüken
sıradan çinko karbon piller tükendim resmen ,uzgun,sıradan çinko karbon pil tüken resmen
belirsizliklerden sıkıldım net olun ,uzgun,belirsiz sıkıl net ol
haftaya sınavlarım başlıyor tükendim ,uzgun,hafta sınav başl tüken
gündür soğuk şimdiden tükendim ,uzgun,gün soğuk şimdiden tüken
kendimi güçlü hissetmiyorum tükendim ,uzgun,kendi güçlü hisset tüken
tükenmişlik sendromuna yeni boyutlar getirecek tükendim ,uzgun,tüken sendrom yeni boyut getir tüken
kendimi lime lime kesip ölmeyi beklemek istiyorum içime içime üzülmekten kimseye anlatmamaktan tükendim ,uzgun,kendi lime lime kes öl bekle ist iç iç üzül kimse anlat tüken
kalan gücümle geldim derken şaka yapmıyodum tükendim bileye gücüm kalmadı ,uzgun,kal güc gel derken şaka yapmıyodum tüken bile güc kal
sıkıldım azcık tarafa doğru sıkılıyım ,uzgun,sıkıl az taraf doğru sıkı
olmayınca zorlamaktan tükendim çıksın zorlasın olmazları ,uzgun,ol zorla tüken çık zorla olmaz
yıkılan köprüleri inşa ediyorum tuğla koymuyor sunuz yoruldum…gerçekten yoruldum ,uzgun,yık köprü inşa ed tuğla koy sunuz yoruldumgerçekten yor
gayret et inan yoruldum ,uzgun,gayret et inan yor
insanlar espiri yapmasın gün boyunca yoruldum ,uzgun,insan espiri yap gün boyunca yor
dokunduğumda yanmaktan yoruldum ,uzgun,dokun yan yor
bazılarına kırgınım kırgın olduğumu söylemeyecek ,uzgun,bazı kırgın kırgın ol söyle
çevremde kimseyle konuşmak istemiyorumicimde fırtınalar kopuyormutlu görünmekten yoruldum ,uzgun,çevre kimse konuş istemiyorumicimde fırtına kopuyormutlu görün yor
sene kurtulcam şehirden demekten yoruldum sal kış yeter ,uzgun,se kurtulcam şehir de yor sal kış yeter
gözlerimi açmışken bakar yapıp dünyayı seyretmene kırgınım ,uzgun,göz aç bak yap dünya seyret kırgın
cidden sıkıldım resmen rezillik yeter bıktım ,uzgun,cidden sıkıl resmen rezil yeter bık
hayatımın yarısı yediğim kazıkları çıkarmakla geçti yıprandım ,uzgun,hayat yarı ye kazık çıkar geç yıpran
kendimden taşınmak istiyorum yıprandım yeni sıfır lazım ,uzgun,kendi taşın ist yıpran yeni sıfır lazım
okumaktan bıktım bunaldım yıprandım ,uzgun,oku bık bunal yıpran
mahvoldum bittim sıkıldım bunaldım üzüldüm tükendim yıprandım kelimeleri ,uzgun,mahvol bit sıkıl bunal üzül tüken yıpran kelime
sıkıldım yoruldum insanların plana çıkma istekleri istekleri çıkarları yıprandım ,uzgun,sıkıl yor insan plan çıkma istek istek çıkar yıpran
sıkıldım sıkılmadınız gençler saat geçmiyor ,uzgun,sıkıl sıkıl genç saat geç
kırgınım özrün telafi edemeyeceği yoruldum yıprandım üzen kıran herkesten vazgeçtim ,uzgun,kırgın özr telafi ed yor yıpran üz kıran herkes vazgeç
geçmişte yıprandım yüzden geleceğimi umursamıyorum ,uzgun,geçmiş yıpran yüz geleceğ umursa
haftalardır çantamda kitap gezdirip türlü okumaya fırsat bulamıyorum yıprandım ,uzgun,haf çanta kitap gez türlü oku fırsat bul yıpran
bildiğim tek fazlasıyla yıprandım fazlasıyla tükendim senelerce beklemek yordu yordu hayal ettiğim güzel günler gelsin artk ,uzgun,bil tek fazlasıyla yıpran fazlasıyla tüken sene bekle yor yor hayal et güzel günle gel artk
dgslilerin sorunu integral trigonometrişimdi okuyacaksın sorusuyoruldum anlatmaktan ,uzgun,dgslilerin soru integral trigonometrişimdi oku sorusuyoruldum anlat
of mesaj atmamış günaydın kırgınım ,uzgun,of mesaj at günaydın kırgın
kayboldum yoruldum kaçmadım savaş yanlısı saçlarından ,uzgun,kaybol yor kaç savaş yanlı saç
keşke sorunlarımı uyuyarak çözebilseydim uyumayıp çözmeye çalışıp üstüne çözemiyorum yaşayamıyorum hayatı ,uzgun,keşke sorun uyu çöz uyu çöz çalış üstüne çöz yaşa hayat
batak oynayan gelsin sıkıldım anam ,uzgun,batak oyna gel sıkıl ana
yoruldum herşeyden yanlış durakta indiğimi ana caddeye çıkınca anladım ,uzgun,yor herşey yanlış durak in ana cadde çık anla
yorgunsun sorusuna cevap aramaktan sormasınlar gülümsemekten yoruldum ,uzgun,yorgun soru cevap ara sor gülümse yor
okula gün gitmedim fare kesmişler şarj aletimi yurtta unuttum mutsuzum ,uzgun,okul gün git fare kes şarj alet yurt unut mutsuz
mutsuz olacak buldum kendime mutsuzum ,uzgun,mutsuz ol bul kendi mutsuz
içimde bok his mutsuzum ,uzgun,iç bok his mutsuz
mutsuzum hastayım güldür doktor ,uzgun,mutsuz hasta güldür doktor
mutsuzum heidinin pislik claranın evinde hapsolduğu bölümleri izleyip ağlıyorum ,uzgun,mutsuz heidi pislik clara ev hapsol bölüm izle ağl
şaşırmayı unuttuğumdan mutsuzum yüzden acemi arıyorum sokakta ,uzgun,şaşır unut mutsuz yüz acemi ar sokak
başım ağrıyor açlıktan bayılmak üzereyim mutsuzum ,uzgun,baş ağr açlık bayıl üzere mutsuz
arkadaşlar tükendim edin ,uzgun,arkadaş tüken ed
ay tükendim nokta vizeler tükenmedi tükenmez kalem tükendi ,uzgun,ay tüken nokta vize tüken tükenmez kale tüken
ay galiba tükendim emin değilim bence tükendim ,uzgun,ay galiba tüken emin değil bence tüken
yolda yürürken birden yere oturup tükendim yeter istiyorum ,uzgun,yol yürü birden yer otur tüken yeter ist
tükendiğimi anlatamıyorum tükendim ,uzgun,tüken anlat tüken
acı insanı güçlü yapıyor yıprandım güçlüyüm ,uzgun,acı insa güçlü yap yıpran güçlü
uzaklardan feryat ediyorum çamurlandım kirlendim yıprandım manasız herşey herşey anlamsız ,uzgun,uzak feryat ed çamur kirlen yıpran mana herşey herşey anlam
farkettim gündür tweetlerimde vize kelimesi göze çarpıyor yıprandım ,uzgun,farket gün tweet vize kelime göze çarp yıpran
arkadaşlarımızı verip tabak mantı alabilsek keşke ,uzgun,arkadaş ver tabak mantı al keşke
hayatımın yarısı yediğim kazıkları çıkarmakla geçti yıprandım ,uzgun,hayat yarı ye kazık çıkar geç yıpran
not görmekten sınava girmekten öğk geldi gün robot aynı şeyleri yapmaktan bıktım kuscam ,uzgun,not gör sınav gir öğk gel gün robot aynı şey yap bık kuscam
bıktım bıktım insanların aptal koymasından bıktım ,uzgun,bık bık insan aptal koy bık
haftadır sürekli limonlu sıcak su içmekten bıktım yeter hastalık peşimi bırak ,uzgun,haf sürekli limon sıcak su iç bık yeter hastalık peş bırak
insanlardan insanlara laf anlatmaktan gerçekten sıkıldım ,uzgun,insan insan laf anlat gerçekten sıkıl
fiziğin yeniden yeniden yeniden allah belasını versin yeter bıktım ,uzgun,fiziğ yeniden yeniden yeniden allah bela ver yeter bık
bebeler hasta olucam üşüyorum başım ağrıyor burnum ağrıyor halsizim mutsuzum benimle ilgilenin ,uzgun,bebe hasta olucam üş baş ağr burn ağr hal mutsuz ben ilgilen
ergenliklerinizden sıkıldım ,uzgun,ergenlik sıkıl
sensiz mutsuzum ziyanım kayıbım ölü adamım ,uzgun,sen mutsuz ziyan kayıb ölü adam
evime tablo almıştım çogzel çerçeveleri kırık geldi iade ettim beğenerek almıştım mutsuzum ,uzgun,ev tablo al çogzel çerçeve kırık gel iade et beğen al mutsuz
gratise giden varsa hediye alsın mutsuzum ,uzgun,gratis gid var hediye al mutsuz
mutsuzum çiğköfte yemem lazım makarna yemem lazım alışveriş yapmam lazım ,uzgun,mutsuz çiğköfte ye lazım makarna ye lazım alışveriş yap lazım
hastanede kullandığım beyaz kalemim kırıldı mutsuzum ,uzgun,hastane kullan beyaz kalem kır mutsuz
yıldım yıprandım soldum anlatılabilir bilmiyorum anlayın ,uzgun,yıl yıpran sol anlat bil anla
yıprandım para cezasına çevirelim lütfen ,uzgun,yıpran par ceza çevir lütfen
üzgünüm tekrar birine kendimi anlatabileceğimi sanmıyorum ,uzgun,üzgün tekrar biri kendi anlat san
kırıldım döküldüm yıprandım kimsenin haberi yok ,uzgun,kır dök yıpran kimse haber yok
vize haftasında yıprandım ,uzgun,vize hafta yıpran
üzgünüm gayet mantıklı konuşuyorum anlayamıyorsunuz ,uzgun,üzgün gayet mantık konuş anla
saat an once olabilir bunaldım ,uzgun,saat an once ol bunal
vizelerden bunaldım sabahı ülkeyi terkedeceğim ,uzgun,vize bunal sabah ülke terked
keşke insanlara kendime güvenseydim azından yarı yolda kalmazdım ,uzgun,keşke insan kendi güven az yarı yol kal
düşündüm bunaldım yeter eve tıkılıp kaldım çalış çalış coşmak lazım ,uzgun,düşün bunal yeter ev tık kal çalış çalış coş lazım
hissetmediğim özgür olmadığım mutsuz düşünemeyeceğim umutsuzum ,uzgun,hisset özgür ol mutsuz düşün umut
yorgunum uykusuzum hastayım umutsuzum kötüsü mutsuzum tabikide okulla ilgisi ,uzgun,yorgun uyku hasta umut kötü mutsuz tabikide okul ilgi
kardeşime asphalt oynasın bilgisayarı verdim pişmanım ,uzgun,kardeş asphalt oyna bilgisayar ver pişman
umuda sarılarak yaşıyorum umutsuzum ,uzgun,umu sar yaş umut
bayanlar ligine bahis almış umutsuzum keyifsizim halsizim başakşehir ,uzgun,bayan lig bahis al umut keyif hal başakşehir
iyi çaba sarf etmekten sıkıldım ,uzgun,iyi çaba sarf et sıkıl
gece senedir benimle emektar arkadaşım canım kalemimi kaybettik üzgünüm ,uzgun,gece se ben emektar arkadaş can kalem kaybet üzgün
üzgünüm yitirdiğiniz canlarınız hemde ölmenize sevinen öküzler ,uzgun,üzgün yitir can hemde öl sevin öküz
odamda örümcek fazla üzgünüm yerim kaşınmaya başladı kocaman ,uzgun,oda örümcek fazla üzgün ye kaşı başla kocaman
okuldan erken çıktım yüzyılın olayları yaşanıyordur kesin an üzgünüm ,uzgun,okul erken çık yüzyıl olay yaşa kesin an üzgün
kafamı toparlayamıyorum kere gözlerim daldığında düzelemiyorum iyice tükendim bittim yokum ,uzgun,kafa toparla ker gözle dal düzel iyi tüken bit yok
biriniz yüzünden hepinize duvarlar ördüm üzgünüm ,uzgun,biri yüzünden hep duvar ör üzgün
gratis nolur indirim yapma tükendim ,uzgun,gratis nolur indirim yap tüken
bende tükendim ziyadesiyle insanlar bizzat tarafımdan ,uzgun,ben tüken ziyadesiyle insan bizzat taraf
kendime sürekli saksıyı çalıştır glikoz harca tükendim ,uzgun,kendi sürekli saksı çalış glikoz harca tüken
üniversite okumaya kalkan aklıma tüküreyim tükendim ,uzgun,üniversite oku kalk akl tükür tüken
yolda yürürken birden yere oturup tükendim yeter istiyorum ,uzgun,yol yürü birden yer otur tüken yeter ist
moralim bozuk hadi moral depolayın ,uzgun,moral bozuk hadi moral depola
moralim bozuk baya bozuk bozuk varya ,uzgun,moral bozuk bay bozuk bozuk vary
an moralim bozuk kulaklığımı unutmuşum güne puanım ,uzgun,an moral bozuk kulak unut gün puan
gratiste indirim mutsuzum ,uzgun,gratis indirim mutsuz
kokoreç yerken canım yanıyor mutsuzum ,uzgun,kokoreç ye can yan mutsuz
mutsuzum yatağıma yatıp şarkı dinleyerek uykuya dalmak istiyorum sonsuza yataktan çıkmamakta tek hayalim ,uzgun,mutsuz yatağ yat şark dinle uyku dal ist sonsuz yatak çık tek hayal
yeni aldığım kıyafetlerimi yerde unuttum bilmiyorum mutsuzum efkarlıyım ,uzgun,yeni al kıyafet yer unut bil mutsuz efkarlı
hesaplamalarıma düzenli sporu bıraktığımdan mutsuzum ,uzgun,hesapla düzenli spor bırak mutsuz
sensiz mutsuzum ziyanım kayıbım ölü adamım ,uzgun,sen mutsuz ziyan kayıb ölü adam
yarın okula gitmek istemiyorum şimdiden anneme karnım ağrıyor ağlıyorum umarım sabahta inanır gitmem ,uzgun,yarın okul git iste şimdiden anne karn ağr ağl um sabah inan git
şeytan diyor sat evi arabayı bitcoine para göm iken almadım pişmanım ,uzgun,şeytan di sat ev araba bitcoin par göm iken al pişman
hayrından umutsuzum getirme bari şerrini ,uzgun,hayr umut getir bari şerr
üzgün mutsuz üstelik umutsuzum ,uzgun,üzgün mutsuz üstelik umut
mutsuzum umutsuzum çare yok yarına vizelerde geldiğim nokta ,uzgun,mutsuz umut çare yok yar vize gel nokta
yorgunum mutsuzum umutsuzum üçgenin kahrolup gidicem ,uzgun,yorgun mutsuz umut üçgen kahrol gidi
zorla gezmeye götürülüyorum ağlayacağım ,uzgun,zorla gez götür ağla
sporda yıldız tilbe dinliyorum umutsuzum ,uzgun,spor yıldız tilbe dinl umut
fal kapatmıyorum umutsuzum ,uzgun,fal kapat umut
saatlik yoldan turşu getir bozuk çıksın moralim bozuldu ,uzgun,saat yol turşu getir bozuk çık moral bozul
moralim bozuk telefon aldım moralim düzelmedi uçurumdan atın ,uzgun,moral bozuk telefon al moral düzel uçur at
moralim bozuk gün fazla online olamam hakkınızı helal edin ,uzgun,moral bozuk gün fazla online ol hakk helal ed
puscifer yeni keşfettiğim pişmanım ,uzgun,puscifer yeni keşfet pişman
bugün hepimiz erken yatıcaz moralim bozuk ,uzgun,bugün hep erken yatıcaz moral bozuk
özledim uzak durmak zorundayım acıyı bilemezsin ,uzgun,özle uzak dur zor acı bil
huzursuzum mutsuzum iyiler gidiyor dünyayı kötüler sardı duvar üzerime geliyor ,uzgun,huzur mutsuz iyi gid dünya kötüle sar duvar üzer gel
montreal’de hava dereceymiş moralim bozuk ,uzgun,montreal hava derece moral bozuk
moralim bozuk avrupa yakası izleyip moralimi düzeltmeye çalışıyorum an ,uzgun,moral bozuk avrupa yak izle moral düzelt çalış an
keşke verdiğimiz değere değseniz ,uzgun,keşke ver değer değ
küfür üzgünüm yakışmadı ,uzgun,küfür üzgün yakış
anam zorla akraba ziyaretine götürüyor üzgünüm ,uzgun,ana zorla akraba ziyaret götür üzgün
doğru kabul edemem üzgünüm ,uzgun,doğru kabul ed üzgün
bence türkiye diyet yapılabilecek ülke üzgünüm ,uzgun,bence türki diyet yap ülke üzgün
kendime zor katlanıyorum boş triplerinizi çekemem üzgünüm ,uzgun,kendi zor katlan boş trip çek üzgün
bugün hayat yordu yemin ederim yıprandım fanusta yaşıyorum ,uzgun,bugün hayat yor yem ed yıpran fanus yaş
gözlerinin yeşilini ormanın yeşilini özledim ,uzgun,göz yeşil orman yeşil özle
şeyin bilincindeyim keşke olmasam ,uzgun,şey bilinc keşke ol
yoruldum yıprandım tükendim sefer harbi bittim ,uzgun,yor yıpran tüken sefer harbi bit
keşke umutlarımı kaybettiğim anda mucize an ,uzgun,keşke umut kaybet an mucize an
üzgünüm üzdüm pişman değilim ,uzgun,üzgün üz pişman değil
hayal kırıklığı yaşamaktan yıprandım ,uzgun,hayal kırık yaşa yıpran
umarım gözlüğüm gelmiştir özledim ,uzgun,um gözlüğ gel özle
büyü sanırım üstümde mutlu olacakken birileri bozuyor vallahi bıktım ,uzgun,büyü san üst mutlu ol biri boz vallahi bık
anasayfam özledim tweetleri görüyorum özlesin ,uzgun,anasayfa özle tweet gör özle
bıktım takipçiden unf atın azalsın artsın ,uzgun,bık takip unf at azal art
üstüm başım dağınık bıktım dünyadan karanlık çıkarın burdan ,uzgun,üst baş dağınık bık dünya karanlık çıkar bur
üzüldüm yedirdiğin dutlara sayıyorum ,uzgun,üzül yedir dut say
özledim söyleyeceklerim kısa derin ,uzgun,özle söyle kısa derin
köyde yaşadığım günleri inekleri otlatmayı özledim ,uzgun,köy yaşa gün inek otla özle
yanıldığımı sanmıştım üzüldüm bugün gördüm kimseye güvenmemek gerekiğini anladım ,uzgun,yanıl san üzül bugün gör kimse güven gerekiğini anla
uykuyu otobüste uyuyarak tükettiğim üzgünüm ,uzgun,uyku otobüs uyu tüket üzgün
aşırı yorgun mutsuzum galiba hayattan beklentim yok ,uzgun,aşırı yorgun mutsuz galiba hayat beklenti yok
dönüş vakti içimde dem hüzün ,uzgun,dönüş vakt iç de hüzün
günden evet sevdiğim unutmak istediğim günden mutsuzum ,uzgun,gün evet sev unut iste gün mutsuz
aramızda kalsın demeseydin keşke üzgünüm sevdiceğim ,uzgun,ara kal de keşke üzgün sevdiceğim
bugün yorgun mutsuzum an ölmek istiyorum ,uzgun,bugün yorgun mutsuz an öl ist
maraşa gittiği mutsuzum ,uzgun,maraş git mutsuz
bugün fotoğraf çekilme arkadaşım ekildim taksimin göbeğinde mutsuzum ,uzgun,bugün fotoğraf çekil arkadaş ek taksi göbeğ mutsuz
tükenmişlik sendromu yaşıyorum gerçekten tükendim ,uzgun,tüken sendrom yaş gerçekten tüken
alesi formasyon sınavı sınavı galiba tükendim edin ,uzgun,ales formasyon sınav sınav galiba tüken ed
üzgünüm mutsuz olduğumda sezen aksu dinlerim ,uzgun,üzgün mutsuz ol sez aksu dinle
güçlü olmamı bekliyor gerçekten tükendim ,uzgun,güçlü ol bekl gerçekten tüken
kitap okumayı özledim ,uzgun,kitap oku özle
vizeler bitti bende bittim tükendim yeminle ,uzgun,vize bit ben bit tüken yem
naifçe gayrimeşru kovalardık özledim yılları ,uzgun,naif gayrimeşru kovala özle yıl
hafız ağlatma üzgünüm ,uzgun,hafız ağla üzgün
özledim diyorsun mektubunda kuru özledim yazdı yanık yüreğin ,uzgun,özle di mektub kuru özle yaz yanık yüreğ
kaygılı insanlarla dertleşmeyi seviyorum anlaşıldığımı hissediyorum bıktım abartma boşver diyenlerden ,uzgun,kaygı insan dertleş sev anlaş hissed bık abart boşver di
yazılılar engelliyor bıktım bıktım stresinden kendisinden ,uzgun,yazılı engell bık bık stres kendi
anlayışlı taklidi yapmaktan bıktım toplu katliam yapıcam olucak ,uzgun,anlayış taklidi yap bık toplu katliam yapıcam olucak
grip oldum bıktım ,uzgun,grip ol bık
bıktım beleşçisiniz arkadaşlar ,uzgun,bık beleş arkadaş
ingilizce dersler çalışmaktan bıktım an vizeler bitse portekizce almanca ispanyolca çalışmaya geri dönsem ,uzgun,ingilizce ders çalış bık an vize bit portekizce almanca ispanyolca çalış geri dön
instagramda yanlışlıkla kalp göndermekten bıktım kaldırın özelliği ,uzgun,instagram yanlışlıkla kalp gönder bık kaldır özelliğ
of dertlendim durduk yere resmen boş vakitlerimde hobi kendime dert ediniyorum ,uzgun,of dertlen dur yer resmen boş vakit hobi kendi dert edin
ceren dalga geçti gece gece dertlendim ,uzgun,ceren dalga geç gece gece dertlen
anlat karadeniz paylaşımlarından bıktım ,uzgun,anlat karadeniz paylaşım bık
gelmemi bekliyorlar bıktım inşaat sesinden ,uzgun,gel bekl bık inşaat se
üzgünüm destek olamıyorum sonu malum misafirlik ,uzgun,üzgün destek ol son malum misafir
gündür dershaneye gitmiyorum özledim galiba ,uzgun,gün dershane git özle galiba
bugün yıkığım biliyor bezginim çaresizim umutsuzum ,uzgun,bugün yıkığ bil bezgin çare umut
emin olma duygusunu özledim elimi atsam şüphe ,uzgun,emin ol duygu özle el at şüphe
merhaba antalyadan gidiyorum hüzünlüyüm ,uzgun,merhaba antalya gid hüzün
bugün güne yarın kmaraşa gideceğimi hatırlayarak uyandım hüzünlüyüm ,uzgun,bugün gün yarın kmaraşa gid hatırla uyan hüzün
trabzondayken evde olduğum saat hüzünlüyüm ,uzgun,trabzon ev ol saat hüzün
gece kankalarımı kaybettim hüzünlüyüm elleşmeyin ,uzgun,gece kanka kaybet hüzün el
gereksiz kayıpları köpek pişmanım lan ,uzgun,gerek kayıp köpek pişman lan
bugün fatih istanbulu fethedemeden bitirdik okulu hüzünlüyüm ,uzgun,bugün fatih istanbul fethed bitir okul hüzün
yarın deneme sınavı gün boyunca uyuyacaktım hüzünlüyüm ,uzgun,yarın deneme sınav gün boyunca uyu hüzün
kendimi savunmaktan yoruldum demekten bıkmadınız ,uzgun,kendi savun yor de bık
yoruldum cidden düşünmekten yoruldum ,uzgun,yor cidden düşün yor
ihtimallerden yoruldum olmucaksa olmasın ,uzgun,ihtimal yor olmucaksa ol
tren camından dünyayı gördüm haline üzüldüm ,uzgun,tren cam dünya gör hal üzül
naim süleymanoğlu vefat etmiş üzüldüm mekanı cennet hoşçakal dev adam ,uzgun,naim süleymanoğlu vefat et üzül mekan cennet hoşçakal dev ada
yalan söylediğine üzülmedim inanamayacağıma üzüldüm ,uzgun,yalan söyle üzül inan üzül
şehitlerimiz üzgünüm allah makamına erdirsin milletimizin başı sağolsun ,uzgun,şehit üzgün allah makam er millet baş sağol
üzgünüm yanıcak canım kalmadı ,uzgun,üzgün yanıcak can kal
kötüyüm kankalarımdan tanesi italya’ya tanesi askere gidiyor ,uzgun,kötü kanka tane italya tane asker gid
terkettin çağırdın kırdın sitem ettin kötüyüm ,uzgun,terket çağır kır site et kötü
mutsuzum adonisimi kaybedersem mutsuz olucam alışverişi ,uzgun,mutsuz adonis kaybed mutsuz olucam alışveriş
gratise vereceğim parayı kpss kitaplarına verdiğim fazlaca mutsuzum ,uzgun,gratis ver para kpss kitap ver fazla mutsuz
kırgınım tarifi yok ,uzgun,kırgın tarif yok
ragnar öldü aşırı mutsuzum vize haftası koymamıştı ,uzgun,ragnar öl aşırı mutsuz vize hafta koy
aşkım kötüyüm hemen istemeye gelebilir misiniz ,uzgun,aşk kötü hemen iste gel mi
kalbim dayanamayacak ağlıyorum… telefonu bırakıyorum… kötüyüm ,uzgun,kalb dayan ağl telefon bırak kötü
kimseye ücretsiz arkadaşlık hizmeti vermiyorum çiçek çocuğum yıprandım ,uzgun,kimse ücret arkadaş hizmet ver çiçek çocuğ yıpran
duyguları kaybettiğimiz üzgünüm ,uzgun,duygu kaybet üzgün
ister “seni özledim” mesaj geliyormuş ,uzgun,ister se özle mesaj gel
allahım yıprandım bi işe yaramam ölebilir miyim lütfen ,uzgun,allah yıpran bi işe yar öl mi lütfen
sığ yüzümü kapattığım saçlarımı kestirdiğimden pişmanım ,uzgun,sığ yüz kapat saç kes pişman
birileri anlasın tükendim yıprandım yoruldum ,uzgun,biri anla tüken yıpran yor
yıllar aradım haklı bendim pişmanım aradığım ,uzgun,yılla ara hak bend pişman ara
uyumadığım zamanlar pişmanım ,uzgun,uyu zamanla pişman
herkesten bunaldım anlatamam ,uzgun,herkes bunal anlat
yavşağın ses azer bülbül açmış durduk yere dertlendim ,uzgun,yavşağ ses azer bülbül aç dur yer dertlen
lig düştük iyi dertlendim bak ,uzgun,lig düş iyi dertlen bak
olamadıklarım üzgünüm olduklarımla kabullen ,uzgun,ol üzgün ol kabullen
yorgunum tükendim duyup görüyorum ,uzgun,yorgun tüken duy gör
harcadığım boşa pişmanım ,uzgun,harca boşa pişman
askıya alınan hesaplarım özlediler özledim ,uzgun,askı alın hesapla özle özle
tükendim yaraları açan dağılmıyor içimdeki duman ,uzgun,tüken yara aç dağıl iç duma
kreşte öğlen uykusuna yatırıyorlar ağladığım günler pişmanım ,uzgun,kreş öğle uyku yatır ağla günle pişman
gitmekten yoruldum kenarda oturup soluklanmak istiyorum ,uzgun,git yor kenar otur soluklan ist
bıktım şeyin şeyliğinden bıktım ,uzgun,bık şey şey bık
bilgilerin fazla puan eksik sınav kağıdımdan alabiliyorum amk bıktım ,uzgun,bilgi fazla puan eksik sınav kağıd al amk bık
fındık kabuğunu doldurmayan meseleleri kafama takmaktan bıktım ,uzgun,fındık kabuğ doldur mesele kafa tak bık
lise sıralarında tuğçeyle internetinden fi izlemeyi özledim be ,uzgun,lise sıra tuğçe internet fi izle özle be
of bunaldım durumlarda yapcağımı bulabilmiş değilim ,uzgun,of bunal durum yapcağımı bul değil
of senedir okula gelip gitmekten bunaldım sıralar geldin diyor ,uzgun,of se okul gel git bunal sırala gel di
kötüyüm hastalık geçicek ,uzgun,kötü hastalık geçicek
üzülüyorum sıkılıyorum kötüyüm ,uzgun,üzül sıkıl kötü
üzgünüm tekrar birine kendimi anlatabileceğimi sanmıyorum ,uzgun,üzgün tekrar biri kendi anlat san
arkadaşlarla yazın kaçmak tek çarem kolumu kırıp rapor almak üzgünüm ,uzgun,arkadaş yazın kaç tek çare kol kır rapor al üzgün
akıl teselli veriyorum kendime gelince dokunsalar ağlayacağım ,uzgun,akıl teselli ver kendi gel dokun ağla
beklemekten yoruldum nefesim tükeniyor ,uzgun,bekle yor nefes tüken
saat gördüğüm an özledim ağlıyorum allahım ,uzgun,saat gör an özle ağl allah
gel gör kötüyüm bugün sesime ses değse çığlık ,uzgun,gel gör kötü bugün ses ses değ çığlık
dünyadaki kötü zamanını göz boşa harcadığını görmek iliklerime pişmanım anasını satayım ,uzgun,dünya kötü zaman göz boşa harca gör ilik pişman ana sat
kuş banyoya girmiş çıkmıyor giremiyorum yüzden ağlayacağım ,uzgun,kuş banyo gir çık gir yüz ağla
kredi kartının kullanma tarihini sorduğumda kullandım diyen annemi üzdüğüm günler pişmanım ,uzgun,kredi kart kullan tarih sor kullan di anne üz günle pişman
markete gidip dünyayı alıp evde dizi izleyerek ağlayacağım yarın okullar açılıyor ,uzgun,market gid dünya al ev diz izle ağla yarın okul açıl
pişmanım kitap okumadığım ,uzgun,pişman kitap oku
mcrı özledim three cheers dinleyip ağlayacağım ,uzgun,mcrı özle three cheers dinle ağla
üzgünüm iyice olmaktan çıktım ,uzgun,üzgün iyi ol çık
jahovic’in konya’ya gitmesine evladım evi terk etmişcesine üzüldüm ,uzgun,jahovicin konya git evlad ev terk etmişcesine üzül
alsın dışarda sıkıldım ,uzgun,al dışar sıkıl
oclock dinliyorum kötüyüm birazdan sea dinliyecem ,uzgun,oclock dinl kötü birazdan sea dinliyecem
yaşında görünmekten sıkıldım yeminlen sıkıldım keşke saçlarım ağarsa ,uzgun,yaş görün sıkıl yemin sıkıl keşke saç ağar
unflamak istiyorum sıkıldım ,uzgun,unflamak ist sıkıl
derdimi kendime anlatmakdan sıkıldım ,uzgun,derd kendi anlatmakdan sıkıl
gün birilerine yol vermekten sıkıldım uzun süre tek kalmayı tercih ediyorum ,uzgun,gün biri yol ver sıkıl uzun sür tek kal tercih ed
kendimi birilerine anlatmaktan sıkıldım soranlara boş adam imajı çiziyorum ,uzgun,kendi biri anlat sıkıl sor boş ada imaj çiz
burdan sıkıldım olmazdı ,uzgun,bur sıkıl ol
işime gideyim sıkıldım bitmeyen pazardan ,uzgun,iş gid sıkıl bit pazar
den kadınları anlamak zor bence amcalara babama üzülüyorum ,uzgun,de kadın anla zor bence amca baba üzül
diyelim gece kötüyüm teselli edersiniz ,uzgun,di gece kötü teselli ed
abounun gol atabilme ihtimalini düşündükçe üzülüyorum ,uzgun,abou gol at ihtimal düşün üzül
arkadaşlarımın aileleriyle sorunlarını duyunca üzülüyorum ailem sonsuz şükrediyorum ,uzgun,arkadaş aile sorun duy üzül aile sonsuz şükred
üzülerek söylüyorum üzülüyorum ,uzgun,üzül söyl üzül
yapraksız ağaçları görünce üzülüyorum öylede ruh halim ,uzgun,yaprak ağaç gör üzül öyle ruh halim
üzülüyorum neye bilmiyorum hatırlamıyorum ,uzgun,üzül ne bil hatırla
bakın aklıma geldi giresun karşılaması öğretmiyorsunuz üzülüyorum ,uzgun,bak akl gel giresun karşıla öğret üzül
çiçeklerin boynunu bükmesine üzülüyorum kış gelmesin ,uzgun,çiçek boyn bük üzül kış gel
ders çalışınca canım sıkılıyor çalışmayınca üzülüyorum ,uzgun,ders çalış can sıkıl çalış üzül
azıcık yüreği varsa ig hilvees eljackson hesaplarına baksın yokmuş tükendim ,uzgun,azıcık yüreğ var ig hilvees eljackson hesap bak yok tüken
lise bitsin kurtulalım dediğim günler pişmanım ,uzgun,lise bit kurtul de günle pişman
hocam tükendim notunuz yapamadık fazlasıyla verdiniz notları ,uzgun,hoca tüken not yap fazlasıyla ver not
doktora ilaçlarımı söylerken yoruluyorum içmesi yutmadı oy tükendim ,uzgun,doktor ilaç söyle yor iç yut oy tüken
şanssızım mutsuzum sagopa kajmerle kolera ayrıldı senle ayrıldık kıyamet tahmini kopar ,uzgun,şans mutsuz sagopa kajmer kolera ayrıl se ayrıl kıyamet tahmini kop
bi mutsuzum hissi gitmiyor ,uzgun,bi mutsuz hissi git
bakarsam bakıyım mutsuzum ,uzgun,bak bakı mutsuz
erkek arkadaşıma liraya kazak aldım pişmanım ,uzgun,erkek arkadaş lira kazak al pişman
sorma yıldır bezdim günde çekiyorum kendilerini ,uzgun,sor yıldır bez günde çek kendi
hakikaten hayallere giden yol okuldan geçiyor baya bezdim ,uzgun,hakikaten hayal gid yol okul geç bay bez
yediğim yemeklerden pişmanım gözüm yiyemediklerim ,uzgun,ye yemek pişman göz yi
türkiyede diziler saat vallahi bezdim izlemiyorum alın dizinizi başınıza çalın ,uzgun,türkiye dizile saat vallahi bez izle al diz baş çal
haftada eczanelere yaptığım yatırımı fazlasıyla geri ver yarabbim bezdim ,uzgun,hafta eczane yap yatır fazlasıyla geri ver yarabbi bez
yıldım yoruldum tükendim bunaldım bıktım bezdim sıkıldım tahammülsüzleştim sebebi vizeler ,uzgun,yıl yor tüken bunal bık bez sıkıl tahammül sebeb vize
anlık triple sohbet grubundan çıktım pişmanım ,uzgun,anlık trip sohbet grub çık pişman
okudum yazdım sosyal medya bezdim ,uzgun,oku yaz sosyal medya bez
iradesiz insanım vallahi bezdim ,uzgun,irade insan vallahi bez
insanlar tanıdım canımdan bezdim inanın ,uzgun,insan tanı can bez inan
itlik parfümünu üstüme boca ettim güzel kokuyo amq diyip ağlıyorum ,uzgun,it parfümünu üst boca et güzel kokuyo amq di ağl
motivasyon mektubu yazmak bilgisayarı açtım rahmetli alican abinin videoları arasında kayboldum ağlıyorum ,uzgun,motivasyon mektub yaz bilgisayar aç rahmetli alican abi video ara kaybol ağl
abi c2 kızla konuşurken sıralar porto fena yazacağıma sıralar porno fena yazdım ağlıyorum ,uzgun,abi c2 kız konuş sırala porto fena yaz sırala porno fena yaz ağl
tümüyle durmuş zamanda yalnız başına ağlıyorum ,uzgun,tümüyle dur zaman yalnız baş ağl
hayat bilgisi izleyip ağlıyorum psikolojimin farkında mısınız ,uzgun,hayat bilgi izle ağl psikoloji fark mı
aylaya gitmeyin filmden çıkalı saat oldu ağlıyorum ,uzgun,ayla git film çık saat ol ağl
şekeri olamayacak twitler üzgünüm dünya yer ,uzgun,şeker ol twitler üzgün dünya ye
çocuğumuzu berkimizi yitirdik üzgünüm üzgünüz başımız sağolsun ,uzgun,çocuğ berki yitir üzgün üzgü baş sağol
yiğidi kaybettik başımız sağolsun ,uzgun,yiğid kaybet baş sağol
malesef hakkaride askerimiz şehit oldu başımız sağolsun allah yakınlarına ailesine sabır versin ,uzgun,malesef hakkari asker şehit ol baş sağol allah yakın aile sabır ver
acıdır insanın bildiğini anlatamaması deyip susması deyip ağlama kalması ,uzgun,acı insa bil anlat deyip sus deyip ağla kal
fakirim günlerim ağlamak geçiyor ,uzgun,fakir günle ağla geç
ruh halim sürekli ağlamalı anlamsızca canımı sıkıyorum… ,uzgun,ruh halim sürekli ağla anlam can sık
ağlamayla dolu saatler ,uzgun,ağla dolu saat
gece bitti miktar ağlama hisli şarkı dinleyip gözyaşlarımla uykuya dalacağım ,uzgun,gece bit miktar ağla his şark dinle gözyaş uyku dal
neyseki ağlatan diziler varda ağladığımızda sorulmuyor ,uzgun,neyseki ağla dizile varda ağla sor
erken uyandığım zamanlar mutsuz ağlama hisli oluyorum ,uzgun,erken uyan zamanla mutsuz ağla his ol
dünyanın sıkıntılı durumu metroda çişinin gelmesi ağlıyorum şahsen çözümüm yok ,uzgun,dünya sıkıntı durum metro çiş gel ağl şahsen çözüm yok
esra erola bakayım dedim hüngür hüngür ağlıyorum anlık izliyorsunuz ,uzgun,esra erol bak de hüngür hüngür ağl anlık izl
içimi büyük hüzün kapladı duygusal oldum ,uzgun,iç büyük hüzün kapla duygu ol
hüzün kapladı içimi ,uzgun,hüzün kapla iç
içimi hüzün kapladı evimden ayrılıp gidiyorum ,uzgun,iç hüzün kapla ev ayrıl gid
eski fotoğraflara baktım evrim geçirmişim kimler varmış kimler yok olmuş hüzün kapladı içimi ,uzgun,eski fotoğraf bak evrim geçir kim var kim yok ol hüzün kapla iç
leonspiro sahnesinin etkisinden çıkamıyorum içimi hüzün kapladı abv sahne hüzünlü değildi oldu ,uzgun,leonspiro sahne etki çık iç hüzün kapla abv sahne hüzün değil ol
aralar melankoli hüzün kapladı içimi sebebi koparılan çiçekler ,uzgun,arala melankoli hüzün kapla iç sebeb kopar çiçekle
sene önceki günlüğümü buldum saklıcak değildim sebepsizce hüzün kapladı ,uzgun,se önce günlüğ bul saklıcak değil sebep hüzün kapla
dakikada kere ağlıyorum dönem ,uzgun,dakika ker ağl döne
ezhel dinlerken ağlıyorum ruh halim ,uzgun,ezhel dinle ağl ruh halim
dünyada herşeyden bezdim herşeyden sıkıldım ,uzgun,dünyada herşey bez herşey sıkıl
işyerlerinin üniforması hergün giycem düşünmekten bezdim ,uzgun,işyer üniforma hergün giycem düşün bez
bezdim bencil tavırlarınızdan gitmek istiyorum ,uzgun,bez bencil tavır git ist
bezdim yaşamaya üşenen tiplerden resmen hayat enerjimi tükettiler varmış ,uzgun,bez yaşa üşen tip resmen hayat enerji tüket var
vallahi bunaldım iş güç bünyem kaldırmıyor allah an canımı alsa itiraz etmem ,uzgun,vallahi bunal iş güç bünye kaldır allah an can al itiraz et
yoruldum sıkıldım bunaldım galiba kış sendromuna girdim ,uzgun,yor sıkıl bunal galiba kış sendrom gir
hoca salda patlangaç yapıp geliverek bunaldım dertlendim gari ,uzgun,ho sal patlangaç yap geliverek bunal dertlen gari
gece aklıma takılan konu eski sevgilimin muşlu dertlendim ,uzgun,gece akl takıl konu eski sevgili muş dertlen
dertlendim yanımda insan yok iyi gün dostluğu ,uzgun,dertlen yan insan yok iyi gün dostluğ
dertlendim gideyim ders çalışayım ,uzgun,dertlen gid ders çalış
dertlendim birden gideyim sigara yakayım ,uzgun,dertlen birden gid sigar yak
keşke tez yazmak çiçek yetiştirmek olsaydı ay dertlendim ,uzgun,keşke tez yaz çiçek yetiş ol ay dertlen
bak durduk yere aklıma iktisat okuduğum geldi dertlendim ,uzgun,bak dur yer akl iktisat oku gel dertlen
bugün fazlasıyla dertlendim bunlarla yaşayabilirim düşünüyorum ,uzgun,bugün fazlasıyla dertlen bu yaşa düşün
kuzenim trt cocuk dergisini alamadı ağlıyor keske tek derdim ,uzgun,kuzen trt cocuk dergi al ağl kesk tek der
birileri düşündüğünde bildirim gelse keşke ,uzgun,biri düşün bildiri gel keşke
emlağım olsada emlak vergisi ödesem keşke ,uzgun,emlağ olsada emlak vergi öde keşke
keşke aybaşı ay sonu gelmese ,uzgun,keşke aybaşı ay son gel
keşke doktora gitsem ayağım yüzünden izin kağıdı verselerde yarın staja gitmesem ,uzgun,keşke doktor git ayağ yüzünden iz kağıd verselerde yarın staj git
kültür iletişim dergisinin sayısına ulaşabilsem keşke ,uzgun,kültür iletişim dergi sayı ulaş keşke
regl olcağıma saat trigonometri görseydim keşke aynı derecede işkence çeşidi ,uzgun,regl olcağıma saat trigonometri gör keşke aynı derece işkence çeşid
denk gelişler olmasa keşke ,uzgun,denk gel ol keşke
saat uyuyorum mutsuzum ,uzgun,saat uy mutsuz
umut bağlamaktan sıkıldım defasında kırılmış kalp ,uzgun,umut bağla sıkıl defa kır kalp
yalan söylemekten yorulmadın dinlemekten yoruldum ,uzgun,yalan söyle yor dinle yor
murat üzdün ağlayacağım ,uzgun,murat üz ağla
kırgınım özlüyorum ,uzgun,kırgın özl
maçtan moralim bozuk ,uzgun,maç moral bozuk
yağında durumu diyebilirim üzgünüm ,uzgun,yağ durum di üzgün
dizimin sezon finalini izleyeceğim mutsuzum ,uzgun,diz sezon final izle mutsuz
kısa cevaplar terslemelerden sıkıldım sürekli aynı replikler boğuyor ,uzgun,kısa cevapla tersle sıkıl sürekli aynı replik boğ
üzgünüm be baba inan bende istemezdim ,uzgun,üzgün be baba inan ben iste
evlende kurtulayım stalk işinden yeter bıktım ,uzgun,evlende kurtul stalk iş yeter bık
baş ağrısından ağlamak üzereyim ,uzgun,baş ağrı ağla üzere
annemle babamla defter kapladığımız günleri özledim ,uzgun,anne baba defter kapla gün özle
kulaklığının teki bozulmuş mutsuzum tek fark kulaklığım kulağım bozuldu ,uzgun,kulak tek bozul mutsuz tek fark kulak kulağ bozul
uzun zamandır alsel görmüyorum özledim ,uzgun,uzun zaman alsel gör özle
üzgünüm depresyondayım ,uzgun,üzgün depresyon
gerçekten sıkıldım biriniz yardım etsin of ,uzgun,gerçekten sıkıl biri yar et of
dişim çıkıyor ağlamak üzereyim sürünüyorum ,uzgun,diş çık ağla üzere sürün
konuşmanı özledim yazmaya cesaretim yok ,uzgun,konuş özle yaz cesaret yok
yeter buradan sıkıldım ,uzgun,yeter bura sıkıl
üzgünüm üzdüm kankamın gazına gelmiştim ,uzgun,üzgün üz kanka gaz gel
yandı yürekler ateş düştü ocaklara zamana ağlayacak analar ,uzgun,yan yürek ateş düş ocak zaman ağla an
yoruldum tanıdım sanmaktan kırılmaktan kırılan olmaktan… ,uzgun,yor tanı san kır kır ol
dünyaya yetişmeye çalışmaktan yoruldum ,uzgun,dünya yetiş çalış yor
besin zehirlenmesi ağlamak istiyorum ,uzgun,bes zehirle ağla ist
parfüm stoğum bitmek üzerebunu kendime yakıştıramıyorum üzgünüm ,uzgun,parfüm stoğ bit üzerebunu kendi yakış üzgün
olun abinizi ablanızı kesinlike üzmeyin üzdüm pişmanım ,uzgun,ol abi abla kesinlike üz üz pişman
git buralardan arkanda bırak git mutsuzluğunu al yanına gözyaşlarını topla git ,uzgun,git bura arka bırak git mutsuz al yan gözyaş topla git
dönemin alarmına uyandım mutsuzum ,uzgun,döne alarm uyan mutsuz
kaybolan kedime benziyor ağlıyorum an ,uzgun,kaybol kedi benz ağl an
ümitsizlik zor be hafız mutsuzum ,uzgun,ümit zor be hafız mutsuz
kalbim kırık yorgunum ,uzgun,kalb kırık yorgun
kadın hüzün bırakılmışlığı kabullenir ,uzgun,kadın hüzün bırak kabullen
yirmilik çıkarıyorum ağlamak üzereyim ,uzgun,yirmi çıkar ağla üzere
hüzünlendim bugün baya hayatımı sorguladım sonuç bok ,uzgun,hüzünlen bugün bay hayat sorgula sonuç bok
keşke hayatıma sabitleyebilmenin yolu olsaydı ,uzgun,keşke hayat sabitle yol ol
pişman değilim keşke iyi şartlar altında kendime yazık etseydim ,uzgun,pişman değil keşke iyi şartla alt kendi yazık et
hayatı boyunca hata yapar emin ol büyük pişmanlığım sensin ,uzgun,hayat boyunca hata yap emin ol büyük pişman sensin
özledim gökyüzü uçsuz bucaksız ,uzgun,özle gökyüz uç bucak
okulda kaybetmekten sıkıldım okul okul kara delik ,uzgun,okul kaybet sıkıl okul okul kara delik
gece sigaraya başlanır dertliyim ,uzgun,gece sigara başla dert
halbuki derdinle dertlendim ağrım bilsen ,uzgun,halbuki derd dertlen ağrı bil
mutsuzum fazla mutsuz olunabilir ,uzgun,mutsuz fazla mutsuz ol
fena stalka düştüm mutsuzum ,uzgun,fena stalka düş mutsuz
keşke baba kızına sahip çıkıcak delikanlı olsaydı bazılarının mayası bozuk ,uzgun,keşke baba kız sahip çıkıcak delikanlı ol bazı maya bozuk
sevdiğim formamı kaybetmişim moralim bozuk ,uzgun,sev forma kaybet moral bozuk
kaybolmak niyetinde değilim üzgünüm ,uzgun,kaybol niyet değil üzgün
yoruldum değmedi ,uzgun,yor değ
rabbim şahadetini kabul etsin insallah üzgünüm ,uzgun,rabbi şahadet kabul et insallah üzgün
an keşke lisede olsam sabaha batak oynasak yurtta ,uzgun,an keşke lise ol sabaha batak oyna yurt
heijan gözaltına alınmış moralim bozuk ,uzgun,heijan gözaltı alın moral bozuk
sürünerek dershaneye gideceğim mutsuzum ,uzgun,sürün dershane gid mutsuz
yağmur fena yağıyor havada hüzün öyleyse şarkı söyleyelim ,uzgun,yağmur fena yağ hava hüzün öyle şark söyle
an itibari yıkılmış bitmiş durumdayım ,uzgun,an itibari yık bit durum
yıprandım kimseye gücüm yok ,uzgun,yıpran kimse güc yok
başarısız kulüpte olmaktan mutsuzum ,uzgun,başarı kulüp ol mutsuz
beklemekten yıprandım hayatın biçtiği durum sanırım ,uzgun,bekle yıpran hayat biç durum san
olacağı varsa biteceği varsa bitsin yoruldum ,uzgun,ol var bit var bit yor
afrinde canımız şehit oldu üzgünümallahtan rahmet yakınlarına sabır başsağlığı dilerim ,uzgun,afrin can şehit ol üzgünümallahtan rahmet yakın sabır başsağlığı dil
yakın akrabalarla samimi olmayın pişmanlıktır yıldım yıprandım yeminle ,uzgun,yakın akraba samimi ol pişman yıl yıpran yem
yaşından moralim bozuk okula başladım ,uzgun,yaş moral bozuk okul başla
moralim bozuk değilde… çürümüş küflenmiş içine edilmiş ,uzgun,moral bozuk değilde çürü küflen iç ed
dudağım yara oldu kahve içerken değdiğinde acıyor içemiyorum kısaca mutsuzum ,uzgun,dudağ yar ol kahve iç değ ac iç kısa mutsuz
merhaba tükendiğim günlere tekrar dönüş yaptım aşırı mutsuzum ,uzgun,merhaba tüken gün tekrar dönüş yap aşırı mutsuz
be diyebilirim kelimelerimden tükendim ,uzgun,be di kelime tüken
üstüme fondötenle attırdım üzgünüm pahalıydı ,uzgun,üst fondöten at üzgün pahalı
geçtim bak yoruldum ,uzgun,geç bak yor
bugünden yeniden gözlüklü olabilirim üzgünüm ,uzgun,bugünden yeniden gözlük ol üzgün
twit atarken samimi olun yapmacık okumaktan sıkıldım ,uzgun,twit at samimi ol yapmacık oku sıkıl
gün aldığım kötü iyi haberlerden yıprandım ,uzgun,gün al kötü iyi haber yıpran
olmasaydı keşke yıprandım duygularım köreldi ,uzgun,ol keşke yıpran duygu körel
pes etmiyorum boşa çabaladığımı hissediyorum yoruldum anlayabiliyor ,uzgun,pes et boşa çabala hissed yor anla
selam arkadaşlar uykudan uyandım başım acıyor mutsuzum ,uzgun,sela arkadaş uyku uyan baş ac mutsuz
hastayım üşüyorum yalnızım eti karam istiyorum başım ağrıyor uyumak istiyorum mutsuzum birde sensizim ,uzgun,hasta üş yalnız et kara ist baş ağr uyu ist mutsuz bird sen
enerji kaynağı değildim bende tükendim ,uzgun,enerji kaynağ değil ben tüken
gündür kendimi çimen hissetmekten yoruldum ,uzgun,gün kendi çim hisset yor
gerçekten düğünlere özenen insan yıprandım arkadaş ,uzgun,gerçekten düğün özen insan yıpran arkadaş
keşfettimde milletin gözünü görmekten bıktım ,uzgun,keşfettimde millet göz gör bık
üzgünüm zerrenize eyvallahım yok ,uzgun,üzgün zerre eyvallah yok
yaşıma fazla olgun olduğum mutsuzum ,uzgun,yaş fazla olgun ol mutsuz
durup dururken gözlerimin dolmasından sıkıldım ,uzgun,dur dur göz dolma sıkıl
gördüğüm oğlusun diyerek sorguya çekiyorlar bunaldım ,uzgun,gör oğl di sorgu çek bunal
yalandan yılandan hepsinden bezdim ,uzgun,yalandan yılan hepsi bez
yıllar sona birazdan güne gideceğim mutsuzum anne anla ,uzgun,yılla son birazdan gün gid mutsuz anne anla
üzgünüm çizdim pişman değilim ,uzgun,üzgün çiz pişman değil
tahammül sınırlarımı aşıyorsun üzgünüm ,uzgun,tahammül sınır aş üzgün
güzel havalar moralim bozuk olduğunda boşa gitmiş hissediyorum ,uzgun,güzel hava moral bozuk ol boşa git hissed
yaptığım söylediğim bişeyim olay bıktım bezdim tükendim ,uzgun,yap söyle bişeyim olay bık bez tüken
müzik dinlemek istiyorum kulaklığım bozuldu mutsuzum ,uzgun,müzik dinle ist kulak bozul mutsuz
yorgun mutsuz umutsuzum ,uzgun,yorgun mutsuz umut
hissetmediğim özgür olmadığım mutsuz düşünemeyeceğim umutsuzum ,uzgun,hisset özgür ol mutsuz düşün umut
yemin ederim huzurum kalmadı bıktım ,uzgun,yem ed huzur kal bık
kırgınım dönse hayır diyemem ,uzgun,kırgın dön hayır di
kulaklığımı yolda düşürmüşüm üzgünüm ,uzgun,kulak yol düşür üzgün
üzgünüm siri galiba güzel günler sona erecek ,uzgun,üzgün sir galiba güzel günle son er
terbiyemin raf ömrü kadarmış arkadaşlar üzgünüm ,uzgun,terbiye raf ömr kadar arkadaş üzgün
aşırı rahatsız yolculuğa çıktım suratsız mutsuzum ,uzgun,aşırı rahat yolcu çık surat mutsuz
kirpiklerim birbirine yapıştı kirpikle dolaşıyorum mutsuzum an ,uzgun,kirpik birbiri yapış kirpik dolaş mutsuz an
ll dediğim soru yanlız lll çıktı üzgünüm ,uzgun,ll de soru yanlız lll çık üzgün
kaybolmuş gibiyim başlayacağımı bulamıyorum sanırım tükendim ,uzgun,kaybol gibi başla bul san tüken
limonlu aldım mentollü çıktı hüzünlüyüm ,uzgun,limon al mentol çık hüzün
teen wolfu özledim ağlayacağım ,uzgun,teen wolf özle ağla
tevfik sahneyi izlediğimde ağlayacağım kesin ,uzgun,tevfik sahne izle ağla kesin
kötüyüm kötüsüde dökersem içimi toplamaya yardımcı olacak kimsem yok ,uzgun,kötü kötüsüde dök iç topla yardımcı ol kimse yok
telefonumu düşürüp ekranını çatlattım mutsuzum ,uzgun,telefon düşür ekran çatla mutsuz
karşıma çıkan bireyin başta varoluşuna saygı göstermekten yenik düştüm yıprandım ,uzgun,karşı çık birey başta varoluş saygı göster yenik düş yıpran
okulu bitirmeye gram umudum kalmadı ,uzgun,okul bitir gram umud kal
özlesem özledim diyemiyeceğim üzdüler bende susmayı öğrendim ,uzgun,özle özle diyemiyeceğim üz ben sus öğren
kötüyüm merak etmeyin halledemicem ,uzgun,kötü merak et halledemicem
of kütahyada bunaldım ankaraya gideyim deniz havası alayım ,uzgun,of kütahya bunal ankara gid de hava al
biriniz yüzünden hepinize duvarlar ördüm üzgünüm ,uzgun,biri yüzünden hep duvar ör üzgün
hislerimi kontrol edemiyorum üzgünüm ,uzgun,his kontrol ed üzgün
duygusal kitap bitirdim hüzünlüyüm ,uzgun,duygu kitap bitir hüzün
yarın eski okuluma gideceğim baya hüzünlüyüm ,uzgun,yarın eski okul gid bay hüzün
verdiğiniz değerin yarısını alamayınca sizde üzülmüyor musunuz üzülüyorum ,uzgun,ver değer yarı al siz üzül mu üzül
keşke fotoğraflarına bakarken kokunda gelse ,uzgun,keşke fotoğraf bak kok gel
mutsuzluğunu görmemek dert dinleyenlere üzülüyorum cesaret ,uzgun,mutsuz gör dert dinle üzül cesaret
herşey iletişimi kesebileceğim döneme girmek istiyorum tükendim ,uzgun,herşey iletişim kes dön gir ist tüken
ters gidiyor ters yönde miyim diyorum bıktım ,uzgun,ters gid ters yön mi di bık
burnumun ucuna ağ atmış örümcek burnuma doğru tırmanıyodu bıktım hayattan ,uzgun,burn uc ağ at örümcek burn doğru tırmanıyodu bık hayat
mutsuzum umutsuzum çare yarına ,uzgun,mutsuz umut çare yar
an oturmuş anime filmine ağlıyorum ,uzgun,an otur anime film ağl
yaşta hayattan bezdim ,uzgun,yaş hayat bez
bugün arkadaşlarım habersiz buluşmuşlar tanıştırdım buluşması mutsuzum ,uzgun,bugün arkadaş haber buluş tanış buluş mutsuz
böbreklerimi ağrıttı istanbul şişme montumu getirmediğim hayli üzgünüm ,uzgun,böbrek ağrı istanbul şiş mont getir hayli üzgün
internet alt yapım gamer olmama izin vermiyoruz üzgünüm türkiye spor camiası ,uzgun,internet alt yapı gamer ol iz ver üzgün türki spor camia
başımız sağolsun türkiyem vatan şehit olanları unutmayacağız ,uzgun,baş sağol türkiye vatan şehit ol unut
biriniz yüzünden hepinize duvarlar ördüm üzgünüm ,uzgun,biri yüzünden hep duvar ör üzgün
düşme vakti bilmiyorum hüzün kapladı içimi ,uzgun,düş vakt bil hüzün kapla iç
buraları hüzün kapladı galiba ağlıyorsun… gözlerinde sele kapıldım ,uzgun,bura hüzün kapla galiba ağl göz sel kapıl
canımdan bezdim ağzını açtığında ,uzgun,can bez ağz aç
abi sıkıldım bezdim bunaldım daraldım darlandım bıktım yoruldum kırıldım olacak ,uzgun,abi sıkıl bez bunal daral dar bık yor kır ol
şirketin dedikoduları bende toplanıyor bunaldım amk ,uzgun,şirket dedikodu ben top bunal amk
nefes alamıyorsam bunaldım ,uzgun,nefes al bunal
üzgünüm mutsuzum hayatınız yolunda gitmediğinde yaparsınız ,uzgun,üzgün mutsuz hayat yol git yap
yatırım yapsaydım keşke bak dertlendim ,uzgun,yatır yap keşke bak dertlen
insan huzursuz olduğunda gözlerinin içi acıyor ,uzgun,insan huzur ol göz iç ac
hayatta uykunun kıymetini bilmediğimden pişmanım ,uzgun,hayat uyku kıymet bil pişman
sürekli yaptıklarım pişman değilim diyorum köpek pişmanım herşey allah belamı verecek ,uzgun,sürekli yap pişman değil di köpek pişman herşey allah bela ver
aşırı yıprandım tükendim yıldım bıktım ,uzgun,aşırı yıpran tüken yıl bık
keşke erken kalkmak günah ,uzgun,keşke erken kalk günah
irmik helvası yaptım öküz yedim pişmanım ,uzgun,irmik helva yap öküz ye pişman
darılma sıkıldım ,uzgun,darıl sıkıl
sigaram bitti dışarda fırtınalı yağmur kafamı duvara vura vura ağlıyorum ,uzgun,sigara bit dışar fırtına yağmur kafa duvar vur vur ağl
hayli yorulmuştum üstüne yıprandım ,uzgun,hayli yor üstüne yıpran
aşırı yıprandım sakin keyifli olamıyorum mutsuzum ,uzgun,aşırı yıpran sakin keyif ol mutsuz
alışveriş çıksam almadan geri dönüyorum mutsuzum ,uzgun,alışveriş çık al geri dön mutsuz
haftasonu aralıksız saatlerce uyabilecek yoruldum tükendim ağlamak istiyorum ,uzgun,haftason aralık saatlerce uy yor tüken ağla ist
moralim bozuk uykum çalışasım yok ,uzgun,moral bozuk uyku çalış yok
sıkıldım gidip bilimsel makale okuyayım ,uzgun,sıkıl gid bilimsel makale oku
ara iyi uyuyamıyorum mutsuzum ,uzgun,ara iyi uyu mutsuz
yıprandım lisansı bitirip işsiz kaldığım evreye geçmek istiyorum ,uzgun,yıpran lisans bitir iş kal evre geç ist
enteresan oldu kıvanç tatlıtuğu özledim ,uzgun,enteresan ol kıvanç tatlıtuğ özle
özledim sohbetini sesini ,uzgun,özle sohbet se
yalanlarınızdan yoruldum kötü hatırlamak istemedikçe yalan söylemenizden yoruldum ,uzgun,yalan yor kötü hatırla iste yalan söyle yor
aynı şeyleri yapmaktan sıkıldım ,uzgun,aynı şey yap sıkıl
olacağı varsa biteceği varsa bitsin yoruldum ,uzgun,ol var bit var bit yor
istiyorum sonu fiyasko mutsuzum ,uzgun,ist son fiyasko mutsuz
garip canım yanıyor moralim bozuk ,uzgun,garip can yan moral bozuk
üzgünüm birazdan takipten çıkarıp hesabımı gizliye alıcağım fazla acı çekmeye yok ,uzgun,üzgün birazdan takip çıkar hesab gizli alıcağım fazla acı çek yok
